date, pm25, no2, so2, co
2023/1/2, 59, 3, , 
2023/1/3, 40, 3, , 
2023/1/4, 44, 3, , 
2023/1/5, 27, 1, , 
2023/1/6, 43, 1, , 
2023/1/7, 44, , , 
2022/11/15, 59, 5, , 
2022/11/16, 43, 3, , 
2022/11/17, 40, 4, , 
2022/11/18, 47, 4, , 
2022/11/19, 63, 6, , 
2022/11/20, 63, 2, , 
2022/11/21, 82, 6, , 
2022/11/22, 71, 7, , 
2022/11/23, 40, 3, , 
2022/11/24, 53, 6, , 
2022/11/25, 62, 6, , 
2022/11/26, 73, 6, , 
2022/11/27, 83, 5, , 
2022/11/28, 81, 5, , 
2022/11/29, 49, 3, , 
2022/11/30, 42, 3, , 
2022/12/1, 66, 4, , 
2022/12/2, 67, 3, , 
2022/12/3, 72, 4, , 
2022/12/4, 64, 2, , 
2022/12/5, 58, 2, , 
2022/12/6, 51, 3, , 
2022/12/7, 45, 5, , 
2022/12/8, 54, 5, , 
2022/12/9, 98, 8, , 
2022/12/10, 66, 5, , 
2022/12/11, 51, 3, , 
2022/12/12, 42, 4, , 
2022/12/13, 44, 4, , 
2022/12/14, 91, 8, , 
2022/12/15, 84, 9, , 
2022/12/16, 87, 7, , 
2022/12/17, 73, 5, , 
2022/12/18, 80, 4, , 
2022/12/19, 76, 3, 2, 
2022/12/20, 78, 8, 4, 
2022/12/21, 98, 10, 2, 
2022/12/22, 79, 7, 1, 
2022/12/23, 66, 6, 1, 
2022/12/24, 59, 4, , 
2022/12/25, 50, 1, , 
2022/12/26, 54, 2, 1, 
2022/12/27, 44, 2, , 
2022/12/28, 47, 3, , 
2022/12/29, 53, 3, , 
2022/12/30, 59, 5, , 
2022/12/31, 61, 2, , 
2023/1/1, 53, 1, , 
2022/7/1, 42, 1, , 
2022/7/2, 45, 1, 1, 
2022/7/3, 27, 3, 1, 
2022/7/4, 33, 3, 1, 
2022/7/5, 41, 3, 1, 
2022/7/6, 24, 3, , 
2022/7/7, 25, 3, 1, 
2022/7/8, 29, 1, , 
2022/7/9, 24, 1, , 
2022/7/10, 25, 3, , 
2022/7/11, 18, 2, 1, 
2022/7/12, 19, 3, , 
2022/7/13, 15, 3, , 
2022/7/14, 24, 4, , 
2022/7/15, 25, 2, , 
2022/7/16, 27, 2, , 
2022/7/17, 21, 4, , 
2022/7/18, 28, 3, , 
2022/7/19, 24, 5, , 
2022/7/20, 36, 8, 1, 
2022/7/21, 33, 6, 1, 
2022/7/22, 50, 3, , 
2022/7/23, 49, 1, , 
2022/7/24, 29, 2, , 
2022/7/25, 20, 1, , 
2022/7/26, 26, 3, , 
2022/7/27, 20, 5, , 
2022/7/28, 28, 3, , 
2022/7/29, 21, 1, 1, 
2022/7/30, 27, 2, , 
2022/7/31, 30, 5, , 
2022/8/1, 16, 7, , 
2022/8/2, 31, 7, , 
2022/8/3, 38, 7, , 
2022/8/4, 38, 5, 1, 
2022/8/5, 42, 3, , 
2022/8/6, 39, 4, , 
2022/8/7, 18, 4, , 
2022/8/8, 22, 4, , 
2022/8/9, 20, 5, , 
2022/8/10, 23, 5, , 
2022/8/11, 32, 3, 1, 
2022/8/12, 36, 2, 1, 
2022/8/13, 36, 1, 1, 
2022/8/14, 38, 2, , 
2022/8/15, 42, 3, , 
2022/8/16, 44, 6, , 
2022/8/17, 49, 5, 1, 
2022/8/18, 51, 4, , 
2022/8/19, 38, 1, 1, 
2022/8/20, 32, 1, , 
2022/8/21, 26, 3, , 
2022/8/22, 46, 6, , 
2022/8/23, 56, 5, 1, 
2022/8/24, 91, 5, , 
2022/8/25, 50, 3, , 
2022/8/26, 41, 5, , 
2022/8/27, 45, 5, 1, 
2022/8/28, 49, 5, 1, 
2022/8/29, 45, 4, , 
2022/8/30, 24, 4, , 
2022/8/31, 18, 6, , 
2022/9/1, 24, 9, , 
2022/4/1, 32, 5, 1, 
2022/4/2, 38, 3, , 
2022/4/3, 36, 4, 2, 
2022/4/4, 59, 4, 2, 
2022/4/5, 43, 4, 1, 
2022/4/6, 44, 2, 2, 
2022/4/7, 52, 2, , 
2022/4/8, 25, 3, , 
2022/4/9, 39, 3, , 
2022/4/10, 45, 5, , 
2022/4/11, 47, 10, , 
2022/4/12, 56, 17, , 
2022/4/13, 64, 10, 1, 
2022/4/14, 70, 6, 3, 
2022/4/15, 58, 2, 1, 
2022/4/16, 34, 2, , 
2022/4/17, 34, 2, , 
2022/4/18, 28, 3, 1, 
2022/4/19, 33, 6, 2, 
2022/4/20, 39, 5, , 
2022/4/21, 38, 3, , 
2022/4/22, 34, 4, , 
2022/4/23, 20, 4, , 
2022/4/24, 28, 5, , 
2022/4/25, 35, 5, , 
2022/4/26, 40, 6, , 
2022/4/27, 42, 7, , 
2022/4/28, 40, 9, , 
2022/4/29, 63, 3, 1, 
2022/4/30, 40, 2, , 
2022/5/1, 31, 6, , 
2022/5/2, 46, 7, , 
2022/5/3, 50, 3, 1, 
2022/5/4, 29, 3, 1, 
2022/5/5, 36, 8, 2, 
2022/5/6, 52, 7, 2, 
2022/5/7, 53, 3, 1, 
2022/5/8, 39, 3, , 
2022/5/9, 26, 6, , 
2022/5/10, 32, 7, 3, 
2022/5/11, 54, 4, 2, 
2022/5/12, 42, 6, , 
2022/5/13, 32, 3, 1, 
2022/5/14, 39, 2, 1, 
2022/5/15, 26, 3, , 
2022/5/16, 26, 2, , 
2022/5/17, 24, 3, 1, 
2022/5/18, 21, 7, 1, 
2022/5/19, 38, 5, 3, 
2022/5/20, 46, 4, 1, 
2022/5/21, 31, 2, , 
2022/5/22, 18, 5, , 
2022/5/23, 29, 7, , 
2022/5/24, 41, 5, 1, 
2022/5/25, 45, 3, , 
2022/5/26, 31, 4, , 
2022/5/27, 30, 1, , 
2022/5/28, 25, 2, , 
2022/5/29, 29, 6, , 
2022/5/30, 37, 4, , 
2022/5/31, 41, 5, 1, 
2022/6/1, 42, 5, , 
2022/6/2, 40, 5, , 
2022/6/3, 35, 3, 1, 
2022/6/4, 41, 3, , 
2022/6/5, 36, 4, 2, 
2022/6/6, 38, 4, 1, 
2022/6/7, 45, 5, , 
2022/6/8, 49, 3, , 
2022/6/9, 46, 3, 1, 
2022/6/10, 49, 1, , 
2022/6/11, 23, 3, , 
2022/6/12, 33, 5, , 
2022/6/13, 35, 2, , 
2022/6/14, 23, 5, , 
2022/6/15, 28, 3, 1, 
2022/6/16, 30, 3, , 
2022/6/17, 27, 3, , 
2022/6/18, 33, 2, , 
2022/6/19, 44, 4, , 
2022/6/20, 35, 2, , 
2022/6/21, 18, 2, , 
2022/6/22, 21, 6, , 
2022/6/23, 30, 6, , 
2022/6/24, 35, 3, , 
2022/6/25, 37, 3, , 
2022/6/26, 44, 3, , 
2022/6/27, 49, 3, 1, 
2022/6/28, 43, 3, 1, 
2022/6/29, 59, 2, , 
2022/6/30, 51, 2, , 
2022/1/3, 29, 4, , 2
2022/1/4, 45, 6, , 3
2022/1/5, 38, 3, , 2
2022/1/6, 33, 5, , 2
2022/1/7, 52, 3, , 2
2022/1/8, 61, 6, , 3
2022/1/9, 81, 10, , 3
2022/1/10, 73, 9, , 3
2022/1/11, 65, 15, , 7
2022/1/12, 125, 6, 3, 3
2022/1/13, 68, 2, 1, 2
2022/1/14, 24, 3, , 2
2022/1/15, 23, 3, , 2
2022/1/16, 77, 3, , 2
2022/1/17, 35, 6, 1, 2
2022/1/18, 35, 5, 1, 3
2022/1/19, 66, 3, , 2
2022/1/20, 52, 2, , 2
2022/1/21, 18, 2, , 2
2022/1/22, 33, 9, , 5
2022/1/23, 57, 8, , 4
2022/1/24, 93, 9, 2, 3
2022/1/25, 71, 8, , 2
2022/1/26, 51, 5, 1, 2
2022/1/27, 47, 2, 2, 1
2022/1/28, 26, 2, , 1
2022/1/29, 36, , 1, 1
2022/1/30, 22, 3, , 1
2022/1/31, 19, 4, , 2
2022/2/1, 35, 6, , 3
2022/2/2, 61, 6, , 2
2022/2/3, 51, 6, , 3
2022/2/4, 87, 3, 1, 2
2022/2/5, 49, 2, , 2
2022/2/6, 37, 4, , 2
2022/2/7, 29, 3, , 2
2022/2/8, 38, 3, 1, 1
2022/2/9, 37, 5, , 2
2022/2/10, 40, 6, , 2
2022/2/11, 42, 3, , 2
2022/2/12, 41, 2, , 2
2022/2/13, 54, 4, , 3
2022/2/14, 62, 4, 1, 3
2022/2/15, 80, 4, 1, 3
2022/2/16, 83, 3, 2, 2
2022/2/17, 29, 2, , 2
2022/2/18, 25, 1, , 2
2022/2/19, 25, 2, , 2
2022/2/20, 43, 2, 2, 1
2022/2/21, 28, 3, , 2
2022/2/22, 23, 5, , 2
2022/2/23, 54, 3, , 1
2022/2/24, 36, 5, 1, 2
2022/2/25, 35, 8, , 2
2022/2/26, 58, 5, , 2
2022/2/27, 39, 12, , 2
2022/2/28, 43, 16, , 4
2022/3/1, 82, 17, , 3
2022/3/2, 67, 12, 1, 3
2022/3/3, 86, 9, , 2
2022/3/4, 57, 6, , 2
2022/3/5, 32, 10, , 4
2022/3/6, 82, 6, 1, 2
2022/3/7, 39, 4, , 1
2022/3/8, 23, 6, 1, 2
2022/3/9, 41, 5, , 2
2022/3/10, 42, 14, , 4
2022/3/11, 65, 13, , 4
2022/3/12, 91, 4, 3, 2
2022/3/13, 72, 9, , 3
2022/3/14, 69, 15, 3, 6
2022/3/15, 113, 8, 1, 3
2022/3/16, 87, 5, , 2
2022/3/17, 58, 11, , 4
2022/3/18, 75, 18, , 6
2022/3/19, 116, 19, 1, 7
2022/3/20, 111, 24, 2, 7
2022/3/21, 99, 23, 2, 9
2022/3/22, 114, 11, 2, 5
2022/3/23, 108, 5, 1, 2
2022/3/24, 65, , , 
2022/3/27, 26, 3, 2, 
2022/3/28, 40, 4, 1, 
2022/3/29, 43, 5, , 
2022/3/30, 42, 3, , 
2022/3/31, 29, 4, 1, 
2021/10/1, 39, 3, , 2
2021/10/2, 63, 2, , 2
2021/10/3, 56, 4, , 2
2021/10/4, 45, 2, , 2
2021/10/5, 53, 2, , 2
2021/10/6, 51, 4, , 1
2021/10/7, 51, 9, , 2
2021/10/8, 56, 9, , 
2021/10/9, 79, 9, , 
2021/10/10, 85, 10, , 
2021/10/11, 66, 12, , 
2021/10/12, 87, 8, 1, 
2021/10/13, 57, 6, , 
2021/10/14, 41, 4, 1, 
2021/10/15, 57, 3, , 
2021/10/16, 38, 2, , 
2021/10/17, 48, 11, , 3
2021/10/18, 61, 6, , 2
2021/10/19, 58, 5, 2, 1
2021/10/20, 59, 3, 4, 2
2021/10/21, 49, 2, , 1
2021/10/22, 17, 2, , 1
2021/10/23, 26, 5, , 2
2021/10/24, 32, 4, , 2
2021/10/25, 49, 8, , 3
2021/10/26, 76, 6, 1, 2
2021/10/27, 68, 7, 1, 2
2021/10/28, 52, 4, 2, 2
2021/10/29, 66, 3, 1, 2
2021/10/30, 85, 3, 1, 3
2021/10/31, 83, 2, , 2
2021/11/1, 70, 4, , 2
2021/11/2, 92, 6, , 3
2021/11/3, 66, 4, , 2
2021/11/4, 61, 3, , 2
2021/11/5, 34, 2, , 2
2021/11/6, 47, 2, , 2
2021/11/7, 52, 7, , 2
2021/11/8, 39, 4, , 2
2021/11/9, 41, 4, , 2
2021/11/10, 63, 6, , 3
2021/11/11, 108, 8, , 3
2021/11/12, 84, 3, , 3
2021/11/13, 61, 3, , 2
2021/11/14, 86, 5, , 2
2021/11/15, 64, 4, , 2
2021/11/16, 93, 4, , 3
2021/11/17, 96, 5, 1, 2
2021/11/18, 64, 3, 1, 2
2021/11/19, 24, 1, , 1
2021/11/20, 28, 2, , 2
2021/11/21, 36, 10, , 3
2021/11/22, 53, 7, , 2
2021/11/23, 54, 5, 1, 2
2021/11/24, 65, 5, , 2
2021/11/25, 78, 6, , 2
2021/11/26, 87, 4, , 3
2021/11/27, 53, 4, , 3
2021/11/28, 81, 5, , 3
2021/11/29, 32, 4, , 2
2021/11/30, 41, 6, , 2
2021/12/1, 56, 2, , 2
2021/12/2, 33, 3, , 2
2021/12/3, 37, 5, , 2
2021/12/4, 59, 5, , 3
2021/12/5, 70, 7, , 3
2021/12/6, 80, 6, , 2
2021/12/7, 63, 4, , 2
2021/12/8, 53, 4, , 2
2021/12/9, 53, 6, 1, 3
2021/12/10, 45, 8, , 5
2021/12/11, 78, 4, , 3
2021/12/12, 80, 9, , 3
2021/12/13, 77, 6, , 3
2021/12/14, 77, 11, , 4
2021/12/15, 74, 5, 2, 2
2021/12/16, 49, 3, , 2
2021/12/17, 22, 3, , 2
2021/12/18, 35, 1, 1, 1
2021/12/19, 28, 3, , 2
2021/12/20, 17, 7, , 2
2021/12/21, 36, 12, , 4
2021/12/22, 62, 5, , 3
2021/12/23, 81, , , 
2021/12/26, 73, 5, , 3
2021/12/27, 104, 2, , 2
2021/12/28, 56, 3, , 2
2021/12/29, 60, 8, 1, 4
2021/12/30, 105, 5, 4, 3
2021/12/31, 44, , 2, 2
2022/1/1, 32, 1, , 2
2022/1/2, 40, 3, 1, 2
2021/7/1, 67, 5, , 2
2021/7/2, 22, 3, , 2
2021/7/3, 25, 3, , 2
2021/7/4, 27, 3, , 3
2021/7/5, 52, 3, , 3
2021/7/6, 46, 2, , 3
2021/7/7, 50, 2, , 2
2021/7/8, 41, 2, , 3
2021/7/9, 51, , , 
2021/7/12, 61, 3, , 2
2021/7/13, 54, 2, , 3
2021/7/14, 54, 3, , 3
2021/7/15, 72, 3, 2, 7
2021/7/16, 70, 2, 1, 2
2021/7/17, 60, 1, , 2
2021/7/18, 42, 3, , 2
2021/7/19, 38, 3, , 2
2021/7/20, 33, 3, , 1
2021/7/21, 30, 5, , 1
2021/7/22, 23, 6, , 2
2021/7/23, 47, 6, , 2
2021/7/24, 51, 3, , 2
2021/7/25, 59, 3, , 2
2021/7/26, 56, 2, , 3
2021/7/27, 46, 3, , 2
2021/7/28, 47, 3, , 2
2021/7/29, 35, 4, , 2
2021/7/30, 40, 2, , 2
2021/7/31, 47, 2, , 2
2021/8/1, 37, 3, , 2
2021/8/2, 27, 4, , 2
2021/8/3, 34, 6, , 2
2021/8/4, 34, 4, , 2
2021/8/5, 26, 3, , 2
2021/8/6, 17, 1, , 2
2021/8/7, 23, 1, , 2
2021/8/8, 40, 6, , 2
2021/8/9, 36, 6, , 2
2021/8/10, 37, 4, , 2
2021/8/11, 35, 5, , 2
2021/8/12, 27, 4, , 2
2021/8/13, 42, 4, , 3
2021/8/14, 53, 5, , 2
2021/8/15, 42, 4, , 2
2021/8/16, 41, 3, , 2
2021/8/17, 23, 3, , 2
2021/8/18, 34, 4, , 2
2021/8/19, 29, 5, , 2
2021/8/20, 38, 3, , 2
2021/8/21, 22, 4, , 2
2021/8/22, 31, 5, , 2
2021/8/23, 33, 4, , 2
2021/8/24, 25, 3, , 2
2021/8/25, 27, 3, , 2
2021/8/26, 45, 4, , 3
2021/8/27, 27, 4, , 3
2021/8/28, 29, 1, , 2
2021/8/29, 46, 5, , 3
2021/8/30, 41, 4, , 2
2021/8/31, 20, 2, , 2
2021/9/1, 21, 3, , 2
2021/9/2, 21, 3, 1, 2
2021/9/3, 25, 4, , 2
2021/9/4, 19, 6, , 2
2021/9/5, 33, 9, , 4
2021/9/6, 50, 10, , 4
2021/9/7, 47, 11, 1, 3
2021/9/8, 59, 6, , 2
2021/9/9, 63, 9, 1, 3
2021/9/10, 60, 6, 1, 2
2021/9/11, 57, 3, 1, 2
2021/9/12, 52, 6, , 2
2021/9/13, 35, 6, , 2
2021/9/14, 25, 4, , 2
2021/9/15, 37, 4, , 2
2021/9/16, 49, 5, , 3
2021/9/17, 37, 3, , 2
2021/9/18, 12, 2, , 2
2021/9/19, 18, 4, , 2
2021/9/20, 22, 6, , 2
2021/9/21, 31, 5, , 2
2021/9/22, 38, 6, 1, 2
2021/9/23, 51, 3, , 2
2021/9/24, 22, 3, 1, 2
2021/9/25, 35, 5, , 2
2021/9/26, 37, 4, , 2
2021/9/27, 31, 5, , 2
2021/9/28, 41, 3, , 2
2021/9/29, 45, 4, , 3
2021/9/30, 51, 7, 1, 3
2021/4/1, 78, 3, , 1
2021/4/2, 29, 2, , 2
2021/4/3, 28, 1, , 1
2021/4/4, 29, , , 2
2021/4/5, 53, 2, , 1
2021/4/6, 37, 4, , 1
2021/4/7, 50, 3, , 1
2021/4/8, 49, 2, , 1
2021/4/9, 50, 5, , 2
2021/4/10, 69, 2, , 2
2021/4/11, 60, 7, , 3
2021/4/12, 74, 3, , 1
2021/4/13, 41, 4, , 1
2021/4/14, 33, 5, , 2
2021/4/15, 37, 6, , 2
2021/4/16, 39, 4, , 3
2021/4/17, 51, 8, , 3
2021/4/18, 81, 4, , 2
2021/4/19, 59, 8, , 2
2021/4/20, 58, 6, , 2
2021/4/21, 70, 3, , 1
2021/4/22, 50, 3, , 1
2021/4/23, 16, 3, , 1
2021/4/24, 30, 2, , 1
2021/4/25, 27, 5, , 1
2021/4/26, 29, 10, , 2
2021/4/27, 40, 8, , 3
2021/4/28, 74, 3, , 2
2021/4/29, 56, 4, , 2
2021/4/30, 66, 3, , 2
2021/5/1, 46, 2, , 2
2021/5/2, 41, 1, , 1
2021/5/3, 22, 2, , 1
2021/5/4, 40, 4, , 2
2021/5/5, 36, 2, , 1
2021/5/6, 34, 9, , 2
2021/5/7, 41, 3, , 1
2021/5/8, 38, 1, , 1
2021/5/9, 40, 2, , 1
2021/5/10, 42, 2, , 1
2021/5/11, 39, 3, , 2
2021/5/12, 38, 5, , 2
2021/5/13, 34, 3, , 2
2021/5/14, 38, 5, , 2
2021/5/15, 52, 3, , 2
2021/5/16, 50, 7, , 2
2021/5/17, 36, 5, , 2
2021/5/18, 31, 3, , 2
2021/5/19, 33, 3, , 1
2021/5/20, 30, 4, , 1
2021/5/21, 35, 2, , 2
2021/5/22, 35, 2, , 2
2021/5/23, 32, 4, , 1
2021/5/24, 30, 4, , 2
2021/5/25, 39, 3, , 1
2021/5/26, 36, 4, , 2
2021/5/27, 27, 10, , 2
2021/5/28, 44, 4, , 2
2021/5/29, 39, 3, , 1
2021/5/30, 29, 7, , 1
2021/5/31, 29, 8, , 2
2021/6/1, 51, 7, , 2
2021/6/2, 41, 6, , 2
2021/6/3, 46, 10, , 2
2021/6/4, 51, 8, , 2
2021/6/5, 49, 3, , 1
2021/6/6, 38, 5, , 2
2021/6/7, 44, 5, , 1
2021/6/8, 44, 4, , 1
2021/6/9, 38, 6, , 2
2021/6/10, 37, 6, , 2
2021/6/11, 35, 4, , 2
2021/6/12, 36, 1, , 1
2021/6/13, 21, 6, , 1
2021/6/14, 26, 9, , 1
2021/6/15, 53, 5, , 1
2021/6/16, 34, 5, , 2
2021/6/17, 40, 5, , 2
2021/6/18, 48, 3, , 2
2021/6/19, 52, 2, , 2
2021/6/20, 46, 5, , 3
2021/6/21, 42, 4, , 4
2021/6/22, 51, 6, , 5
2021/6/23, 64, 9, , 4
2021/6/24, 49, 5, , 5
2021/6/25, 53, 2, , 4
2021/6/26, 34, 1, , 4
2021/6/27, 32, 8, , 3
2021/6/28, 40, 6, , 3
2021/6/29, 38, 4, , 3
2021/6/30, 53, 4, , 4
2021/1/4, 50, 2, , 2
2021/1/5, 46, 2, , 2
2021/1/6, 52, 4, , 3
2021/1/7, 64, 7, , 3
2021/1/8, 80, 5, , 2
2021/1/9, 78, 4, , 2
2021/1/10, 78, 4, , 3
2021/1/11, 79, 3, , 3
2021/1/12, 79, 8, , 3
2021/1/13, 76, 6, , 2
2021/1/14, 50, 6, , 2
2021/1/15, 60, 4, , 2
2021/1/16, 76, 10, , 5
2021/1/17, 112, 18, 2, 8
2021/1/18, 171, 13, 1, 10
2021/1/19, 172, 7, 1, 10
2021/1/20, 134, 5, , 3
2021/1/21, 94, 4, , 3
2021/1/22, 85, 3, , 3
2021/1/23, 67, 3, , 3
2021/1/24, 73, 5, , 2
2021/1/25, 67, 3, , 2
2021/1/26, 27, 6, , 2
2021/1/27, 40, 7, , 2
2021/1/28, 52, 12, , 3
2021/1/29, 77, 9, , 3
2021/1/30, 89, 4, , 2
2021/1/31, 47, 11, , 4
2021/2/1, 111, 4, , 3
2021/2/2, 91, 12, , 6
2021/2/3, 138, 4, , 2
2021/2/4, 44, 12, , 4
2021/2/5, 92, 8, , 2
2021/2/6, 84, 5, , 3
2021/2/7, 82, 2, , 2
2021/2/8, 49, 5, , 2
2021/2/9, 54, 12, , 3
2021/2/10, 100, 7, , 2
2021/2/11, 90, 4, , 1
2021/2/12, 49, 6, , 2
2021/2/13, 43, 2, , 1
2021/2/14, 30, 9, , 2
2021/2/15, 50, 5, , 3
2021/2/16, 94, 8, 1, 3
2021/2/17, 79, 6, , 3
2021/2/18, 73, 4, 2, 3
2021/2/19, 87, 8, , 4
2021/2/20, 106, 6, , 4
2021/2/21, 102, 19, , 8
2021/2/22, 141, 18, 1, 9
2021/2/23, 172, 17, 1, 6
2021/2/24, 155, 12, 1, 5
2021/2/25, 127, 8, , 3
2021/2/26, 84, 2, , 2
2021/2/27, 28, 2, , 2
2021/2/28, 39, 4, , 2
2021/3/1, 54, 3, , 2
2021/3/2, 61, 4, , 2
2021/3/3, 64, 8, , 3
2021/3/4, 98, 8, , 2
2021/3/5, 47, 1, , 2
2021/3/6, 40, 1, , 2
2021/3/7, 38, 4, , 2
2021/3/8, 26, 10, , 3
2021/3/9, 56, 6, , 3
2021/3/10, 77, 4, , 2
2021/3/11, 80, 5, , 3
2021/3/12, 67, 3, , 2
2021/3/13, 62, , , 1
2021/3/14, 28, 6, , 3
2021/3/15, 50, 8, , 3
2021/3/16, 62, 4, , 2
2021/3/17, 44, 7, , 2
2021/3/18, 47, 5, , 2
2021/3/19, 47, 2, , 2
2021/3/20, 39, 3, , 2
2021/3/21, 65, 4, , 1
2021/3/22, 22, 6, , 2
2021/3/23, 32, 13, , 4
2021/3/24, 95, 7, , 2
2021/3/25, 75, 7, , 2
2021/3/26, 93, 4, , 2
2021/3/27, 101, 4, , 2
2021/3/28, 54, 4, , 2
2021/3/29, 65, 5, , 3
2021/3/30, 77, 8, , 3
2021/3/31, 62, 7, , 3
2020/10/1, 64, 4, , 3
2020/10/2, 81, 1, , 3
2020/10/3, 39, 1, , 2
2020/10/4, 34, 3, , 2
2020/10/5, 40, 3, , 2
2020/10/6, 28, 5, , 2
2020/10/7, 42, 9, , 3
2020/10/8, 61, 4, , 2
2020/10/9, 42, 3, , 2
2020/10/10, 46, 3, , 2
2020/10/11, 33, 8, , 2
2020/10/12, 37, 5, , 2
2020/10/13, 16, 4, , 2
2020/10/14, 15, 8, , 3
2020/10/15, 47, 6, , 2
2020/10/16, 39, 4, , 2
2020/10/17, 30, 2, , 2
2020/10/18, 37, 5, , 2
2020/10/19, 45, 6, , 2
2020/10/20, 51, 6, , 3
2020/10/21, 59, 6, , 2
2020/10/22, 56, 9, , 4
2020/10/23, 71, 4, , 3
2020/10/24, 54, 2, , 2
2020/10/25, 52, 2, , 2
2020/10/26, 60, 3, , 2
2020/10/27, 64, 4, , 2
2020/10/28, 78, 6, , 2
2020/10/29, 80, 7, , 2
2020/10/30, 49, 6, , 2
2020/10/31, 56, 4, , 3
2020/11/1, 50, 3, , 2
2020/11/2, 57, 8, , 3
2020/11/3, 52, 8, , 2
2020/11/4, 52, 4, , 2
2020/11/5, 50, 4, , 2
2020/11/6, 30, 3, , 2
2020/11/7, 44, 6, , 2
2020/11/8, 69, 11, , 4
2020/11/9, 69, 12, , 5
2020/11/10, 97, 3, , 2
2020/11/11, 57, 3, , 2
2020/11/12, 61, 3, , 3
2020/11/13, 49, 6, , 4
2020/11/14, 106, 4, , 4
2020/11/15, 107, 3, , 3
2020/11/16, 69, 9, , 3
2020/11/17, 67, 6, , 3
2020/11/18, 72, 4, , 2
2020/11/19, 56, 5, , 2
2020/11/20, 31, 4, , 2
2020/11/21, 52, 2, , 2
2020/11/22, 59, 3, , 2
2020/11/23, 41, 4, , 2
2020/11/24, 39, 8, , 3
2020/11/25, 78, 9, , 3
2020/11/26, 125, 6, , 2
2020/11/27, 55, 3, , 1
2020/11/28, 33, 2, , 1
2020/11/29, 39, 6, , 3
2020/11/30, 58, 7, , 3
2020/12/1, 86, 7, , 3
2020/12/2, 80, 3, , 3
2020/12/3, 67, 2, , 2
2020/12/4, 49, 1, , 2
2020/12/5, 48, 1, , 2
2020/12/6, 53, 2, , 2
2020/12/7, 44, 2, , 2
2020/12/8, 63, 3, , 2
2020/12/9, 73, 4, , 2
2020/12/10, 70, 4, , 3
2020/12/11, 54, 2, , 2
2020/12/12, 67, 3, , 2
2020/12/13, 64, 8, , 4
2020/12/14, 71, 3, , 2
2020/12/15, 60, 6, , 4
2020/12/16, 86, 7, , 5
2020/12/17, 87, 7, , 4
2020/12/18, 97, 6, , 3
2020/12/19, 96, , , 
2020/12/21, 78, 3, , 3
2020/12/22, 74, 7, , 3
2020/12/23, 40, 3, , 2
2020/12/24, 43, , , 2
2020/12/25, 22, , , 2
2020/12/26, 25, , , 2
2020/12/27, 55, 1, , 2
2020/12/28, 42, 2, , 2
2020/12/29, 45, 5, , 3
2020/12/30, 48, 3, , 2
2020/12/31, 67, 2, , 2
2021/1/1, 62, 3, , 3
2021/1/2, 98, 3, , 3
2021/1/3, 72, 4, , 3
2020/7/1, 41, 2, , 2
2020/7/2, 30, 3, , 2
2020/7/3, 39, 3, , 2
2020/7/4, 28, 1, , 2
2020/7/5, 38, 3, , 2
2020/7/6, 40, 3, , 1
2020/7/7, 20, 2, , 1
2020/7/8, 26, 2, , 1
2020/7/9, 31, 2, , 2
2020/7/10, 39, 3, , 1
2020/7/11, 22, 3, , 1
2020/7/12, 22, 4, , 1
2020/7/13, 25, 6, , 1
2020/7/14, 22, 8, , 2
2020/7/15, 28, 7, , 2
2020/7/16, 46, 8, , 2
2020/7/17, 40, 3, , 1
2020/7/18, 33, 4, , 2
2020/7/19, 35, 3, , 2
2020/7/20, 37, 3, , 1
2020/7/21, 26, 3, , 1
2020/7/22, 20, 5, , 1
2020/7/23, 24, 3, , 1
2020/7/24, 27, 3, , 2
2020/7/25, 33, 4, , 2
2020/7/26, 27, 7, , 2
2020/7/27, 48, 1, , 2
2020/7/28, 23, , , 
2020/8/19, 30, 4, , 1
2020/8/20, 32, 10, , 2
2020/8/21, 32, 3, , 2
2020/8/22, 42, 2, , 2
2020/8/23, 22, 6, , 2
2020/8/24, 35, 6, , 1
2020/8/25, 31, 4, , 1
2020/8/26, 27, 3, , 1
2020/8/27, 11, 5, , 2
2020/8/28, 23, 2, , 2
2020/8/29, 31, 3, 51, 2
2020/8/30, 40, 4, 2, 1
2020/8/31, 17, 5, , 1
2020/9/1, 22, 4, , 1
2020/9/2, 18, 3, , 1
2020/9/3, 22, 4, , 1
2020/9/4, 33, 3, , 2
2020/9/5, 30, 3, , 1
2020/9/6, 20, 5, , 1
2020/9/7, 25, 2, , 1
2020/9/8, 27, 3, , 2
2020/9/9, 27, 6, , 1
2020/9/10, 38, 7, , 1
2020/9/11, 36, 3, , 2
2020/9/12, 42, 3, , 1
2020/9/13, 38, 9, , 2
2020/9/14, 43, 11, 3, 3
2020/9/15, 45, 4, , 2
2020/9/16, 53, 2, , 1
2020/9/17, 32, 5, , 1
2020/9/18, 18, 9, , 3
2020/9/19, 40, 7, , 3
2020/9/20, 48, 9, , 2
2020/9/21, 34, 8, , 2
2020/9/22, 50, 7, , 2
2020/9/23, 56, 4, , 2
2020/9/24, 60, 4, , 2
2020/9/25, 48, 1, , 2
2020/9/26, 48, 2, , 2
2020/9/27, 42, 3, , 2
2020/9/28, 36, 5, , 2
2020/9/29, 38, 6, , 2
2020/9/30, 50, 4, , 2
2020/4/1, 44, 2, , 1
2020/4/2, 57, 4, , 2
2020/4/3, 55, 5, , 2
2020/4/4, 39, 9, , 4
2020/4/5, 83, 5, , 3
2020/4/6, 67, 4, 1, 2
2020/4/7, 75, 8, , 3
2020/4/8, 45, 5, , 2
2020/4/9, 59, 6, , 2
2020/4/10, 33, 4, , 2
2020/4/11, 46, 1, , 2
2020/4/12, 47, 1, , 2
2020/4/13, 38, 2, , 2
2020/4/14, 19, 3, , 2
2020/4/15, 40, 3, , 2
2020/4/16, 40, 4, , 1
2020/4/17, 32, 4, , 2
2020/4/18, 38, 3, , 1
2020/4/19, 36, 7, , 2
2020/4/20, 51, 10, , 3
2020/4/21, 55, 7, , 2
2020/4/22, 40, 5, , 2
2020/4/23, 49, 6, , 2
2020/4/24, 38, 2, , 2
2020/4/25, 34, 3, , 2
2020/4/26, 24, 2, , 1
2020/4/27, 35, 2, , 1
2020/4/28, 40, 3, , 2
2020/4/29, 39, 3, , 2
2020/4/30, 29, 1, , 2
2020/5/1, 42, 2, , 2
2020/5/2, 39, 3, , 2
2020/5/3, 38, 7, , 2
2020/5/4, 32, 6, , 2
2020/5/5, 54, 3, , 2
2020/5/6, 29, 3, , 2
2020/5/7, 25, 6, , 2
2020/5/8, 35, 4, , 2
2020/5/9, 44, 6, , 2
2020/5/10, 41, 2, , 2
2020/5/11, 40, 2, , 1
2020/5/12, 21, 3, , 1
2020/5/13, 44, 3, , 1
2020/5/14, 28, 5, , 1
2020/5/15, 38, 3, , 1
2020/5/16, 40, 2, , 2
2020/5/17, 40, 3, , 2
2020/5/18, 25, 3, , 2
2020/5/19, 37, 2, , 1
2020/5/20, 23, 2, , 1
2020/5/21, 25, 5, , 1
2020/5/22, 34, 5, , 1
2020/5/23, 41, 4, , 2
2020/5/24, 36, 8, , 2
2020/5/25, 34, 5, , 1
2020/5/26, 30, 4, , 1
2020/5/27, 34, 6, , 2
2020/5/28, 68, 3, , 1
2020/5/29, 23, 2, , 2
2020/5/30, 23, 2, , 2
2020/5/31, 19, 3, , 1
2020/6/1, 18, 3, , 1
2020/6/2, 25, 3, , 2
2020/6/3, 19, 5, , 2
2020/6/4, 23, 2, , 2
2020/6/5, 28, 2, , 1
2020/6/6, 22, 2, , 2
2020/6/7, 41, 3, , 2
2020/6/8, 39, 3, , 2
2020/6/9, 33, 5, , 2
2020/6/10, 35, 1, , 2
2020/6/11, 34, 2, , 2
2020/6/12, 41, 1, , 2
2020/6/13, 32, 1, , 2
2020/6/14, 21, 5, , 2
2020/6/15, 21, 9, , 2
2020/6/16, 34, 5, , 2
2020/6/17, 48, 3, , 2
2020/6/18, 43, 3, , 2
2020/6/19, 35, 4, , 2
2020/6/20, 42, 2, , 2
2020/6/21, 36, 5, , 2
2020/6/22, 30, 5, , 2
2020/6/23, 22, 4, , 2
2020/6/24, 36, 4, , 2
2020/6/25, 39, 3, , 2
2020/6/26, 43, 2, , 2
2020/6/27, 32, 6, , 3
2020/6/28, 41, 6, , 2
2020/6/29, 46, 1, , 1
2020/6/30, 25, 2, , 1
2020/1/1, 44, 6, , 3
2020/1/2, 69, 10, 1, 4
2020/1/3, 100, 3, , 2
2020/1/4, 42, 4, , 2
2020/1/5, 30, 4, , 2
2020/1/6, 71, 8, , 4
2020/1/7, 124, 9, , 4
2020/1/8, 110, 8, , 3
2020/1/9, 61, 9, , 4
2020/1/10, 68, 3, , 2
2020/1/11, 26, 4, , 2
2020/1/12, 57, 7, , 3
2020/1/13, 63, 5, , 3
2020/1/14, 77, 5, , 3
2020/1/15, 76, 10, , 4
2020/1/16, 86, 6, , 3
2020/1/17, 83, 3, , 3
2020/1/18, 91, 8, , 4
2020/1/19, 108, 7, , 2
2020/1/20, 65, 4, , 2
2020/1/21, 62, 4, , 2
2020/1/22, 30, 4, , 1
2020/1/23, 37, 5, , 2
2020/1/24, 75, 6, , 3
2020/1/25, 78, 5, , 3
2020/1/26, 72, 10, , 5
2020/1/27, 155, 8, , 4
2020/1/28, 91, 7, , 3
2020/1/29, 52, 6, , 2
2020/1/30, 45, 7, , 2
2020/1/31, 42, 3, , 2
2020/2/1, 39, 1, , 2
2020/2/2, 31, 6, , 2
2020/2/3, 40, 6, , 3
2020/2/4, 55, 7, , 2
2020/2/5, 39, 5, , 2
2020/2/6, 29, 12, , 3
2020/2/7, 40, 8, , 3
2020/2/8, 73, 4, 1, 3
2020/2/9, 93, 3, , 2
2020/2/10, 52, 3, , 2
2020/2/11, 31, 3, , 2
2020/2/12, 32, 5, , 2
2020/2/13, 49, 12, , 4
2020/2/14, 70, 7, , 4
2020/2/15, 102, 2, , 2
2020/2/16, 72, 4, 1, 2
2020/2/17, 44, 4, , 2
2020/2/18, 35, 5, , 2
2020/2/19, 45, 6, , 2
2020/2/20, 35, 8, , 3
2020/2/21, 64, 4, , 2
2020/2/22, 55, 2, , 2
2020/2/23, 29, 6, , 2
2020/2/24, 28, 5, , 2
2020/2/25, 50, 6, , 2
2020/2/26, 51, 6, , 2
2020/2/27, 48, 7, , 2
2020/2/28, 55, 2, , 1
2020/2/29, 53, 1, , 2
2020/3/1, 52, 5, , 2
2020/3/2, 62, 5, 1, 2
2020/3/3, 57, 6, , 2
2020/3/4, 49, 10, , 3
2020/3/5, 66, 4, , 2
2020/3/6, 52, 4, , 2
2020/3/10, 87, 4, , 2
2020/3/11, 41, 3, , 2
2020/3/12, 33, 2, , 2
2020/3/13, 25, 1, , 1
2020/3/14, 23, 1, , 1
2020/3/15, 33, 3, , 1
2020/3/16, 51, 12, , 3
2020/3/17, 70, 5, , 2
2020/3/18, 86, 5, , 2
2020/3/19, 68, 10, , 2
2020/3/20, 56, 3, , 1
2020/3/21, 31, 2, , 1
2020/3/22, 35, 5, , 2
2020/3/23, 50, 11, 1, 6
2020/3/24, 89, 11, , 5
2020/3/25, 99, 7, , 3
2020/3/26, 91, 6, 1, 3
2020/3/27, 85, 10, 1, 3
2020/3/28, 107, , , 
2019/10/1, 29, 7, , 3
2019/10/2, 41, 8, , 3
2019/10/3, 34, 8, , 3
2019/10/4, 56, 8, , 3
2019/10/5, 48, 8, , 3
2019/10/6, 49, 12, , 3
2019/10/7, 60, 8, , 3
2019/10/8, 67, 6, , 3
2019/10/9, 49, 6, , 4
2019/10/10, 42, 6, , 4
2019/10/11, 50, 5, , 3
2019/10/12, 36, 7, , 4
2019/10/13, 55, 10, , 4
2019/10/14, 62, 8, , 3
2019/10/15, 62, 5, 1, 2
2019/10/16, 69, 6, , 2
2019/10/17, 37, 7, , 2
2019/10/18, 59, 11, , 4
2019/10/19, 86, 8, , 3
2019/10/20, 76, 20, , 7
2019/10/21, 87, 17, 1, 6
2019/10/22, 96, 16, , 6
2019/10/23, 93, 8, , 5
2019/10/24, 91, 6, , 4
2019/10/25, 122, 5, , 3
2019/10/26, 85, 3, , 3
2019/10/27, 49, 6, , 2
2019/10/28, 46, 12, , 3
2019/10/29, 49, 13, , 3
2019/10/30, 49, 10, , 4
2019/10/31, 70, 4, , 2
2019/11/1, 77, 3, 1, 3
2019/11/2, 64, 2, , 3
2019/11/3, 45, 4, , 3
2019/11/4, 38, 8, , 3
2019/11/5, 53, 9, , 3
2019/11/6, 65, 8, , 3
2019/11/7, 74, 6, , 3
2019/11/8, 52, 4, , 3
2019/11/9, 53, 7, , 3
2019/11/10, 73, 5, , 2
2019/11/11, 56, 4, , 3
2019/11/12, 50, 3, , 3
2019/11/13, 59, 7, , 3
2019/11/14, 69, 5, , 4
2019/11/15, 68, 2, , 3
2019/11/16, 69, 3, , 3
2019/11/17, 66, 3, , 3
2019/11/18, 63, 5, , 4
2019/11/19, 76, 4, , 3
2019/11/20, 53, 3, , 2
2019/11/21, 40, 3, , 2
2019/11/22, 53, 3, , 2
2019/11/23, 62, 3, , 3
2019/11/24, 70, 4, , 3
2019/11/25, 74, 3, , 4
2019/11/26, 63, 3, , 7
2019/11/27, 59, 4, , 4
2019/11/28, 67, 6, , 3
2019/11/29, 58, 4, , 2
2019/11/30, 33, 4, , 5
2019/12/1, 72, 9, , 4
2019/12/2, 88, 9, , 3
2019/12/3, 47, 7, , 3
2019/12/4, 75, 12, 1, 4
2019/12/5, 98, 9, 1, 4
2019/12/6, 105, 6, 1, 3
2019/12/7, 82, 1, , 2
2019/12/8, 41, 6, , 4
2019/12/9, 63, 7, , 3
2019/12/10, 65, 6, , 2
2019/12/11, 46, 4, , 2
2019/12/12, 63, 2, , 2
2019/12/13, 52, 2, , 2
2019/12/14, 33, 3, , 2
2019/12/15, 40, 7, , 3
2019/12/16, 48, 8, , 4
2019/12/17, 85, 9, , 3
2019/12/18, 72, 9, , 4
2019/12/19, 61, 5, , 3
2019/12/20, 72, 5, , 3
2019/12/21, 70, 5, , 4
2019/12/22, 65, 7, , 4
2019/12/23, 60, 5, , 3
2019/12/24, 26, 3, , 2
2019/12/25, 33, 3, , 2
2019/12/26, 33, 3, , 2
2019/12/27, 26, 2, , 2
2019/12/28, 24, 4, , 2
2019/12/29, 38, , , 
2019/7/1, 48, 4, , 2
2019/7/2, 31, 3, , 1
2019/7/3, 29, 3, , 1
2019/7/4, 26, 5, , 1
2019/7/5, 29, 3, , 1
2019/7/6, 28, 1, , 2
2019/7/7, 29, 4, , 2
2019/7/8, 24, 4, , 2
2019/7/9, 25, 3, , 2
2019/7/10, 14, 5, , 2
2019/7/11, 14, 8, , 2
2019/7/12, 34, 9, , 3
2019/7/13, 38, 5, , 2
2019/7/14, 30, 9, , 2
2019/7/15, 33, 10, , 2
2019/7/16, 39, 6, , 2
2019/7/17, 20, 6, , 2
2019/7/18, 23, 11, , 2
2019/7/19, 39, 8, , 3
2019/7/20, 48, 5, , 3
2019/7/22, 26, 5, , 2
2019/7/23, 24, 6, , 2
2019/7/24, 28, 8, , 3
2019/7/25, 38, 4, , 2
2019/7/26, 29, 2, , 3
2019/7/27, 32, 3, , 3
2019/7/28, 43, 9, , 3
2019/7/29, 39, 9, , 3
2019/7/30, 45, 6, , 2
2019/7/31, 34, 8, , 2
2019/8/1, 29, 6, , 2
2019/8/2, 30, 7, , 2
2019/8/3, 37, 4, , 2
2019/8/5, 21, 5, , 2
2019/8/6, 42, 8, , 3
2019/8/7, 30, 5, , 3
2019/8/8, 33, 6, , 2
2019/8/9, 25, 5, , 2
2019/8/10, 27, 5, , 2
2019/8/11, 39, 6, , 3
2019/8/12, 40, 7, , 3
2019/8/13, 41, 13, , 3
2019/8/14, 43, 7, , 2
2019/8/15, 28, 8, , 3
2019/8/16, 41, 7, , 3
2019/8/17, 54, 4, , 3
2019/8/18, 57, 5, , 3
2019/8/19, 39, 6, , 3
2019/8/20, 27, 9, , 3
2019/8/21, 31, 13, , 3
2019/8/22, 36, 14, , 4
2019/8/23, 40, 12, , 3
2019/8/24, 45, 8, , 3
2019/8/25, 48, 8, , 3
2019/8/26, 49, 6, , 3
2019/8/27, 44, 4, , 3
2019/8/28, 48, 6, 1, 3
2019/8/29, 52, 11, , 3
2019/8/30, 54, 11, , 3
2019/8/31, 42, 6, , 3
2019/9/1, 45, 5, , 3
2019/9/2, 42, 8, , 2
2019/9/3, 24, 10, , 2
2019/9/4, 37, 5, , 2
2019/9/5, 40, 11, , 3
2019/9/6, 41, 7, , 2
2019/9/7, 42, 3, , 2
2019/9/8, 53, 6, 1, 2
2019/9/9, 51, 3, , 2
2019/9/10, 33, 13, , 3
2019/9/11, 42, 11, , 3
2019/9/12, 47, 6, , 3
2019/9/13, 39, 6, , 2
2019/9/14, 27, 4, , 1
2019/9/15, 34, 4, , 1
2019/9/16, 26, 4, , 2
2019/9/17, 30, 5, , 2
2019/9/18, 20, 7, , 2
2019/9/19, 29, 9, , 2
2019/9/20, 31, 5, , 2
2019/9/21, 40, 7, , 3
2019/9/22, 43, 6, , 2
2019/9/23, 25, 10, , 3
2019/9/24, 52, 7, , 2
2019/9/25, 53, 12, , 4
2019/9/26, 69, 8, , 4
2019/9/27, 67, 5, , 5
2019/9/28, 43, 3, , 5
2019/9/29, 35, 4, , 2
2019/9/30, 17, 5, , 2
2019/4/1, 32, 6, , 2
2019/4/2, 51, 3, , 2
2019/4/3, 62, 4, , 2
2019/4/4, 68, 5, , 2
2019/4/5, 83, 4, 1, 2
2019/4/6, 77, 4, , 3
2019/4/7, 90, 7, , 3
2019/4/8, 87, 6, , 2
2019/4/9, 45, 8, , 2
2019/4/10, 50, 8, , 2
2019/4/11, 51, 6, 1, 2
2019/4/12, 45, 4, , 1
2019/4/13, 46, 3, , 1
2019/4/14, 41, 7, , 1
2019/4/15, 44, 10, , 2
2019/4/16, 54, 7, , 2
2019/4/17, 50, 10, , 2
2019/4/18, 57, 11, , 2
2019/4/19, 47, 7, , 1
2019/4/20, 48, 3, , 1
2019/4/21, 40, 2, , 2
2019/4/22, 55, 4, , 2
2019/4/23, 66, 3, , 1
2019/4/24, 57, 4, , 2
2019/4/25, 49, 6, , 3
2019/4/26, 58, 3, , 3
2019/4/27, 73, 3, , 2
2019/4/28, 70, 4, , 2
2019/4/29, 58, 6, , 2
2019/4/30, 50, 7, , 2
2019/5/1, 47, 3, , 2
2019/5/2, 46, 2, , 1
2019/5/3, 32, 4, , 1
2019/5/4, 37, 3, , 2
2019/5/5, 40, 4, , 1
2019/5/6, 25, 3, , 1
2019/5/7, 28, 8, , 2
2019/5/8, 42, 4, , 2
2019/5/9, 36, 5, , 2
2019/5/10, 51, 8, , 3
2019/5/11, 60, 6, , 2
2019/5/12, 54, 3, , 2
2019/5/13, 33, , , 
2019/6/11, 50, 3, , 2
2019/6/12, 51, 3, 1, 2
2019/6/13, 54, 5, , 2
2019/6/14, 33, 2, , 2
2019/6/15, 39, 2, , 2
2019/6/16, 43, 4, , 2
2019/6/17, 27, 7, , 2
2019/6/18, 27, 6, , 2
2019/6/19, 37, 2, , 2
2019/6/20, 44, 6, , 2
2019/6/21, 49, 3, , 2
2019/6/22, 38, 4, , 1
2019/6/23, 27, 5, , 1
2019/6/24, 34, 5, , 1
2019/6/25, 36, 4, , 2
2019/6/26, 54, 3, , 2
2019/6/27, 43, 2, , 1
2019/6/28, 28, 4, , 1
2019/6/29, 29, 4, , 2
2019/6/30, 30, 5, , 2
2019/1/1, 52, 4, , 2
2019/1/2, 26, 4, , 2
2019/1/3, 19, 7, , 2
2019/1/4, 44, 5, , 2
2019/1/5, 40, 4, 1, 2
2019/1/6, 27, 7, , 3
2019/1/7, 72, 5, 1, 3
2019/1/8, 89, 4, 1, 3
2019/1/9, 71, 6, 1, 3
2019/1/10, 78, 7, 1, 4
2019/1/11, 108, 5, 1, 3
2019/1/12, 59, 3, , 3
2019/1/13, 55, 3, , 3
2019/1/14, 32, 7, , 3
2019/1/15, 36, 11, , 3
2019/1/16, 53, 8, 1, 3
2019/1/17, 67, 6, , 3
2019/1/18, 47, 5, , 3
2019/1/19, 58, 4, 1, 3
2019/1/20, 82, 7, , 3
2019/1/21, 76, 9, 1, 4
2019/1/22, 104, 8, , 4
2019/1/23, 91, 5, 2, 2
2019/1/24, 63, 3, , 2
2019/1/25, 52, 13, 1, 7
2019/1/26, 140, 7, 1, 6
2019/1/27, 156, 5, 1, 4
2019/1/28, 107, 8, 1, 5
2019/1/29, 115, 7, 1, 5
2019/1/30, 87, 6, , 4
2019/1/31, 67, 4, , 4
2019/2/1, 67, 1, 1, 3
2019/2/2, 53, 4, 1, 5
2019/2/3, 74, 5, , 3
2019/2/4, 43, 5, , 3
2019/2/5, 57, 10, , 4
2019/2/6, 89, 5, 2, 3
2019/2/7, 69, 9, 1, 4
2019/2/8, 103, 6, 1, 4
2019/2/9, 115, 3, 1, 3
2019/2/10, 72, 6, 1, 4
2019/2/11, 68, 5, , 2
2019/2/12, 21, 5, , 2
2019/2/13, 44, 6, , 2
2019/2/14, 49, 7, , 3
2019/2/15, 68, 6, , 3
2019/2/16, 56, 9, 1, 4
2019/2/17, 89, 8, , 4
2019/2/18, 64, 7, 1, 4
2019/2/19, 98, 5, , 2
2019/2/20, 52, 6, , 2
2019/2/21, 36, 4, 2, 2
2019/2/22, 21, 6, 1, 2
2019/2/23, 48, 4, 1, 3
2019/2/24, 79, 7, , 3
2019/2/25, 73, 4, , 2
2019/2/26, 45, 5, , 3
2019/2/27, 52, 5, , 2
2019/2/28, 75, 3, , 2
2019/3/1, 27, 3, 1, 2
2019/3/2, 40, 3, , 3
2019/3/3, 85, 5, , 4
2019/3/4, 48, 3, , 2
2019/3/5, 35, 4, , 2
2019/3/6, 34, 3, , 2
2019/3/7, 51, 4, , 2
2019/3/8, 42, 3, , 2
2019/3/9, 42, 2, , 2
2019/3/10, 34, 6, , 3
2019/3/11, 36, 7, , 2
2019/3/12, 41, 5, , 2
2019/3/13, 64, 5, , 3
2019/3/14, 62, 5, , 3
2019/3/15, 53, 3, , 2
2019/3/16, 26, 3, , 3
2019/3/17, 50, 6, , 2
2019/3/18, 43, 5, , 2
2019/3/19, 47, 7, , 2
2019/3/20, 50, 5, , 2
2019/3/21, 54, 5, , 2
2019/3/22, 41, 8, , 3
2019/3/23, 48, 5, , 2
2019/3/24, 39, 7, , 3
2019/3/25, 49, 5, , 2
2019/3/26, 27, 6, , 2
2019/3/27, 28, 11, , 4
2019/3/28, 46, 8, , 3
2019/3/29, 68, 4, , 2
2019/3/30, 60, 4, , 3
2019/3/31, 84, 9, , 2
2018/10/1, 50, 8, , 3
2018/10/2, 59, 3, , 2
2018/10/3, 30, 7, , 2
2018/10/4, 28, 8, , 3
2018/10/5, 61, 4, , 3
2018/10/6, 59, 4, 1, 3
2018/10/7, 67, 5, , 2
2018/10/8, 24, 7, , 2
2018/10/9, 57, 17, , 7
2018/10/10, 98, 15, , 5
2018/10/11, 99, 8, , 3
2018/10/12, 77, 9, 2, 4
2018/10/13, 95, 6, 1, 3
2018/10/14, 84, 9, 1, 3
2018/10/15, 80, 16, 1, 5
2018/10/16, 105, 21, 1, 7
2018/10/17, 122, 23, 2, 10
2018/10/18, 118, 17, , 10
2018/10/19, 140, 11, , 3
2018/10/20, 64, 10, , 4
2018/10/21, 70, 8, , 3
2018/10/22, 63, 5, , 2
2018/10/23, 36, 3, , 1
2018/10/24, 15, 7, , 2
2018/10/25, 30, 11, , 2
2018/10/26, 36, 4, , 2
2018/10/27, 64, 4, , 2
2018/10/28, 40, 5, , 3
2018/10/29, 32, 3, , 3
2018/10/30, 72, 10, , 5
2018/10/31, 86, 3, , 3
2018/11/1, 68, 4, , 3
2018/11/2, 76, 7, , 3
2018/11/3, 66, 3, , 2
2018/11/4, 46, 5, , 3
2018/11/5, 77, 4, , 3
2018/11/6, 95, 3, , 2
2018/11/7, 77, 9, , 8
2018/11/8, 114, 7, , 5
2018/11/9, 117, 4, 1, 3
2018/11/10, 80, 2, , 3
2018/11/11, 96, 2, , 3
2018/11/12, 115, 3, , 3
2018/11/13, 107, 9, , 3
2018/11/14, 47, 7, , 2
2018/11/15, 39, 7, , 3
2018/11/16, 67, 13, , 6
2018/11/17, 102, 8, , 4
2018/11/18, 99, 3, , 2
2018/11/19, 23, 4, , 2
2018/11/20, 33, 5, , 2
2018/11/21, 36, 9, , 2
2018/11/22, 53, 6, , 2
2018/11/23, 70, 5, , 3
2018/11/24, 91, 5, , 4
2018/11/25, 112, 9, , 3
2018/11/26, 56, 15, , 7
2018/11/27, 71, 6, , 6
2018/11/28, 51, 1, , 1
2018/11/29, 42, 3, , 1
2018/11/30, 63, 5, , 2
2018/12/1, 83, 5, , 4
2018/12/2, 142, 5, , 3
2018/12/3, 80, 8, , 5
2018/12/4, 78, 9, , 3
2018/12/5, 49, 5, , 3
2018/12/6, 64, 5, , 3
2018/12/7, 60, 6, , 3
2018/12/8, 53, 2, , 3
2018/12/9, 59, 8, , 3
2018/12/10, 44, 12, , 4
2018/12/11, 76, 8, , 3
2018/12/12, 59, 8, , 2
2018/12/13, 38, 7, , 3
2018/12/14, 55, 6, , 3
2018/12/15, 67, 3, , 2
2018/12/16, 50, 7, , 3
2018/12/17, 70, 12, , 5
2018/12/18, 116, 5, , 3
2018/12/19, 110, 3, , 2
2018/12/20, 74, 8, 1, 4
2018/12/21, 112, 5, , 3
2018/12/22, 57, 5, , 3
2018/12/23, 57, 6, , 3
2018/12/24, 52, 4, , 2
2018/12/25, 59, 2, , 2
2018/12/26, 35, 6, , 2
2018/12/27, 47, 6, , 2
2018/12/28, 29, 4, , 2
2018/12/29, 42, 7, , 3
2018/12/30, 67, , , 
2018/7/1, 18, 4, 1, 1
2018/7/2, 19, 4, , 1
2018/7/3, 18, 5, , 2
2018/7/4, 22, 6, 1, 2
2018/7/5, 36, 4, , 2
2018/7/6, 31, 3, , 2
2018/7/7, 27, 2, , 2
2018/7/8, 18, 5, , 2
2018/7/9, 32, 6, 1, 2
2018/7/10, 33, 4, 1, 2
2018/7/11, 37, 5, 1, 3
2018/7/12, 48, 5, 1, 2
2018/7/13, 37, 5, 1, 2
2018/7/14, 24, 2, 1, 2
2018/7/15, 19, 5, 1, 2
2018/7/16, 19, 5, 1, 3
2018/7/17, 22, 5, 1, 3
2018/7/18, 50, 5, 1, 2
2018/7/19, 43, 7, , 3
2018/7/20, 62, 4, , 2
2018/7/21, 47, 7, 1, 2
2018/7/22, 45, 5, 1, 2
2018/7/23, 47, 6, 1, 3
2018/7/24, 44, 5, 1, 3
2018/7/25, 33, 8, 1, 3
2018/7/26, 40, 6, 1, 3
2018/7/27, 46, 3, 1, 3
2018/7/28, 49, 3, 1, 3
2018/7/29, 46, 5, 1, 3
2018/7/30, 48, 6, , 3
2018/7/31, 62, 7, , 3
2018/8/1, 51, 11, , 3
2018/8/2, 47, 14, 1, 4
2018/8/3, 58, 8, 2, 2
2018/8/4, 36, 4, 2, 2
2018/8/5, 42, 4, 1, 2
2018/8/6, 23, 8, 1, 2
2018/8/7, 30, 5, , 2
2018/8/8, 34, 3, , 2
2018/8/9, 37, 2, , 2
2018/8/10, 46, 4, , 2
2018/8/11, 22, 3, 1, 1
2018/8/12, 27, 4, 2, 2
2018/8/13, 38, 6, 2, 3
2018/8/14, 52, 3, , 2
2018/8/15, 31, 7, , 2
2018/8/16, 21, 10, , 3
2018/8/17, 37, 13, , 3
2018/8/18, 54, 8, , 3
2018/8/19, 44, 6, 1, 3
2018/8/20, 50, 4, 1, 2
2018/8/21, 19, 7, 1, 2
2018/8/22, 27, 3, 2, 2
2018/8/23, 40, 3, , 3
2018/8/24, 52, 4, , 3
2018/8/25, 40, 4, , 2
2018/8/26, 26, 8, , 2
2018/8/27, 30, 9, , 3
2018/8/28, 48, 11, , 3
2018/8/29, 36, 9, , 3
2018/8/30, 52, 6, , 3
2018/8/31, 59, 12, , 3
2018/9/1, 46, 5, , 3
2018/9/2, 42, 6, , 3
2018/9/3, 46, 10, , 4
2018/9/4, 55, 10, , 4
2018/9/5, 39, 8, , 4
2018/9/6, 49, 9, , 3
2018/9/7, 60, 6, , 3
2018/9/8, 57, 8, , 3
2018/9/9, 55, 10, , 3
2018/9/10, 44, 12, , 3
2018/9/11, 53, 7, , 2
2018/9/12, 41, 6, , 3
2018/9/13, 24, 7, , 3
2018/9/14, 31, 6, , 2
2018/9/15, 31, 6, , 2
2018/9/16, 30, 6, , 2
2018/9/17, 42, 8, 1, 3
2018/9/18, 57, 6, 1, 3
2018/9/19, 63, 13, 1, 4
2018/9/20, 66, 4, 1, 2
2018/9/21, 68, 4, , 2
2018/9/22, 51, 4, , 2
2018/9/23, 47, 4, , 2
2018/9/24, 28, 5, , 2
2018/9/25, 19, 6, , 2
2018/9/26, 33, 6, , 2
2018/9/27, 38, 9, , 3
2018/9/28, 42, 9, , 2
2018/9/29, 30, 3, , 2
2018/9/30, 43, 7, , 2
2018/4/1, 56, 3, , 2
2018/4/2, 39, 5, 1, 3
2018/4/3, 69, 7, 2, 3
2018/4/4, 69, 5, 2, 3
2018/4/5, 56, 7, , 2
2018/4/6, 53, 8, , 2
2018/4/7, 45, 1, , 2
2018/4/8, 55, 2, , 2
2018/4/9, 58, 12, 1, 3
2018/4/10, 66, 3, 1, 2
2018/4/11, 54, 3, 1, 2
2018/4/12, 48, 3, 2, 3
2018/4/13, 69, 3, 1, 2
2018/4/14, 63, 5, 1, 2
2018/4/15, 47, 11, 2, 4
2018/4/16, 68, 9, 1, 3
2018/4/17, 78, 5, , 2
2018/4/18, 48, 4, , 2
2018/4/19, 42, 7, , 2
2018/4/20, 43, 4, 1, 2
2018/4/21, 39, 3, 1, 2
2018/4/22, 31, 6, 1, 2
2018/4/23, 39, 4, 1, 2
2018/4/24, 50, 5, 1, 2
2018/4/25, 63, 4, , 2
2018/4/26, 29, 7, , 2
2018/4/27, 46, 9, , 3
2018/4/28, 59, 4, 1, 2
2018/4/29, 67, , , 
2018/5/1, 49, 5, , 2
2018/5/2, 39, 3, 1, 2
2018/5/3, 37, 4, , 2
2018/5/4, 41, 4, , 2
2018/5/5, 26, 4, , 2
2018/5/6, 25, 7, , 2
2018/5/7, 30, 5, 1, 2
2018/5/8, 32, 4, 2, 2
2018/5/9, 36, 4, 2, 2
2018/5/10, 52, 3, 1, 2
2018/5/11, 40, 3, , 1
2018/5/12, 37, 4, 1, 2
2018/5/13, 45, 5, 1, 2
2018/5/14, 51, 4, 1, 2
2018/5/15, 39, 4, 2, 2
2018/5/16, 42, 3, 3, 2
2018/5/17, 34, 6, 2, 3
2018/5/18, 34, 4, , 2
2018/5/19, 33, 5, , 1
2018/5/20, 31, 5, , 1
2018/5/21, 34, 3, , 2
2018/5/22, 29, 4, , 2
2018/5/23, 36, 5, , 2
2018/5/24, 41, 4, , 2
2018/5/25, 35, 4, , 2
2018/5/26, 49, 2, , 2
2018/5/27, 36, 6, , 2
2018/5/28, 46, 6, , 2
2018/5/29, 45, 8, , 2
2018/5/30, 46, 3, , 2
2018/5/31, 41, 2, , 2
2018/6/1, 28, 6, , 2
2018/6/2, 42, 6, , 3
2018/6/3, 44, 7, 2, 2
2018/6/4, 47, 2, 2, 2
2018/6/5, 32, 3, , 1
2018/6/6, 22, 7, , 2
2018/6/7, 32, 7, 1, 2
2018/6/8, 33, 6, 2, 2
2018/6/9, 36, 1, 2, 2
2018/6/10, 39, 4, 3, 2
2018/6/11, 52, 3, , 2
2018/6/12, 42, 4, , 2
2018/6/13, 30, 4, 1, 2
2018/6/14, 36, 5, 1, 2
2018/6/15, 38, 5, , 2
2018/6/16, 42, 4, , 2
2018/6/17, 34, 6, , 2
2018/6/18, 43, 4, , 2
2018/6/19, 37, 5, , 2
2018/6/20, 29, 4, 2, 2
2018/6/21, 50, 3, 1, 2
2018/6/22, 25, 4, 1, 2
2018/6/23, 26, 2, 1, 1
2018/6/24, 19, 5, , 1
2018/6/25, 24, 3, , 2
2018/6/26, 18, 4, 1, 2
2018/6/27, 26, 4, 2, 2
2018/6/28, 40, 6, 3, 2
2018/6/29, 43, 2, 3, 1
2018/6/30, 19, 1, 2, 1
2018/1/1, 73, 5, 1, 3
2018/1/2, 76, 4, 2, 3
2018/1/3, 70, 4, 2, 2
2018/1/4, 52, 5, 1, 2
2018/1/5, 66, 5, , 3
2018/1/6, 74, 9, 2, 3
2018/1/7, 78, 14, 1, 4
2018/1/8, 96, 11, 1, 4
2018/1/9, 118, 7, 2, 3
2018/1/10, 74, 6, 2, 3
2018/1/11, 65, 6, 1, 2
2018/1/12, 63, 3, , 2
2018/1/25, 77, 5, 3, 6
2018/1/26, 105, 10, 2, 6
2018/1/27, 152, 5, 1, 4
2018/1/28, 86, 4, 2, 3
2018/1/29, 45, 2, 2, 2
2018/1/30, 25, 3, 1, 3
2018/1/31, 39, 5, 1, 3
2018/2/1, 70, 10, , 3
2018/2/2, 80, 9, , 4
2018/2/3, 100, 5, , 3
2018/2/4, 42, 6, 1, 2
2018/2/5, 43, 6, 1, 4
2018/2/6, 64, 6, 3, 5
2018/2/7, 94, 8, 2, 5
2018/2/8, 95, 7, 1, 3
2018/2/9, 93, 5, 1, 3
2018/2/10, 84, 1, 2, 2
2018/2/11, 87, 3, 3, 3
2018/2/12, 83, 16, 1, 6
2018/2/13, 159, 7, , 3
2018/2/14, 98, 3, , 2
2018/2/15, 73, 5, , 4
2018/2/16, 117, 7, 1, 3
2018/2/17, 92, 5, 1, 3
2018/2/18, 69, 11, 1, 5
2018/2/19, 97, 13, 1, 6
2018/2/20, 112, 11, 1, 7
2018/2/21, 102, 6, , 
2018/2/22, 74, 13, 1, 
2018/2/23, 93, 5, , 
2018/2/24, 71, 4, 1, 
2018/2/25, 62, 7, 1, 2
2018/2/26, 69, 10, 1, 4
2018/2/27, 102, 4, 1, 2
2018/2/28, 58, 9, 2, 3
2018/3/1, 73, 12, 3, 5
2018/3/2, 124, , , 
2018/3/4, 101, 12, 2, 7
2018/3/5, 124, 5, 3, 4
2018/3/6, 97, 7, 3, 4
2018/3/7, 80, 12, 2, 7
2018/3/8, 130, 8, 2, 4
2018/3/9, 102, 8, 1, 4
2018/3/10, 79, 4, 1, 4
2018/3/11, 78, 3, 3, 4
2018/3/12, 72, 6, 2, 3
2018/3/13, 64, 8, 1, 3
2018/3/14, 63, 5, 1, 2
2018/3/15, 46, 2, 1, 1
2018/3/16, 38, 2, , 1
2018/3/17, 36, 3, , 1
2018/3/18, 40, 7, , 3
2018/3/19, 54, 17, 2, 5
2018/3/20, 91, 8, , 2
2018/3/21, 55, 9, 1, 3
2018/3/22, 88, 11, 3, 4
2018/3/23, 118, 11, 2, 5
2018/3/24, 106, 5, 2, 3
2018/3/25, 97, 9, 2, 4
2018/3/26, 123, 10, 1, 3
2018/3/27, 68, 8, 1, 3
2018/3/28, 56, 4, 1, 2
2018/3/29, 52, 9, 2, 3
2018/3/30, 78, 6, 2, 4
2018/3/31, 85, 2, 3, 4
2017/10/1, 58, 3, 2, 2
2017/10/2, 68, 5, 3, 3
2017/10/3, 74, 4, 3, 3
2017/10/4, 60, 5, 3, 2
2017/10/5, 34, 5, 1, 2
2017/10/6, 31, 4, , 2
2017/10/7, 48, 5, , 3
2017/10/8, 55, 5, 1, 2
2017/10/9, 38, 4, 1, 2
2017/10/10, 32, 6, 1, 3
2017/10/11, 52, 4, 1, 4
2017/10/12, 49, 3, 1, 2
2017/10/13, 28, 5, , 2
2017/10/14, 42, 3, , 2
2017/10/15, 27, 6, , 3
2017/10/16, 58, 8, 1, 3
2017/10/17, 100, 16, 2, 4
2017/10/18, 105, 12, , 
2017/10/19, 71, 8, , 
2017/10/20, 54, 6, , 
2017/10/21, 69, 2, , 
2017/10/22, 31, 6, , 
2017/10/23, 49, 6, , 
2017/10/24, 68, 4, , 
2017/10/25, 72, 6, , 
2017/10/26, 40, 8, , 2
2017/10/27, 42, 3, 2, 1
2017/10/28, 28, 2, 2, 2
2017/10/29, 24, 3, 1, 1
2017/10/30, 26, 5, , 2
2017/10/31, 29, 3, , 2
2017/11/1, 58, 5, 2, 3
2017/11/2, 55, 7, 1, 2
2017/11/3, 37, 5, , 3
2017/11/4, 67, 3, 1, 3
2017/11/5, 66, 9, 1, 4
2017/11/6, 84, 7, , 4
2017/11/7, 98, 5, , 2
2017/11/8, 68, 4, , 3
2017/11/9, 60, 7, 1, 3
2017/11/10, 106, 3, 2, 2
2017/11/11, 88, 3, 2, 2
2017/11/13, 55, 7, 1, 2
2017/11/14, 55, 9, 9, 3
2017/11/15, 83, 9, 3, 3
2017/11/16, 102, 9, 1, 3
2017/11/17, 106, 4, 2, 2
2017/11/18, 70, 3, 4, 2
2017/11/19, 61, 6, 4, 3
2017/11/20, 48, 7, 4, 3
2017/11/21, 51, 5, 2, 3
2017/11/22, 72, 4, 1, 3
2017/11/23, 90, 7, 2, 6
2017/11/24, 107, 6, 2, 6
2017/11/25, 99, 4, 1, 2
2017/11/26, 53, 9, , 4
2017/11/27, 91, 4, 1, 3
2017/11/28, 82, 5, , 3
2017/11/29, 74, 7, 2, 4
2017/11/30, 83, 5, 2, 3
2017/12/1, 55, 9, , 4
2017/12/2, 86, 8, , 4
2017/12/3, 99, 8, 2, 4
2017/12/4, 100, 6, 1, 3
2017/12/5, 45, 5, 2, 3
2017/12/6, 32, 5, 2, 3
2017/12/7, 50, 9, 3, 3
2017/12/8, 84, 9, 3, 3
2017/12/9, 80, 5, 3, 3
2017/12/10, 73, 4, 4, 3
2017/12/11, 56, 4, 2, 3
2017/12/12, 48, 6, , 3
2017/12/13, 51, 3, 1, 3
2017/12/14, 63, 8, 1, 4
2017/12/15, 67, 7, , 3
2017/12/16, 86, 8, , 3
2017/12/17, 100, 9, 2, 3
2017/12/18, 81, 9, 1, 3
2017/12/19, 80, 10, 1, 3
2017/12/20, 64, 10, 1, 5
2017/12/21, 95, 7, 2, 3
2017/12/22, 42, 5, 2, 3
2017/12/23, 42, 2, 2, 2
2017/12/24, 28, 2, 2, 2
2017/12/25, 31, 3, 4, 3
2017/12/26, 66, 7, 2, 4
2017/12/27, 103, 3, 2, 3
2017/12/28, 61, 7, 1, 3
2017/12/29, 73, 6, , 3
2017/12/30, 97, , , 
2017/7/1, 28, 2, , 2
2017/7/2, 19, 3, , 1
2017/7/3, 28, 4, , 1
2017/7/4, 37, 4, , 1
2017/7/5, 31, 4, , 2
2017/7/6, 30, 7, 1, 2
2017/7/7, 33, 3, 1, 2
2017/7/8, 33, 3, , 2
2017/7/9, 40, 3, , 2
2017/7/10, 36, 2, 1, 2
2017/7/11, 45, 2, , 2
2017/7/12, 32, 3, , 2
2017/7/13, 34, 4, , 1
2017/7/14, 31, 5, , 1
2017/7/15, 31, 3, , 1
2017/7/16, 34, 4, 1, 2
2017/7/17, 42, 6, 1, 1
2017/7/18, 36, 6, 1, 2
2017/7/19, 39, 6, 1, 2
2017/7/20, 52, 3, , 1
2017/7/21, 34, , , 
2017/7/23, 37, 6, 1, 2
2017/7/24, 46, 6, 1, 3
2017/7/25, 51, 4, , 2
2017/7/26, 27, 3, 1, 2
2017/7/27, 38, 7, 1, 2
2017/7/28, 49, 3, , 2
2017/7/29, 33, 3, 1, 2
2017/7/30, 52, 4, , 2
2017/7/31, 68, 3, , 2
2017/8/1, 53, 3, 1, 2
2017/8/2, 64, 3, 1, 2
2017/8/3, 55, 4, 1, 2
2017/8/4, 47, 3, , 2
2017/8/5, 42, 5, , 2
2017/8/6, 50, 8, , 2
2017/8/7, 29, 7, , 2
2017/8/8, 38, 3, 1, 2
2017/8/9, 37, 5, 1, 3
2017/8/10, 51, 5, 1, 3
2017/8/11, 53, 2, 1, 2
2017/8/12, 66, 3, , 2
2017/8/13, 29, 6, , 2
2017/8/14, 33, 4, , 2
2017/8/15, 33, 8, 1, 2
2017/8/16, 35, 12, 1, 3
2017/8/17, 56, 8, 1, 3
2017/8/18, 58, 2, , 2
2017/8/19, 65, 3, , 2
2017/8/20, 23, 4, 1, 2
2017/8/21, 25, 6, 1, 2
2017/8/22, 31, 4, 1, 2
2017/8/23, 21, 4, , 1
2017/8/24, 15, 5, , 2
2017/8/25, 38, 6, , 2
2017/8/26, 40, 6, , 2
2017/8/27, 57, , , 
2017/8/29, 37, 4, 1, 1
2017/8/30, 38, 2, 2, 2
2017/8/31, 47, 6, 1, 2
2017/9/1, 45, 3, 1, 2
2017/9/2, 43, 4, , 2
2017/9/3, 14, 5, , 2
2017/9/4, 11, 6, , 2
2017/9/5, 16, 3, 1, 2
2017/9/6, 5, , , 
2017/9/11, 60, 6, , 2
2017/9/12, 43, 4, 1, 2
2017/9/13, 37, 4, , 2
2017/9/14, 15, 4, , 1
2017/9/15, 25, 3, 1, 2
2017/9/16, 42, 4, 1, 2
2017/9/17, 51, 2, 1, 2
2017/9/18, 28, 8, , 2
2017/9/19, 51, 8, 1, 2
2017/9/20, 55, 6, 1, 2
2017/9/21, 46, 6, 1, 3
2017/9/22, 53, 3, , 2
2017/9/23, 55, 3, 1, 2
2017/9/24, 55, 6, 1, 2
2017/9/25, 59, 6, , 2
2017/9/26, 60, 6, , 2
2017/9/27, 58, 6, 1, 2
2017/9/28, 61, 7, 1, 2
2017/9/29, 62, 6, 1, 2
2017/9/30, 63, 3, 1, 2
2017/4/1, 78, 4, 2, 2
2017/4/2, 75, 5, , 2
2017/4/3, 57, 9, 1, 2
2017/4/4, 49, 13, 2, 3
2017/4/5, 63, 6, 1, 2
2017/4/6, 43, 7, 1, 2
2017/4/7, 35, 6, , 1
2017/4/8, 38, 7, 1, 2
2017/4/9, 77, 5, 2, 2
2017/4/10, 71, 5, , 2
2017/4/11, 40, 7, , 2
2017/4/12, 56, 5, 1, 2
2017/4/13, 44, 5, , 2
2017/4/14, 42, 4, , 2
2017/4/15, 57, 2, 1, 2
2017/4/16, 42, 3, 1, 1
2017/4/17, 43, 3, 1, 1
2017/4/18, 37, 5, 1, 2
2017/4/19, 44, 8, 1, 2
2017/4/20, 56, 8, 2, 2
2017/4/21, 82, 2, 1, 1
2017/4/22, 48, 3, , 1
2017/4/23, 45, 5, 2, 2
2017/4/24, 54, 4, 2, 2
2017/4/25, 65, 6, 2, 2
2017/4/26, 61, 9, 1, 2
2017/4/27, 61, 7, 1, 2
2017/4/28, 55, 5, , 1
2017/4/29, 42, 8, 1, 3
2017/4/30, 68, 2, 1, 1
2017/5/1, 36, 4, , 1
2017/5/2, 46, 6, 1, 2
2017/5/3, 60, 5, 1, 2
2017/5/4, 50, 7, 1, 2
2017/5/5, 54, 7, 1, 2
2017/5/6, 58, 5, 1, 2
2017/5/7, 55, 4, 1, 1
2017/5/8, 38, 4, 1, 1
2017/5/9, 37, 4, 2, 1
2017/5/10, 41, 4, 1, 1
2017/5/11, 39, 4, 1, 1
2017/5/12, 41, 4, 1, 2
2017/5/13, 50, 5, 1, 2
2017/5/14, 47, 7, 1, 2
2017/5/15, 54, 5, 1, 2
2017/5/16, 50, 7, 1, 2
2017/5/17, 41, 7, 1, 2
2017/5/18, 42, 6, 1, 2
2017/5/19, 40, 10, 1, 2
2017/5/20, 51, 6, 1, 2
2017/5/21, 56, 5, 1, 2
2017/5/22, 31, 7, 1, 1
2017/5/23, 36, 8, 1, 2
2017/5/24, 50, 6, 1, 2
2017/5/25, 45, 11, 2, 2
2017/5/26, 50, 8, 1, 2
2017/5/27, 36, 6, 1, 2
2017/5/28, 43, 7, 2, 2
2017/5/29, 58, 8, , 2
2017/5/30, 55, 6, 1, 2
2017/5/31, 45, 4, 1, 1
2017/6/1, 42, 5, 1, 1
2017/6/2, 42, 4, 3, 1
2017/6/3, 27, 3, 2, 1
2017/6/4, 50, 7, 1, 2
2017/6/5, 48, 6, 1, 2
2017/6/6, 46, 3, , 2
2017/6/7, 43, 6, 1, 1
2017/6/8, 41, 10, 1, 2
2017/6/9, 49, 6, 1, 2
2017/6/10, 59, 4, , 1
2017/6/11, 34, 10, , 2
2017/6/12, 47, 3, 1, 1
2017/6/13, 37, 3, , 1
2017/6/14, 37, 3, , 2
2017/6/15, 42, 6, 1, 2
2017/6/16, 56, 4, , 2
2017/6/17, 38, 4, , 2
2017/6/18, 38, 7, , 2
2017/6/19, 37, 10, 1, 3
2017/6/20, 42, 4, , 1
2017/6/21, 37, 6, 1, 2
2017/6/22, 42, 9, 1, 2
2017/6/23, 51, 4, , 2
2017/6/24, 46, 2, 1, 2
2017/6/25, 42, 4, , 2
2017/6/26, 37, 5, 2, 2
2017/6/27, 37, 5, 1, 2
2017/6/28, 54, 4, 1, 3
2017/6/29, 50, 3, 1, 2
2017/6/30, 30, 2, , 2
2017/1/2, 94, 4, 1, 2
2017/1/3, 61, 5, 2, 2
2017/1/4, 55, 4, , 1
2017/1/5, 45, 4, , 1
2017/1/6, 62, 11, 2, 4
2017/1/7, 134, 15, 3, 9
2017/1/8, 190, 11, 4, 5
2017/1/9, 156, 5, 1, 3
2017/1/10, 110, 6, 4, 3
2017/1/11, 147, 6, 6, 3
2017/1/12, 98, 4, 3, 3
2017/1/13, 108, 6, 2, 3
2017/1/14, 116, 4, , 2
2017/1/15, 103, 9, 1, 5
2017/1/16, 163, 13, 1, 5
2017/1/17, 178, 15, 1, 5
2017/1/18, 161, 9, 3, 3
2017/1/19, 152, 9, 2, 4
2017/1/20, 139, 6, , 2
2017/1/21, 66, 3, , 2
2017/1/22, 63, 7, 2, 4
2017/1/23, 139, 8, 1, 4
2017/1/24, 156, 8, , 2
2017/1/25, 70, 9, 2, 3
2017/1/26, 108, 11, 2, 5
2017/1/27, 155, 6, 1, 4
2017/1/28, 116, 1, 1, 2
2017/1/29, 61, 2, 2, 2
2017/1/30, 91, 3, 2, 2
2017/1/31, 103, 5, 1, 3
2017/2/1, 128, 5, 1, 3
2017/2/2, 118, 7, 1, 4
2017/2/3, 130, 11, 2, 5
2017/2/4, 141, 3, 1, 2
2017/2/5, 94, 4, 1, 2
2017/2/6, 112, 3, 1, 2
2017/2/7, 66, 4, 1, 2
2017/2/8, 66, 4, 1, 2
2017/2/9, 74, 6, 2, 3
2017/2/10, 80, 5, 1, 3
2017/2/11, 94, 2, 1, 2
2017/2/12, 70, 6, 3, 2
2017/2/13, 105, 7, 1, 3
2017/2/14, 141, 6, 2, 2
2017/2/15, 81, 8, 3, 5
2017/2/16, 163, 17, 4, 8
2017/2/17, 207, 8, 1, 4
2017/2/18, 121, 3, 1, 3
2017/2/19, 81, 6, 2, 3
2017/2/20, 116, 3, 2, 2
2017/2/21, 45, 5, 1, 2
2017/2/22, 46, 3, , 2
2017/2/23, 45, 4, 1, 2
2017/2/24, 38, 3, , 2
2017/2/25, 50, 2, 1, 2
2017/2/26, 70, 4, 1, 3
2017/2/27, 76, 4, 2, 2
2017/2/28, 101, 5, 1, 3
2017/3/1, 79, 4, 1, 2
2017/3/2, 64, 4, 1, 2
2017/3/3, 47, 3, 2, 2
2017/3/4, 69, 6, 2, 3
2017/3/5, 80, 6, 1, 4
2017/3/6, 79, 6, , 3
2017/3/7, 51, 9, , 4
2017/3/8, 95, 8, 1, 4
2017/3/9, 96, 8, 1, 3
2017/3/10, 116, 7, 1, 3
2017/3/11, 106, 4, 3, 2
2017/3/12, 61, 5, 1, 2
2017/3/13, 65, 9, 1, 2
2017/3/14, 64, 7, 1, 2
2017/3/15, 87, 8, , 1
2017/3/16, 44, 9, 1, 2
2017/3/17, 66, 4, 1, 2
2017/3/18, 57, 7, 1, 3
2017/3/19, 40, 7, 1, 3
2017/3/20, 76, 7, 1, 3
2017/3/21, 75, 11, , 3
2017/3/22, 62, 12, 1, 5
2017/3/23, 89, 9, 1, 2
2017/3/24, 46, 7, 1, 2
2017/3/25, 61, 4, 1, 2
2017/3/26, 37, 5, 2, 2
2017/3/27, 44, 7, 1, 2
2017/3/28, 57, 12, 1, 5
2017/3/29, 115, 4, , 2
2017/3/30, 48, 8, 1, 3
2017/3/31, 79, 6, 1, 3
2016/10/1, 59, 7, 1, 3
2016/10/2, 68, 8, 1, 3
2016/10/3, 67, 3, 3, 1
2016/10/4, 33, 4, 3, 2
2016/10/5, 29, 5, 2, 2
2016/10/6, 30, 6, 2, 3
2016/10/7, 50, 5, 1, 2
2016/10/8, 45, 5, 1, 3
2016/10/9, 79, 5, 1, 2
2016/10/10, 44, 3, 1, 2
2016/10/11, 50, 3, 1, 2
2016/10/12, 54, 6, 1, 2
2016/10/13, 57, 7, 1, 3
2016/10/14, 79, 3, , 2
2016/10/15, 59, 4, , 2
2016/10/16, 63, 6, 1, 2
2016/10/17, 66, 4, 2, 2
2016/10/18, 64, 4, 2, 2
2016/10/19, 72, 4, 1, 2
2016/10/20, 83, 4, 2, 2
2016/10/21, 120, 4, 1, 3
2016/10/22, 87, 3, 1, 3
2016/10/23, 71, 3, 1, 3
2016/10/24, 88, 4, 2, 3
2016/10/25, 55, 7, 1, 3
2016/10/26, 52, 9, 2, 5
2016/10/27, 80, 6, 3, 8
2016/10/28, 86, 3, 1, 1
2016/10/29, 30, 3, 1, 1
2016/10/30, 26, 6, 1, 2
2016/10/31, 29, 3, 1, 1
2016/11/1, 47, 4, 2, 2
2016/11/2, 31, 4, , 2
2016/11/3, 26, 6, 2, 2
2016/11/4, 56, 4, 2, 3
2016/11/5, 90, 6, 2, 3
2016/11/6, 93, 8, 1, 3
2016/11/7, 104, 8, 1, 4
2016/11/8, 76, 7, 1, 3
2016/11/9, 81, 10, 1, 3
2016/11/10, 53, 5, , 3
2016/11/15, 115, 7, 2, 1
2016/11/16, 81, 6, 1, 5
2016/11/17, 89, 5, 2, 1
2016/11/18, 66, 4, 3, 
2016/11/19, 30, 3, 1, 
2016/11/20, 31, 2, 2, 
2016/11/21, 24, , , 
2016/11/23, 74, 8, 1, 
2016/11/24, 123, 9, , 
2016/11/25, 80, 7, 2, 
2016/11/26, 96, 3, 2, 
2016/11/27, 63, 4, 1, 
2016/11/28, 30, 10, 1, 
2016/11/29, 54, 6, 1, 
2016/11/30, 86, 9, 2, 
2016/12/1, 78, 6, 2, 
2016/12/2, 67, 4, 1, 
2016/12/3, 48, 5, , 
2016/12/4, 67, 5, 2, 2
2016/12/5, 79, 7, 1, 2
2016/12/6, 58, 11, 2, 4
2016/12/7, 96, 7, 2, 3
2016/12/8, 96, 5, 1, 2
2016/12/9, 59, 3, 2, 2
2016/12/10, 42, 3, 2, 2
2016/12/11, 43, 6, 2, 2
2016/12/12, 41, 9, 2, 3
2016/12/13, 90, 11, 2, 3
2016/12/14, 102, 14, 1, 6
2016/12/15, 82, 10, 1, 3
2016/12/16, 114, 7, 1, 3
2016/12/17, 112, 6, 2, 3
2016/12/18, 136, 8, 1, 3
2016/12/19, 94, 7, 1, 3
2016/12/20, 59, 4, 1, 3
2016/12/21, 67, 11, 2, 6
2016/12/22, 158, 10, 2, 4
2016/12/23, 124, 5, 2, 3
2016/12/24, 93, 2, 1, 2
2016/12/25, 61, 2, 1, 2
2016/12/26, 49, 2, 1, 1
2016/12/27, 29, 3, , 1
2016/12/28, 27, 6, 1, 2
2016/12/29, 50, 7, 1, 3
2016/12/30, 122, 6, 2, 3
2016/12/31, 136, 4, 2, 2
2017/1/1, 102, 5, 2, 2
2016/7/1, 55, 5, 1, 2
2016/7/2, 52, 2, 2, 2
2016/7/3, 65, 4, , 1
2016/7/4, 33, 3, , 1
2016/7/5, 24, 2, 1, 1
2016/7/6, 38, 3, , 1
2016/7/7, 18, 3, , 1
2016/7/8, 27, 2, 1, 2
2016/7/9, 51, 3, 1, 2
2016/7/10, 32, 2, 1, 2
2016/7/11, 40, 7, , 2
2016/7/12, 46, 8, , 3
2016/7/13, 38, 4, 1, 2
2016/7/14, 29, 2, , 1
2016/7/15, 24, 4, , 1
2016/7/16, 27, 6, 1, 2
2016/7/17, 37, 3, , 1
2016/7/18, 21, 4, , 1
2016/7/19, 21, 3, , 1
2016/7/20, 21, 3, 1, 1
2016/7/21, 26, 4, , 2
2016/7/22, 43, 3, , 2
2016/7/23, 50, 5, , 3
2016/7/24, 60, 5, , 3
2016/7/25, 78, 7, , 3
2016/7/26, 76, 5, , 3
2016/7/27, 64, 6, , 3
2016/7/28, 65, 6, 1, 2
2016/7/29, 34, 3, , 2
2016/7/30, 46, 2, , 2
2016/7/31, 41, 3, 1, 2
2016/8/1, 32, 5, , 1
2016/8/2, 22, 7, , 2
2016/8/3, 39, 5, 1, 2
2016/8/4, 42, 4, 1, 2
2016/8/5, 52, 3, 1, 2
2016/8/6, 39, 1, 1, 1
2016/8/7, 29, 3, 1, 1
2016/8/8, 30, 5, 1, 2
2016/8/9, 44, 5, , 2
2016/8/10, 27, 3, 1, 1
2016/8/11, 30, 6, , 1
2016/8/12, 35, 2, 1, 1
2016/8/13, 50, 2, , 2
2016/8/14, 37, 2, , 1
2016/8/15, 26, 4, , 1
2016/8/16, 19, 3, 1, 1
2016/8/17, 21, 2, 1, 2
2016/8/18, 31, 4, 1, 2
2016/8/19, 47, 4, , 2
2016/8/20, 53, 2, 1, 2
2016/8/21, 62, 5, , 2
2016/8/22, 37, 3, , 1
2016/8/23, 29, 5, , 2
2016/8/24, 27, 10, , 2
2016/8/25, 37, 5, 1, 2
2016/8/26, 40, 5, 1, 2
2016/8/27, 55, 6, 1, 2
2016/8/28, 62, 4, 2, 2
2016/8/29, 58, 3, , 2
2016/8/30, 27, 5, , 1
2016/8/31, 34, 5, 1, 1
2016/9/1, 38, 8, 1, 2
2016/9/2, 44, 7, 1, 2
2016/9/3, 57, 4, 2, 2
2016/9/4, 56, 5, , 2
2016/9/5, 23, 6, , 2
2016/9/6, 27, 10, 1, 2
2016/9/7, 40, 11, 1, 3
2016/9/8, 61, 9, , 2
2016/9/9, 69, 4, 1, 2
2016/9/10, 94, 13, 1, 4
2016/9/11, 84, 15, , 4
2016/9/12, 84, 9, 1, 2
2016/9/13, 49, 7, , 1
2016/9/14, 34, 10, , 2
2016/9/15, 46, 9, 1, 3
2016/9/16, 55, 2, 1, 1
2016/9/17, 30, 2, , 1
2016/9/18, 30, 5, 1, 1
2016/9/19, 44, 12, 1, 2
2016/9/20, 57, 6, , 2
2016/9/21, 43, 7, , 2
2016/9/22, 50, 6, , 2
2016/9/23, 50, 5, 1, 2
2016/9/24, 53, 6, 1, 2
2016/9/25, 40, 8, 1, 3
2016/9/26, 52, 10, 1, 4
2016/9/27, 85, 6, 1, 3
2016/9/28, 93, 5, 1, 2
2016/9/29, 51, 7, 1, 2
2016/9/30, 46, 7, 1, 2
2016/4/1, 58, 5, , 2
2016/4/2, 35, 6, 2, 3
2016/4/3, 70, 7, 3, 3
2016/4/4, 72, 5, 2, 2
2016/4/5, 73, 6, 1, 3
2016/4/6, 81, 4, , 2
2016/4/7, 73, 7, 1, 5
2016/4/8, 66, 4, 2, 2
2016/4/9, 51, 3, , 2
2016/4/10, 54, 6, 1, 2
2016/4/11, 53, 8, 2, 5
2016/4/12, 71, 9, 1, 3
2016/4/13, 107, 5, 1, 2
2016/4/14, 63, 9, 1, 2
2016/4/15, 63, 4, 1, 2
2016/4/16, 75, 2, 1, 2
2016/4/17, 47, 4, , 2
2016/4/18, 42, 6, 1, 2
2016/4/19, 63, 3, , 1
2016/4/20, 37, 3, 1, 1
2016/4/21, 38, 2, 1, 2
2016/4/22, 38, 4, , 1
2016/4/23, 39, 2, 1, 2
2016/4/24, 45, 4, 1, 2
2016/4/25, 37, 4, 1, 2
2016/4/26, 38, 5, 1, 2
2016/4/27, 71, 6, 1, 2
2016/4/28, 56, 11, , 3
2016/4/29, 81, 6, 1, 2
2016/4/30, 75, 3, 1, 2
2016/5/1, 63, 8, 1, 3
2016/5/2, 59, 3, , 2
2016/5/3, 58, 6, , 2
2016/5/4, 40, 5, , 1
2016/5/5, 41, 8, 1, 1
2016/5/6, 39, 5, 1, 1
2016/5/7, 51, 5, 1, 1
2016/5/8, 60, 7, , 2
2016/5/9, 35, 11, , 3
2016/5/10, 52, 10, , 2
2016/5/11, 49, 12, , 2
2016/5/12, 50, 4, 1, 2
2016/5/13, 47, 6, 1, 3
2016/5/14, 38, 2, , 1
2016/5/15, 36, 3, , 2
2016/5/16, 43, 4, 1, 2
2016/5/17, 38, 6, 1, 2
2016/5/18, 47, 10, , 3
2016/5/19, 53, 13, , 3
2016/5/20, 62, 6, , 2
2016/5/21, 61, 9, 1, 3
2016/5/22, 48, 4, 1, 2
2016/5/23, 44, 5, 1, 2
2016/5/24, 38, 6, , 2
2016/5/25, 38, 8, , 2
2016/5/26, 49, 3, , 1
2016/5/27, 37, 4, 1, 2
2016/5/28, 50, 2, 1, 2
2016/5/29, 48, 6, 1, 2
2016/5/30, 53, 4, 1, 2
2016/5/31, 49, 3, , 2
2016/6/1, 36, 3, , 2
2016/6/2, 42, 4, 1, 2
2016/6/3, 47, 4, 1, 2
2016/6/4, 55, 3, , 1
2016/6/5, 25, 4, , 2
2016/6/6, 29, 7, , 2
2016/6/7, 45, 11, 1, 2
2016/6/8, 40, 4, , 1
2016/6/9, 36, 6, 1, 1
2016/6/10, 34, 2, , 1
2016/6/11, 35, 3, , 1
2016/6/12, 32, 6, 1, 1
2016/6/13, 34, 4, 1, 1
2016/6/14, 33, 5, 1, 2
2016/6/15, 32, 4, , 2
2016/6/16, 34, 2, 1, 2
2016/6/17, 36, 2, 1, 1
2016/6/18, 37, 4, , 1
2016/6/19, 53, 5, 1, 2
2016/6/20, 50, 3, 1, 2
2016/6/21, 35, 4, , 2
2016/6/22, 45, 6, 1, 2
2016/6/23, 44, 6, , 2
2016/6/24, 61, 2, 1, 2
2016/6/25, 63, 1, 1, 2
2016/6/26, 53, 3, 1, 2
2016/6/27, 24, 4, , 1
2016/6/28, 41, 8, 1, 2
2016/6/29, 44, 3, 1, 2
2016/6/30, 56, 3, , 2
2016/1/4, 98, 8, 2, 5
2016/1/5, 126, 3, 2, 3
2016/1/6, 119, 6, 2, 4
2016/1/7, 133, 4, 1, 4
2016/1/8, 127, 8, 1, 5
2016/1/9, 104, 3, 2, 4
2016/1/10, 75, 3, 2, 4
2016/1/11, 68, 7, 1, 5
2016/1/12, 75, 7, , 5
2016/1/13, 91, 6, , 4
2016/1/14, 59, 8, 2, 5
2016/1/15, 113, 8, 1, 4
2016/1/16, 87, 12, 1, 7
2016/1/17, 144, 15, 2, 7
2016/1/18, 139, 10, 2, 4
2016/1/19, 139, 8, 3, 4
2016/1/20, 155, 7, 1, 4
2016/1/21, 144, 11, 2, 5
2016/1/22, 152, 11, 2, 5
2016/1/23, 135, 6, 2, 5
2016/1/24, 152, 9, 3, 5
2016/1/25, 97, 7, 1, 5
2016/1/26, 83, 6, 1, 4
2016/1/27, 87, 5, 1, 4
2016/1/28, 63, 5, 1, 3
2016/1/29, 63, 4, 2, 4
2016/1/30, 66, 2, 2, 4
2016/1/31, 53, 6, , 4
2016/2/1, 58, 4, 2, 2
2016/2/2, 53, 2, 1, 2
2016/2/3, 48, 4, , 2
2016/2/4, 50, 4, , 2
2016/2/5, 55, 4, 1, 3
2016/2/6, 87, 1, 1, 3
2016/2/7, 75, 3, 3, 3
2016/2/8, 70, 3, 1, 3
2016/2/9, 46, 3, 2, 3
2016/2/10, 69, 6, 1, 4
2016/2/11, 57, 7, , 3
2016/2/12, 80, 3, 1, 2
2016/2/13, 64, 3, 1, 3
2016/2/14, 51, 8, , 5
2016/2/15, 77, 6, , 3
2016/2/16, 60, 4, , 3
2016/2/17, 51, 3, 1, 3
2016/2/18, 56, 8, 1, 4
2016/2/19, 78, 4, 1, 3
2016/2/20, 77, 4, 1, 4
2016/2/21, 75, 4, 1, 3
2016/2/22, 38, 5, , 3
2016/2/23, 55, 5, 1, 3
2016/2/24, 67, 6, , 3
2016/2/25, 66, 7, 1, 4
2016/2/26, 94, 6, 1, 4
2016/2/27, 120, 7, 1, 5
2016/2/28, 103, 5, 1, 4
2016/2/29, 94, 5, 1, 3
2016/3/1, 64, 6, , 3
2016/3/2, 83, 3, 1, 3
2016/3/3, 79, 4, , 3
2016/3/4, 63, 2, , 3
2016/3/5, 67, 2, 1, 4
2016/3/6, 72, 9, 1, 5
2016/3/7, 86, 8, 1, 4
2016/3/8, 49, 7, 1, 4
2016/3/9, 80, 5, 1, 3
2016/3/10, 56, 5, 1, 4
2016/3/11, 54, 4, 3, 3
2016/3/12, 60, 5, 2, 2
2016/3/13, 53, 8, , 3
2016/3/14, 87, 5, , 2
2016/3/15, 50, 7, 1, 2
2016/3/16, 62, 5, 1, 2
2016/3/17, 69, 4, 1, 2
2016/3/18, 57, 3, , 1
2016/3/19, 41, 3, 1, 2
2016/3/20, 69, 5, 1, 2
2016/3/21, 67, 5, 1, 2
2016/3/22, 54, 5, , 2
2016/3/23, 46, 10, 1, 3
2016/3/24, 63, 11, 2, 7
2016/3/25, 128, 3, 1, 3
2016/3/26, 120, 4, 1, 3
2016/3/27, 108, 4, 1, 2
2016/3/28, 103, 4, 1, 2
2016/3/29, 97, 4, 1, 2
2016/3/30, 53, 5, 1, 2
2016/3/31, 58, 6, 1, 3
2015/10/1, 68, 6, 1, 2
2015/10/2, 65, 12, , 3
2015/10/3, 83, 7, , 3
2015/10/4, 88, 10, , 5
2015/10/5, 91, 4, , 2
2015/10/6, 78, 5, , 1
2015/10/7, 21, 7, , 2
2015/11/3, 66, 8, 1, 4
2015/11/4, 123, 5, , 3
2015/11/5, 61, 2, , 2
2015/11/6, 39, 3, , 3
2015/11/7, 110, 3, 1, 4
2015/11/8, 65, 6, 1, 3
2015/11/9, 50, 5, 2, 3
2015/11/10, 29, 2, , 
2015/11/11, 18, 4, , 
2015/11/12, 52, 6, , 
2015/11/13, 51, 4, , 
2015/11/14, 55, 3, , 
2015/11/15, 45, 9, , 
2015/11/16, 54, 8, , 
2015/11/17, 74, 5, , 
2015/11/18, 46, 5, , 
2015/11/19, 32, 5, , 
2015/11/20, 34, 8, , 
2015/11/21, 63, 7, , 
2015/11/22, 67, 8, , 
2015/11/23, 90, 8, 1, 2
2015/11/24, 101, 4, 3, 2
2015/11/25, 83, 6, 1, 3
2015/11/26, 97, 8, , 4
2015/11/27, 127, 5, 1, 3
2015/11/28, 114, 5, 1, 2
2015/11/29, 92, 4, 1, 2
2015/11/30, 49, 5, , 2
2015/12/1, 44, 9, , 2
2015/12/2, 61, 8, 1, 3
2015/12/3, 103, 7, 2, 3
2015/12/4, 107, 4, 1, 2
2015/12/5, 62, 2, 2, 2
2015/12/6, 61, 6, , 2
2015/12/7, 53, 10, 1, 4
2015/12/8, 82, 4, 1, 2
2015/12/9, 76, 9, , 3
2015/12/10, 86, 8, 3, 3
2015/12/11, 95, 4, 1, 2
2015/12/12, 62, 2, 1, 2
2015/12/13, 50, 7, , 3
2015/12/14, 40, 12, 1, 5
2015/12/15, 113, 9, 1, 6
2015/12/16, 120, 8, 2, 5
2015/12/17, 114, 7, 1, 4
2015/12/18, 71, 4, 1, 3
2015/12/19, 64, 5, 2, 4
2015/12/20, 97, 8, 2, 6
2015/12/21, 86, 5, 1, 3
2015/12/22, 56, 4, 1, 2
2015/12/23, 51, 5, 1, 2
2015/12/24, 58, 3, 1, 3
2015/12/25, 92, 2, , 2
2015/12/26, 51, 4, , 2
2015/12/27, 49, 4, , 2
2015/12/28, 51, 8, , 3
2015/12/29, 58, 9, 1, 6
2015/12/30, 92, , , 
2016/1/3, 89, 5, 2, 4
2015/7/1, 33, 4, 1, 2
2015/7/2, 30, 7, 1, 2
2015/7/3, 35, 6, 2, 3
2015/7/4, 39, 7, 1, 3
2015/7/5, 52, 7, 1, 3
2015/7/6, 68, 3, 1, 2
2015/7/7, 39, 3, 2, 3
2015/7/8, 55, 3, 1, 2
2015/7/9, 36, 2, 1, 2
2015/7/10, 26, 1, 1, 2
2015/7/11, 24, 2, 1, 2
2015/7/12, 21, 4, 1, 2
2015/7/13, 35, 4, , 3
2015/7/14, 39, 4, , 2
2015/7/15, 25, 5, , 2
2015/7/16, 21, 9, 1, 3
2015/7/17, 40, 2, , 2
2015/7/18, 32, 2, 1, 3
2015/7/19, 33, 1, 2, 2
2015/7/20, 33, 2, , 2
2015/7/21, 21, 4, 1, 2
2015/7/22, 41, 4, 1, 2
2015/7/23, 35, 4, 1, 2
2015/7/24, 26, 2, 1, 2
2015/7/25, 42, 2, 1, 2
2015/7/26, 41, 3, 1, 2
2015/7/27, 26, 3, 1, 3
2015/7/28, 30, 3, 1, 2
2015/7/29, 35, 2, 1, 2
2015/7/30, 37, 3, 1, 2
2015/7/31, 27, 3, , 2
2015/8/1, 30, 4, 1, 2
2015/8/2, 42, 7, 1, 3
2015/8/3, 52, 7, 1, 2
2015/8/4, 68, 8, , 2
2015/8/5, 74, 5, 1, 3
2015/8/6, 79, 7, 1, 3
2015/8/7, 74, 8, 2, 3
2015/8/8, 66, 2, 2, 2
2015/8/9, 61, 4, 1, 3
2015/8/10, 36, 6, 1, 3
2015/8/11, 51, 16, 1, 4
2015/8/12, 80, 5, 1, 3
2015/8/13, 43, 3, 1, 2
2015/8/14, 26, 2, 2, 2
2015/8/15, 28, 1, , 2
2015/8/16, 24, 2, , 2
2015/8/17, 26, 2, , 2
2015/8/18, 15, 3, 1, 2
2015/8/19, 45, 4, , 2
2015/8/20, 37, 7, 1, 2
2015/8/21, 46, 12, 1, 3
2015/8/22, 45, 11, 2, 4
2015/8/23, 56, 6, 1, 3
2015/8/24, 61, 3, 1, 3
2015/8/25, 58, 7, 1, 3
2015/8/26, 39, 6, 1, 3
2015/8/27, 48, 4, 2, 3
2015/8/28, 74, 5, , 2
2015/8/29, 23, 8, 1, 2
2015/8/30, 44, 9, 2, 2
2015/8/31, 48, 8, 2, 4
2015/9/1, 91, 10, 1, 4
2015/9/2, 83, 9, , 3
2015/9/3, 33, 13, 1, 3
2015/9/4, 54, 4, 2, 2
2015/9/5, 55, 3, 2, 2
2015/9/6, 47, 5, 1, 2
2015/9/7, 21, 6, 1, 2
2015/9/8, 21, 12, 1, 3
2015/9/9, 38, 6, , 3
2015/9/10, 40, 5, , 2
2015/9/11, 34, 2, , 2
2015/9/12, 37, 1, , 3
2015/9/13, 44, 3, , 3
2015/9/14, 57, 6, , 4
2015/9/15, 61, 6, , 3
2015/9/16, 67, 5, 1, 3
2015/9/17, 67, 6, , 2
2015/9/18, 46, 11, , 3
2015/9/19, 50, 11, , 3
2015/9/20, 65, 5, , 3
2015/9/21, 52, 5, , 3
2015/9/22, 53, 9, 5, 4
2015/9/23, 57, 9, 2, 4
2015/9/24, 86, 8, , 3
2015/9/25, 67, 4, , 2
2015/9/26, 35, 3, , 2
2015/9/27, 25, 7, , 2
2015/9/28, 37, 8, , 2
2015/9/29, 37, 9, , 3
2015/9/30, 37, 11, 1, 3
2015/4/1, 31, 5, 2, 2
2015/4/2, 45, 7, 1, 2
2015/4/3, 51, 3, , 2
2015/4/4, 32, 3, , 2
2015/4/5, 42, 3, 1, 2
2015/4/6, 46, 6, 1, 3
2015/4/7, 62, 4, 1, 2
2015/4/8, 39, 4, 1, 2
2015/4/9, 34, 8, 3, 3
2015/4/10, 68, 8, 3, 5
2015/4/11, 102, 4, 2, 4
2015/4/12, 60, 4, 1, 4
2015/4/13, 47, 4, 1, 4
2015/4/14, 30, 4, 2, 4
2015/4/15, 47, 5, 2, 4
2015/4/16, 32, 5, 2, 4
2015/4/17, 39, 5, 2, 5
2015/4/18, 42, 3, 2, 4
2015/4/19, 47, 4, 2, 3
2015/4/20, 25, 6, 1, 2
2015/4/21, 41, 14, 2, 4
2015/4/22, 65, 9, 2, 3
2015/4/23, 56, 5, 2, 3
2015/4/24, 43, 5, 1, 4
2015/4/25, 72, 4, 2, 4
2015/4/26, 65, 7, 1, 4
2015/4/27, 56, 5, 1, 3
2015/4/28, 51, 5, 1, 2
2015/4/29, 34, 10, 1, 3
2015/4/30, 38, 4, 2, 2
2015/5/1, 52, 4, 1, 3
2015/5/2, 45, 4, 1, 2
2015/5/3, 44, 5, 1, 3
2015/5/4, 48, 5, 2, 3
2015/5/5, 56, 8, 1, 4
2015/5/6, 54, 10, 1, 4
2015/5/7, 39, 4, 1, 3
2015/5/8, 32, 7, 2, 2
2015/5/9, 42, 5, 2, 3
2015/5/10, 51, 5, 2, 3
2015/5/11, 31, 6, 3, 3
2015/5/12, 44, 4, 3, 3
2015/5/13, 31, 6, 2, 3
2015/5/14, 34, 7, 1, 3
2015/5/15, 27, 6, 1, 2
2015/5/16, 36, 2, 1, 3
2015/5/17, 30, 5, 2, 3
2015/5/18, 31, 8, 2, 4
2015/5/19, 59, 6, 1, 4
2015/5/20, 59, 5, 1, 3
2015/5/21, 32, 7, , 3
2015/5/22, 26, 10, 1, 4
2015/5/23, 57, 7, 1, 3
2015/5/24, 52, 9, 2, 4
2015/5/25, 41, 5, 2, 4
2015/5/26, 40, 1, 1, 3
2015/5/27, 26, 6, 2, 3
2015/5/28, 21, 7, 1, 2
2015/5/29, 51, 4, 1, 2
2015/5/30, 54, 3, , 2
2015/5/31, 31, 3, 1, 2
2015/6/1, 31, 4, 2, 2
2015/6/2, 48, 4, 2, 2
2015/6/3, 44, 2, 1, 1
2015/6/4, 22, 5, 1, 2
2015/6/5, 30, 3, 2, 2
2015/6/6, 34, 3, 1, 2
2015/6/7, 48, 4, 1, 2
2015/6/8, 24, 6, 6, 2
2015/6/9, 27, 4, 4, 2
2015/6/10, 25, 6, 1, 2
2015/6/11, 28, 6, 1, 2
2015/6/12, 32, 4, 2, 3
2015/6/13, 60, 6, 4, 4
2015/6/14, 74, 7, 1, 3
2015/6/15, 46, 3, 1, 2
2015/6/16, 22, 4, 1, 2
2015/6/17, 26, 6, 2, 2
2015/6/18, 45, 6, 2, 2
2015/6/19, 41, 5, 2, 2
2015/6/20, 29, 5, 1, 3
2015/6/21, 26, 5, 1, 3
2015/6/22, 30, 4, 3, 4
2015/6/23, 25, 3, 2, 2
2015/6/24, 29, 7, 1, 3
2015/6/25, 43, 7, 2, 3
2015/6/26, 51, 4, 2, 2
2015/6/27, 35, 9, 1, 3
2015/6/28, 42, 6, 1, 2
2015/6/29, 41, 4, 2, 2
2015/6/30, 31, 3, 1, 2
2015/1/1, 79, 4, 4, 5
2015/1/2, 74, 1, 1, 2
2015/1/3, 36, 1, , 2
2015/1/4, 35, 4, 1, 2
2015/1/5, 35, 5, 1, 3
2015/1/6, 58, 3, 1, 3
2015/1/7, 73, 5, 4, 4
2015/1/8, 102, 5, 4, 4
2015/1/9, 65, 4, 2, 4
2015/1/10, 41, 1, 2, 3
2015/1/11, 31, 5, 1, 3
2015/1/12, 44, 6, 2, 3
2015/1/13, 52, 8, 3, 4
2015/1/14, 67, 10, 2, 5
2015/1/15, 86, 4, 2, 4
2015/1/16, 75, 5, 3, 4
2015/1/17, 83, 14, 2, 10
2015/1/18, 106, 10, 1, 10
2015/1/19, 134, 5, 1, 3
2015/1/20, 65, 5, 2, 3
2015/1/21, 60, 6, 1, 4
2015/1/22, 65, 7, 1, 5
2015/1/23, 51, 5, 1, 4
2015/1/24, 67, 6, 1, 5
2015/1/25, 54, 9, 1, 5
2015/1/26, 91, 5, 2, 5
2015/1/27, 102, 8, 2, 5
2015/1/28, 81, 5, 3, 4
2015/1/29, 70, 4, 2, 5
2015/1/30, 75, 5, 2, 5
2015/1/31, 66, 5, 3, 5
2015/2/1, 75, 9, 3, 7
2015/2/2, 120, 11, 2, 8
2015/2/3, 145, 12, 2, 9
2015/2/4, 155, 10, 2, 7
2015/2/5, 123, 7, 1, 6
2015/2/6, 92, 4, 2, 7
2015/2/7, 90, 2, 2, 6
2015/2/8, 30, 11, 1, 7
2015/2/9, 41, 10, 1, 8
2015/2/10, 102, 7, 1, 7
2015/2/11, 65, 7, 1, 4
2015/2/12, 89, 7, 2, 3
2015/2/13, 130, 8, 2, 4
2015/2/14, 127, 3, 1, 3
2015/2/15, 107, 3, , 2
2015/2/16, 44, 2, 1, 2
2015/2/17, 47, 8, 4, 4
2015/2/18, 131, 10, 2, 4
2015/2/19, 113, 12, 5, 5
2015/2/20, 151, 6, 4, 4
2015/2/21, 132, 13, 3, 7
2015/2/22, 150, 8, 5, 4
2015/2/23, 124, 12, 4, 7
2015/2/24, 141, 11, 1, 6
2015/2/25, 134, 7, , 5
2015/2/26, 93, 8, 2, 4
2015/2/27, 101, 8, 1, 4
2015/2/28, 135, 5, 2, 4
2015/3/1, 129, 4, 2, 3
2015/3/2, 70, 7, 1, 3
2015/3/3, 57, 7, 1, 4
2015/3/4, 59, 9, 1, 4
2015/3/5, 66, 6, 1, 3
2015/3/6, 58, 8, 2, 3
2015/3/7, 112, 5, 4, 3
2015/3/8, 101, 14, 4, 5
2015/3/9, 96, 21, 4, 12
2015/3/10, 150, 15, 3, 7
2015/3/11, 117, 7, 3, 3
2015/3/12, 50, 2, 2, 2
2015/3/13, 40, , , 
2015/3/16, 72, 6, 1, 
2015/3/17, 75, 11, 3, 
2015/3/18, 103, 17, 3, 
2015/3/19, 113, 15, 3, 
2015/3/20, 138, 8, 4, 
2015/3/21, 130, 7, 2, 
2015/3/22, 36, 6, 2, 12
2015/3/23, 67, 12, 5, 13
2015/3/24, 112, 16, 4, 7
2015/3/25, 154, 7, 2, 3
2015/3/26, 122, 6, 3, 2
2015/3/27, 100, 6, 1, 2
2015/3/28, 41, 4, 1, 1
2015/3/29, 48, 3, 3, 2
2015/3/30, 40, 3, 1, 1
2015/3/31, 36, 3, 1, 2
2014/10/1, 46, 8, 1, 2
2014/10/2, 59, 10, 2, 4
2014/10/3, 84, 9, 2, 3
2014/10/4, 88, 8, 1, 4
2014/10/5, 101, 5, 1, 2
2014/10/6, 74, 4, 2, 2
2014/10/7, 81, 3, 2, 2
2014/10/8, 64, 4, 3, 2
2014/10/9, 68, 10, 3, 4
2014/10/10, 66, 10, 2, 4
2014/10/11, 91, 5, , 2
2014/10/12, 96, 9, 2, 3
2014/10/13, 64, 7, 2, 3
2014/10/14, 91, 8, 2, 3
2014/10/15, 36, 11, 1, 4
2014/10/16, 74, 10, 1, 5
2014/10/17, 93, 8, 1, 4
2014/10/18, 53, 3, 2, 2
2014/10/19, 78, 4, 2, 2
2014/10/20, 43, 7, 3, 2
2014/10/21, 52, 6, 1, 3
2014/10/22, 73, 4, , 2
2014/10/23, 45, 6, 1, 2
2014/10/24, 58, 3, 1, 3
2014/10/25, 84, 3, 2, 2
2014/10/26, 63, 8, 4, 3
2014/10/27, 83, 8, 3, 3
2014/10/28, 94, 5, 3, 3
2014/10/29, 110, , , 
2014/11/4, 94, 4, 3, 
2014/11/5, 79, 5, 3, 6
2014/11/6, 77, 7, 3, 5
2014/11/7, 80, 7, 1, 3
2014/11/8, 54, 4, , 2
2014/11/9, 56, 2, , 2
2014/11/10, 86, 5, 1, 2
2014/12/3, 106, 9, 2, 5
2014/12/4, 120, 5, 1, 4
2014/12/5, 84, 5, 1, 4
2014/12/6, 126, 6, 1, 5
2014/12/7, 154, 5, 1, 5
2014/12/9, 141, 9, 2, 4
2014/12/10, 98, 9, 2, 5
2014/12/11, 139, 9, 3, 4
2014/12/12, 90, 4, 3, 3
2014/12/13, 49, 6, 2, 4
2014/12/14, 82, 7, 2, 6
2014/12/15, 115, 9, 3, 6
2014/12/16, 114, 9, 4, 4
2014/12/17, 83, 8, 3, 5
2014/12/18, 90, 6, 3, 4
2014/12/19, 44, 4, 2, 4
2014/12/20, 37, 3, 2, 4
2014/12/21, 39, 5, 2, 5
2014/12/22, 35, 5, 2, 4
2014/12/23, 29, 4, 2, 5
2014/12/24, 25, 3, 1, 5
2014/12/25, 25, 8, 2, 9
2014/12/26, 83, 9, 2, 9
2014/12/27, 117, 5, 1, 6
2014/12/28, 79, , , 
2014/9/20, 81, 4, , 3
2014/9/21, 96, 4, , 2
2014/9/22, 72, , , 
2014/9/24, 34, 4, 2, 1
2014/9/25, 52, 6, 1, 1
2014/9/26, 41, 4, 1, 1
2014/9/27, 54, 5, 1, 2
2014/9/28, 45, 11, 1, 3
2014/9/29, 67, 13, 1, 3
2014/9/30, 91, 5, 1, 2
2022/10/1, , 2, , 
2022/10/2, , 2, , 
2022/10/3, , 2, , 
2022/10/4, , 3, , 
2022/10/5, , 5, , 
2022/10/6, , 6, , 
2022/10/7, , 5, , 
2022/10/8, , 3, 1, 
2022/10/9, , 2, 2, 
2022/10/10, , 3, 1, 
2022/10/11, , 6, , 
2022/10/12, , 6, , 
2022/10/13, , 8, , 
2022/10/14, , 4, 1, 
2022/10/15, , 2, 1, 
2022/10/16, , 1, 1, 
2022/10/17, , 5, , 
2022/10/18, , 6, 1, 
2022/10/19, , 4, , 
2022/10/20, , 8, , 
2022/10/21, , 4, , 
2022/10/22, , 4, , 
2022/10/23, , 3, 1, 
2022/10/24, , 3, , 
2022/10/25, , 7, 2, 
2022/10/26, , 6, , 
2022/10/27, , 9, , 
2022/10/28, , 6, , 
2022/10/29, , 4, , 
2022/10/30, , 4, 1, 
2022/10/31, , 8, , 
2022/11/1, , 4, , 
2022/11/2, , 6, , 
2022/11/3, , 8, , 
2022/11/4, , 5, , 
2022/11/5, , 2, , 
2022/11/6, , 5, , 
2022/11/7, , 6, , 
2022/11/8, , 6, , 
2022/11/9, , 5, , 
2022/11/10, , 7, , 
2022/11/11, , 4, , 
2022/11/12, , 4, , 
2022/11/13, , 6, 1, 
2022/11/14, , 5, , 
2022/9/2, , 6, , 
2022/9/3, , 3, 1, 
2022/9/4, , 5, , 
2022/9/5, , 11, , 
2022/9/6, , 12, , 
2022/9/7, , 8, 1, 
2022/9/8, , 2, , 
2022/9/9, , 2, 1, 
2022/9/10, , 2, , 
2022/9/11, , 3, , 
2022/9/12, , 4, , 
2022/9/13, , 5, , 
2022/9/14, , 5, , 
2022/9/15, , 3, 1, 
2022/9/16, , 3, , 
2022/9/17, , 4, , 
2022/9/18, , 4, , 
2022/9/19, , 6, , 
2022/9/20, , 5, , 
2022/9/21, , 6, , 
2022/9/22, , 7, , 
2022/9/23, , 8, , 
2022/9/24, , 7, 1, 
2022/9/25, , 7, 1, 
2022/9/26, , 5, , 
2022/9/27, , 5, , 
2022/9/28, , 6, , 
2022/9/29, , 8, , 
2022/9/30, , 3, 1, 
2022/3/26, , 1, , 
2021/12/25, , 4, , 2
2021/7/11, , 3, , 3
2020/12/20, , 3, , 3
2020/8/18, , 5, , 2
2020/3/31, , 1, , 1
2019/12/31, , 2, , 2
2020/3/7, , 3, , 2
2020/3/8, , 3, , 2
2020/3/9, , 5, , 3
2019/7/21, , 4, , 2
2019/8/4, , 7, , 2
2019/6/10, , 2, , 2
2018/12/31, , 2, , 2
2018/4/30, , 4, 1, 2
2017/12/31, , 3, 2, 3
2018/1/13, , 1, , 2
2018/1/14, , 2, 1, 2
2018/1/15, , 2, 3, 2
2018/1/16, , 8, 4, 3
2018/1/17, , 7, 3, 3
2018/1/18, , 9, 3, 4
2018/1/19, , 7, 1, 5
2018/1/20, , 6, , 3
2018/1/21, , 5, , 2
2018/1/22, , 4, 1, 2
2018/1/23, , 4, 2, 3
2018/1/24, , 6, 3, 4
2018/3/3, , 13, 5, 5
2017/11/12, , 9, 1, 3
2017/7/22, , 2, 1, 2
2017/8/28, , 7, , 2
2017/9/10, , 5, , 2
2016/11/11, , 11, 1, 6
2016/11/12, , 8, 1, 4
2016/11/13, , 8, 1, 3
2016/11/14, , 7, 2, 3
2016/11/22, , 3, 1, 
2015/10/8, , 12, , 3
2015/10/9, , 15, , 11
2015/10/10, , 8, , 3
2015/10/11, , 5, , 1
2015/10/12, , 5, , 2
2015/10/13, , 6, , 3
2015/10/14, , 5, , 3
2015/10/15, , 5, , 4
2015/10/16, , 6, , 5
2015/10/17, , 4, , 4
2015/10/18, , 7, , 5
2015/10/19, , 6, , 6
2015/10/20, , 7, , 4
2015/10/21, , 7, , 5
2015/10/22, , 6, , 3
2015/10/23, , 4, , 2
2015/10/24, , 4, , 3
2015/10/25, , 6, , 3
2015/10/26, , 11, 1, 4
2015/10/27, , 8, , 5
2015/10/28, , 7, , 4
2015/10/29, , 11, , 5
2015/10/30, , 4, , 3
2015/10/31, , 6, 2, 3
2015/11/1, , 9, 3, 4
2015/11/2, , 5, 1, 3
2016/1/2, , 4, 1, 3
2014/12/31, , 4, 2, 7
2015/3/15, , 7, 1, 
2014/11/3, , 5, 3, 
2014/11/11, , 4, 1, 2
2014/11/12, , 5, 1, 1
2014/11/13, , 4, 1, 
2014/11/14, , 3, 1, 
2014/11/15, , 2, 1, 
2014/11/16, , 4, 1, 
2014/11/17, , 5, 1, 
2014/11/18, , 4, 2, 3
2014/11/19, , 5, 2, 3
2014/11/22, , 10, 1, 5
2014/11/23, , 3, 1, 2
2014/11/24, , 3, 1, 2
2014/11/25, , 3, 1, 2
2014/11/26, , 3, 1, 2
2014/11/27, , 7, 2, 3
2014/11/28, , 8, 2, 3
2014/11/29, , 8, 2, 4
2014/11/30, , 6, 1, 3
2014/12/1, , 8, 2, 4
2014/12/2, , 8, 3, 4
2014/12/8, , 15, 2, 8
2014/9/19, , 5, 1, 3
2014/9/23, , 5, , 1