date, pm10, o3, no2, so2, co
2023/1/2, 23, 18, , 3, 
2023/1/3, 25, 27, 7, 2, 
2023/1/4, 19, 24, 4, 1, 
2023/1/5, 9, 20, 3, 1, 
2023/1/6, 13, 17, , 2, 
2023/1/7, 11, , , , 
2022/10/1, 21, 24, , 1, 
2022/10/2, 11, 18, , 1, 
2022/10/3, 11, 18, , 1, 
2022/10/4, 16, 25, , 1, 
2022/10/5, 15, 29, , 1, 
2022/10/6, 15, 26, , 1, 
2022/10/7, 20, 30, , , 
2022/10/8, 25, 22, , 1, 
2022/10/9, 20, 30, , , 
2022/10/10, 19, 16, , 1, 
2022/10/11, 29, 21, , 1, 
2022/10/12, 27, 18, , 1, 
2022/10/13, 33, 29, , 1, 
2022/10/14, 28, 32, , 2, 
2022/10/15, 23, 29, , 2, 
2022/10/16, 18, 27, , 1, 
2022/10/17, 19, 31, , 2, 
2022/10/18, 19, 21, , 1, 
2022/10/19, 14, 19, , 1, 
2022/10/20, 24, 26, , 2, 
2022/10/21, 20, 16, , 2, 
2022/10/22, 30, 21, , 1, 
2022/10/23, 14, 23, , 1, 
2022/10/24, 15, 23, , 2, 
2022/10/25, 13, 21, , 1, 
2022/10/26, 18, 20, , , 
2022/10/27, 22, 16, , , 
2022/10/28, 21, 14, , 1, 
2022/10/29, 22, 16, , 2, 
2022/10/30, 24, 15, , 2, 
2022/10/31, 32, 10, , 1, 
2022/11/1, 23, 22, , 3, 
2022/11/2, 19, 26, , 3, 
2022/11/3, 22, 29, , 2, 
2022/11/4, 18, 19, , 1, 
2022/11/5, 15, 12, , 2, 
2022/11/6, 28, 21, , 1, 
2022/11/7, 16, 23, , 1, 
2022/11/8, 14, 22, , 2, 
2022/11/9, 21, 10, , 2, 
2022/11/10, 25, 17, , 2, 
2022/11/11, 31, 13, , 3, 
2022/11/12, 34, 11, , 2, 
2022/11/13, 49, 7, , 2, 
2022/11/14, 45, 8, , 4, 
2022/11/15, 46, 8, , 3, 
2022/11/16, 34, 7, , 2, 
2022/11/17, 16, 12, , 2, 
2022/11/18, 25, 13, , 5, 
2022/11/19, 31, 7, , 6, 
2022/11/20, 47, 15, , 2, 
2022/11/21, 17, 17, , 3, 
2022/11/22, 18, 2, , 3, 
2022/11/23, 47, 5, , 3, 
2022/11/24, 45, 7, , 3, 
2022/11/25, 38, 7, , 2, 
2022/11/26, 28, 8, , 2, 
2022/11/27, 33, 9, , 3, 
2022/11/28, 34, 10, , 4, 
2022/11/29, 48, 9, , 3, 
2022/11/30, 44, 8, , 4, 
2022/12/1, 30, 8, , 4, 
2022/12/2, 36, 1, , 6, 
2022/12/3, 64, 2, , 5, 
2022/12/4, 52, , , 4, 
2022/12/5, 48, , , 2, 
2022/12/6, 34, 20, , 2, 
2022/12/7, 12, 24, , 1, 
2022/12/8, 11, 13, , 5, 
2022/12/9, 36, 5, , 3, 
2022/12/10, 29, 18, , 3, 
2022/12/11, 20, 16, , 4, 
2022/12/12, 20, 15, , 5, 
2022/12/13, 32, 9, , 10, 
2022/12/14, 56, 4, , 10, 
2022/12/15, 54, 2, , 9, 
2022/12/16, 56, 6, , 6, 
2022/12/17, 57, 19, , 7, 
2022/12/18, 52, 30, , 6, 
2022/12/19, 27, 26, , 7, 
2022/12/20, 37, 14, , 7, 
2022/12/21, 43, 22, , 2, 
2022/12/22, 14, 20, , 2, 
2022/12/23, 10, 23, , 2, 
2022/12/24, 12, 23, , 3, 
2022/12/25, 19, 25, , 1, 
2022/12/26, 11, 25, , 2, 
2022/12/27, 11, 29, , 1, 
2022/12/28, 11, 28, , 1, 
2022/12/29, 13, 20, , 3, 
2022/12/30, 25, 26, , , 
2022/12/31, 8, 26, , 1, 
2023/1/1, 13, 20, , 2, 
2022/9/26, 18, 20, , 1, 
2022/9/27, 14, 28, , 2, 
2022/9/28, 8, 24, , 1, 
2022/9/29, 15, 5, , 1, 
2022/9/30, 22, 22, , 2, 
2021/7/1, 11, 24, , 1, 
2021/7/2, 13, 30, , , 
2021/7/3, 18, 45, , 1, 
2021/7/4, 18, 43, , 1, 
2021/7/5, 17, 41, , 1, 
2021/7/6, 18, 44, , 1, 
2021/7/7, 17, 50, , , 
2021/7/8, 25, 36, , , 
2021/7/9, 27, 40, , 2, 
2021/7/10, 12, 30, , 1, 
2021/7/11, 15, 29, , , 
2021/7/12, 12, 38, , , 
2021/7/13, 20, 40, , , 
2021/7/14, 29, 34, , , 
2021/7/15, 19, 37, , 1, 
2021/7/16, 27, , , , 
2021/7/18, 15, 32, , 2, 
2021/7/19, 19, 26, , 1, 
2021/7/20, 19, 35, , 1, 
2021/7/21, 19, 32, , 1, 
2021/7/22, 20, 38, , 1, 
2021/7/23, 21, 53, , 1, 
2021/7/24, 24, 42, , , 
2021/7/25, 20, 41, , , 
2021/7/26, 12, 41, , , 
2021/7/27, 17, 36, , , 
2021/7/28, 18, 38, , 1, 
2021/7/29, 15, 43, , , 
2021/7/30, 16, 40, , 1, 
2021/7/31, 14, 27, , , 
2021/8/1, 10, 27, , , 
2021/8/2, 11, 30, , , 
2021/8/3, 10, 33, , , 
2021/8/4, 12, 22, , , 
2021/8/5, 9, 27, , , 
2021/8/6, 10, 33, , 1, 
2021/8/7, 10, 33, , , 
2021/8/8, 8, 35, , , 
2021/8/9, 11, 37, , 1, 
2021/8/10, 15, 38, , 1, 
2021/8/11, 15, 38, , 1, 
2021/8/12, 16, 40, , 1, 
2021/8/13, 18, 44, , 1, 
2021/8/14, 21, 43, , , 
2021/8/15, 19, 41, , , 
2021/8/16, 15, 30, , , 
2021/8/17, 10, 34, , 1, 
2021/8/18, 11, 27, , , 
2021/8/19, 11, 23, , , 
2021/8/20, 12, 38, , , 
2021/8/21, 17, 32, , , 
2021/8/22, 15, 25, , , 
2021/8/23, 10, 21, , , 
2021/8/24, 13, 29, , 1, 
2021/8/25, 18, 26, , 1, 
2021/8/26, 12, 17, , 1, 
2021/8/27, 11, 19, , 1, 
2021/8/28, 10, 18, , , 
2021/8/29, 14, 28, , , 
2021/8/30, 13, 23, , , 
2021/8/31, 7, 22, , , 
2021/9/1, 13, 19, , 1, 
2021/9/2, 17, 32, , , 
2021/9/3, 16, 42, , , 
2021/9/4, 22, 30, , 1, 
2021/9/5, 16, 27, , 1, 
2021/9/6, 17, 36, , , 
2021/9/7, 19, 32, , , 
2021/9/8, 20, 41, , 1, 
2021/9/9, 21, 36, , 1, 
2021/9/10, 20, 39, , 1, 
2021/9/11, 21, 42, , 1, 
2021/9/12, 21, 23, , 1, 
2021/9/13, 21, 31, , 1, 
2021/9/14, 21, 33, , , 
2021/9/15, 23, 21, , , 
2021/9/16, 22, 19, , , 
2021/9/17, 12, 24, , 1, 
2021/9/18, 9, 20, , , 
2021/9/19, 16, 19, , 1, 
2021/9/20, 17, 26, , 2, 
2021/9/21, 17, 22, , 1, 
2021/9/22, 18, 33, , 1, 
2021/9/23, 16, 24, , 2, 
2021/9/24, 15, 32, , 1, 
2021/9/25, 18, 32, , 1, 
2021/9/26, 19, 15, , , 
2021/9/27, 22, 18, , 1, 
2021/9/28, 27, 13, , 1, 
2021/9/29, 26, , , , 
2021/4/1, 30, 27, , 2, 
2021/4/2, 28, 22, , 2, 
2021/4/3, 24, 30, , 3, 
2021/4/4, 22, 36, , 1, 
2021/4/5, 15, 28, , 1, 
2021/4/6, 17, 28, , 3, 
2021/4/7, 18, 23, , 2, 
2021/4/8, 20, 39, , 2, 
2021/4/9, 18, 43, , 2, 
2021/4/10, 17, 39, , 2, 
2021/4/11, 16, 36, , 2, 
2021/4/12, 18, 23, , 3, 
2021/4/13, 23, 21, , 2, 
2021/4/14, 23, 22, , 1, 
2021/4/15, 20, 18, , 1, 
2021/4/16, 19, 19, , 2, 
2021/4/17, 32, 25, , 4, 
2021/4/18, 35, 16, , 5, 
2021/4/19, 44, 28, , 3, 
2021/4/20, 37, 32, , 2, 
2021/4/21, 32, 29, , 1, 
2021/4/22, 23, 29, , 3, 
2021/4/23, 23, 33, , 4, 
2021/4/24, 29, 33, , 3, 
2021/4/25, 32, 33, , 3, 
2021/4/26, 29, 33, , 3, 
2021/4/27, 29, 42, , 3, 
2021/4/28, 30, 32, , 2, 
2021/4/29, 26, 40, , 2, 
2021/4/30, 19, 24, , 2, 
2021/5/1, 38, 29, , 1, 
2021/5/2, 18, 32, , , 
2021/5/3, 17, 44, , , 
2021/5/4, 15, 41, , 1, 
2021/5/5, 13, 36, , 1, 
2021/5/6, 10, 30, , 1, 
2021/5/7, 12, 32, , 1, 
2021/5/8, 18, 42, , 1, 
2021/5/9, 12, 40, , 1, 
2021/5/10, 13, 41, , 1, 
2021/5/11, 18, 43, , 2, 
2021/5/12, 20, 28, , , 
2021/5/13, 16, 21, , , 
2021/5/14, 13, 32, , , 
2021/5/15, 12, 29, , , 
2021/5/16, 11, 24, , 1, 
2021/5/17, 13, 25, , 1, 
2021/5/18, 13, 30, , 1, 
2021/5/19, 17, 33, , 1, 
2021/5/20, 17, 38, , , 
2021/5/21, 14, 33, , , 
2021/5/22, 12, 30, , 1, 
2021/5/23, 12, 35, , 1, 
2021/5/24, 11, 33, , , 
2021/5/25, 11, 37, , 1, 
2021/5/26, 10, 32, , 1, 
2021/5/27, 12, 30, , 1, 
2021/5/28, 14, 28, , 1, 
2021/5/29, 12, 26, , 1, 
2021/5/30, 16, 31, , 2, 
2021/5/31, 20, 38, , 1, 
2021/6/1, 21, 39, , 1, 
2021/6/2, 20, 39, , 1, 
2021/6/3, 19, 40, , 1, 
2021/6/4, 21, 45, , 1, 
2021/6/5, 22, 39, , 1, 
2021/6/6, 16, 49, , 1, 
2021/6/7, 20, 54, , 2, 
2021/6/8, 24, 39, , 1, 
2021/6/9, 23, 39, , 1, 
2021/6/10, 20, 31, , , 
2021/6/11, 17, 42, , , 
2021/6/12, 17, 27, , 1, 
2021/6/13, 14, 30, , 1, 
2021/6/14, 16, 46, , 1, 
2021/6/15, 19, 45, , 1, 
2021/6/16, 21, 45, , , 
2021/6/17, 20, 50, , , 
2021/6/18, 21, 42, , , 
2021/6/19, 18, 44, , , 
2021/6/20, 17, 44, , , 
2021/6/21, 20, 33, , , 
2021/6/22, 21, 20, , , 
2021/6/23, 31, 47, , , 
2021/6/24, 34, 31, , 1, 
2021/6/25, 20, 34, , 1, 
2021/6/26, 21, 42, , 1, 
2021/6/27, 16, 48, , 1, 
2021/6/28, 20, 44, , , 
2021/6/29, 21, 38, , , 
2021/6/30, 13, 29, , , 
2021/1/4, 58, 2, , 4, 
2021/1/5, 29, 7, , 6, 
2021/1/6, 47, 15, , 4, 
2021/1/7, 25, 16, , 5, 
2021/1/8, 25, 12, , 8, 
2021/1/9, 35, 8, , 9, 
2021/1/10, 47, 9, , 12, 
2021/1/11, 68, 21, , 4, 
2021/1/12, 26, 23, , 4, 
2021/1/13, 18, 24, , 4, 
2021/1/14, 28, 18, , 6, 
2021/1/15, 32, 22, , 5, 
2021/1/16, 26, 20, , 9, 
2021/1/17, 63, 14, , 14, 
2021/1/18, 66, 25, , 2, 
2021/1/19, 17, 30, , 1, 
2021/1/20, 10, 28, , 1, 
2021/1/21, 11, 29, , 1, 
2021/1/22, 13, 27, , 2, 
2021/1/23, 14, 22, , 4, 
2021/1/24, 17, 19, , 4, 
2021/1/25, 28, 20, , 6, 
2021/1/26, 27, 21, , 7, 
2021/1/27, 33, 20, , 4, 
2021/1/28, 26, 16, , 8, 
2021/1/29, 39, 17, , 5, 
2021/1/30, 30, 18, , 11, 
2021/1/31, 52, 15, , 14, 
2021/2/1, 67, 29, , 7, 
2021/2/2, 31, 23, , 1, 
2021/2/3, 9, 25, , 2, 
2021/2/4, 18, 8, , 5, 
2021/2/5, 51, 20, , 5, 
2021/2/6, 35, 19, , 5, 
2021/2/7, 30, 11, , 8, 
2021/2/8, 43, 8, , 20, 
2021/2/9, 80, 17, , 18, 
2021/2/10, 84, 23, , 6, 
2021/2/11, 47, 21, , 8, 
2021/2/12, 47, 23, , 7, 
2021/2/13, 42, 28, , 7, 
2021/2/14, 31, 24, , 10, 
2021/2/15, 49, 24, , 6, 
2021/2/16, 32, 21, , 5, 
2021/2/17, 26, 18, , 8, 
2021/2/18, 46, 25, , 5, 
2021/2/19, 34, 29, , 6, 
2021/2/20, 39, 25, , 9, 
2021/2/21, 47, 18, , 6, 
2021/2/22, 53, 14, , 6, 
2021/2/23, 51, 17, , 7, 
2021/2/24, 61, 32, , 3, 
2021/2/25, 50, 26, , 3, 
2021/2/26, 50, 21, , 2, 
2021/2/27, 24, 23, , 3, 
2021/2/28, 25, 18, , 5, 
2021/3/1, 39, 23, , 6, 
2021/3/2, 42, 26, , 5, 
2021/3/3, 40, 22, , 3, 
2021/3/4, 43, 15, , 5, 
2021/3/5, 33, 23, , 4, 
2021/3/6, 26, 31, , 3, 
2021/3/7, 24, 19, , 5, 
2021/3/8, 36, 29, , 7, 
2021/3/9, 42, 26, , 7, 
2021/3/10, 44, 30, , 3, 
2021/3/11, 29, 27, , 2, 
2021/3/12, 13, 33, , 1, 
2021/3/13, 11, 33, , 1, 
2021/3/14, 14, 22, , 4, 
2021/3/15, 34, 19, , 5, 
2021/3/16, 40, 18, , 3, 
2021/3/17, 28, 23, , 5, 
2021/3/18, 28, 23, , 5, 
2021/3/19, 44, , , , 
2021/3/21, 20, 27, , 5, 
2021/3/22, 27, 18, , 6, 
2021/3/23, 40, 14, , 5, 
2021/3/24, 37, 29, , 5, 
2021/3/25, 49, 33, , 4, 
2021/3/26, 44, 40, , 2, 
2021/3/27, 23, 30, , 2, 
2021/3/28, 21, 27, , 3, 
2021/3/29, 25, 26, , 2, 
2021/3/30, 31, 28, , 3, 
2021/3/31, 35, 36, , 2, 
2020/10/1, 12, 21, , 1, 
2020/10/2, 15, 35, , 2, 
2020/10/3, 19, 28, , 1, 
2020/10/4, 7, 28, , 1, 
2020/10/5, 8, 19, , 1, 
2020/10/6, 12, 19, , , 
2020/10/7, 11, 12, , 1, 
2020/10/8, 20, 19, , 1, 
2020/10/9, 16, 17, , 1, 
2020/10/10, 15, 15, , 2, 
2020/10/11, 20, 16, , 2, 
2020/10/12, 17, 17, , 2, 
2020/10/13, 14, 18, , 1, 
2020/10/14, 3, 13, , 2, 
2020/10/15, 22, 5, , 1, 
2020/10/16, 26, 9, , 1, 
2020/10/17, 14, 21, , 2, 
2020/10/18, 10, 17, , 3, 
2020/10/19, 18, 27, , 2, 
2020/10/20, 13, 29, , 3, 
2020/10/21, 19, 21, , 2, 
2020/10/22, 31, 15, , 2, 
2020/10/23, 38, 14, , 2, 
2020/10/24, 33, 8, , 2, 
2020/10/25, 36, 26, , 1, 
2020/10/26, 13, 25, , 1, 
2020/10/27, 22, 21, , 2, 
2020/10/28, 42, 17, , 1, 
2020/10/29, 10, 18, , 1, 
2020/10/30, 10, 18, , 2, 
2020/10/31, 23, 15, , 1, 
2020/11/1, 16, 15, , 1, 
2020/11/2, 6, 8, , 1, 
2020/11/3, 19, 9, , 2, 
2020/11/4, 25, 14, , 3, 
2020/11/5, 36, 11, , 4, 
2020/11/6, 39, 8, , 5, 
2020/11/7, 52, 14, , 5, 
2020/11/8, 40, 5, , 4, 
2020/11/9, 52, 3, , 3, 
2020/11/10, 44, 13, , 3, 
2020/11/11, 38, 20, , 2, 
2020/11/12, 11, 17, , 1, 
2020/11/13, 15, 13, , 3, 
2020/11/14, 24, 22, , 2, 
2020/11/15, 17, 22, , 2, 
2020/11/16, 17, 15, , 3, 
2020/11/17, 23, 19, , 1, 
2020/11/18, 33, 26, , 1, 
2020/11/19, 12, 19, , 3, 
2020/11/20, 32, 19, , 4, 
2020/11/21, 42, 29, , 1, 
2020/11/22, 7, 24, , 3, 
2020/11/23, 22, 17, , 3, 
2020/11/24, 22, 14, , 8, 
2020/11/25, 52, 7, , 5, 
2020/11/26, 61, 2, , 5, 
2020/11/27, 56, 10, , 5, 
2020/11/28, 35, 9, , 4, 
2020/11/29, 30, , , , 
2020/12/1, 49, 7, , 10, 
2020/12/2, 75, 5, , 17, 
2020/12/3, 103, 20, , 5, 
2020/12/4, 17, 25, , 3, 
2020/12/5, 14, 27, , 3, 
2020/12/6, 18, 19, , 4, 
2020/12/7, 28, 5, , 5, 
2020/12/8, 54, 3, , 5, 
2020/12/9, 53, 4, , 5, 
2020/12/10, 50, 6, , 9, 
2020/12/11, 60, 11, , 9, 
2020/12/12, 63, 8, , 7, 
2020/12/13, 54, 14, , 6, 
2020/12/14, 39, 10, , 10, 
2020/12/15, 68, 6, , 7, 
2020/12/16, 42, 3, , 9, 
2020/12/17, 74, 3, , 5, 
2020/12/18, 46, 3, , 8, 
2020/12/19, 73, 4, , 10, 
2020/12/20, 64, 7, , 9, 
2020/12/21, 57, 16, , 3, 
2020/12/22, 10, 14, , 2, 
2020/12/23, 19, 23, , 2, 
2020/12/24, 8, 21, , 2, 
2020/12/25, 19, 21, , 3, 
2020/12/26, 15, 22, , 5, 
2020/12/27, 28, 27, , 1, 
2020/12/28, 8, 26, , , 
2020/12/29, 7, 22, , 4, 
2020/12/30, 30, 10, , 6, 
2020/12/31, 44, 14, , 6, 
2021/1/1, 53, 17, , 7, 
2021/1/2, 41, 20, , 7, 
2021/1/3, 34, 8, , 9, 
2020/7/1, 11, 32, , , 
2020/7/2, 10, 18, , , 
2020/7/3, 13, 41, , , 
2020/7/4, 17, 36, , , 
2020/7/5, 12, 21, , 1, 
2020/7/6, 10, 22, , 1, 
2020/7/7, 15, 29, , 1, 
2020/7/8, 10, 41, , , 
2020/7/9, 10, 43, , 1, 
2020/7/10, 19, 30, , , 
2020/7/11, 9, 26, , 1, 
2020/7/12, 12, 23, , , 
2020/7/13, 14, 29, , , 
2020/7/14, 13, 33, , 1, 
2020/7/15, 14, 23, , 1, 
2020/7/16, 12, 28, , 1, 
2020/7/17, 14, 22, , , 
2020/7/18, 18, 30, , 1, 
2020/7/19, 14, 28, , 1, 
2020/7/20, 15, 24, , , 
2020/7/21, 22, 41, , , 
2020/7/22, 21, 33, , 1, 
2020/7/23, 24, 42, , , 
2020/7/24, 18, 45, , 1, 
2020/7/25, 20, 39, , 1, 
2020/7/26, 17, 34, , , 
2020/7/27, 11, 42, , , 
2020/7/28, 12, 38, , 1, 
2020/7/29, 16, 41, , 1, 
2020/7/30, 22, 38, , 1, 
2020/7/31, 24, 38, , 1, 
2020/8/1, 19, 34, , 1, 
2020/8/2, 15, 23, , , 
2020/8/3, 16, 7, , , 
2020/8/4, 8, 17, , , 
2020/8/5, 10, 23, , , 
2020/8/6, 20, 40, , 1, 
2020/8/7, 25, 45, , , 
2020/8/8, 29, 45, , , 
2020/8/9, 25, 36, , , 
2020/8/10, 16, 41, , , 
2020/8/11, 17, 39, , 1, 
2020/8/12, 21, 53, , 1, 
2020/8/13, 20, 34, , , 
2020/8/14, 20, 40, , , 
2020/8/15, 21, 33, , 1, 
2020/8/16, 17, 25, , , 
2020/8/17, 12, 28, , , 
2020/8/18, 15, 29, , , 
2020/8/19, 14, 36, , 1, 
2020/8/20, 16, 39, , , 
2020/8/21, 13, 39, , , 
2020/8/22, 12, 28, , , 
2020/8/23, 10, 35, , 1, 
2020/8/24, 12, 27, , 1, 
2020/8/25, 14, 34, , 1, 
2020/8/26, 14, 25, , 1, 
2020/8/27, 12, 43, , 1, 
2020/8/28, 12, 39, , 1, 
2020/8/29, 17, 39, , , 
2020/8/30, 15, 28, , , 
2020/8/31, 8, 19, , , 
2020/9/1, 4, 26, , , 
2020/9/2, 8, 29, , 1, 
2020/9/3, 13, 24, , 1, 
2020/9/4, 13, 24, , , 
2020/9/5, 9, 19, , , 
2020/9/6, 9, 21, , , 
2020/9/7, 14, 27, , 1, 
2020/9/8, 13, 39, , 1, 
2020/9/9, 12, 33, , 1, 
2020/9/10, 13, 22, , 1, 
2020/9/11, 15, 27, , 1, 
2020/9/12, 20, 37, , 1, 
2020/9/13, 18, 30, , , 
2020/9/14, 18, 28, , , 
2020/9/15, 20, 38, , 1, 
2020/9/16, 27, 20, , , 
2020/9/17, 20, 21, , 1, 
2020/9/18, 14, 28, , 1, 
2020/9/19, 22, 21, , , 
2020/9/20, 20, 33, , 1, 
2020/9/21, 24, 33, , 1, 
2020/9/22, 24, 30, , 1, 
2020/9/23, 23, 27, , , 
2020/9/24, 17, 25, , , 
2020/9/25, 13, 20, , , 
2020/9/26, 10, 18, , 1, 
2020/9/27, 6, 16, , 1, 
2020/9/28, 17, 12, , 2, 
2020/9/29, 12, 19, , 1, 
2020/9/30, 20, 11, , , 
2020/4/1, 39, 44, , 2, 
2020/4/2, 25, 41, , 3, 
2020/4/3, 30, 33, , 4, 
2020/4/4, 34, 39, , 4, 
2020/4/5, 34, 40, , 2, 
2020/4/6, 33, 40, , 2, 
2020/4/7, 29, 42, , 3, 
2020/4/8, 33, 46, , 3, 
2020/4/9, 31, 33, , 3, 
2020/4/10, 25, 42, , 5, 
2020/4/11, 36, 44, , 3, 
2020/4/12, 23, 42, , 1, 
2020/4/13, 18, 30, , 2, 
2020/4/14, 17, 35, , 3, 
2020/4/15, 20, 42, , 2, 
2020/4/16, 21, 36, , 3, 
2020/4/17, 31, 42, , 4, 
2020/4/18, 36, 37, , 4, 
2020/4/19, 29, 36, , 3, 
2020/4/20, 23, 37, , 3, 
2020/4/21, 23, 39, , 2, 
2020/4/22, 23, 39, , 3, 
2020/4/23, 27, 44, , 2, 
2020/4/24, 27, 43, , 1, 
2020/4/25, 30, 36, , 2, 
2020/4/26, 20, 40, , 2, 
2020/4/27, 17, 39, , 2, 
2020/4/28, 20, 33, , 2, 
2020/4/29, 19, 36, , 1, 
2020/4/30, 21, 27, , 1, 
2020/5/1, 14, 30, , 2, 
2020/5/2, 14, 26, , 1, 
2020/5/3, 14, 32, , 2, 
2020/5/4, 20, 32, , 1, 
2020/5/5, 16, 24, , 1, 
2020/5/6, 18, 30, , 2, 
2020/5/7, 25, 39, , 2, 
2020/5/8, 25, 44, , 2, 
2020/5/9, 22, 43, , 2, 
2020/5/10, 18, 42, , , 
2020/5/11, 19, 24, , 1, 
2020/5/12, 13, 27, , 1, 
2020/5/13, 16, 27, , 1, 
2020/5/14, 20, 22, , 2, 
2020/5/15, 29, 37, , 1, 
2020/5/16, 24, 40, , 2, 
2020/5/17, 21, 41, , 2, 
2020/5/18, 21, 43, , 2, 
2020/5/19, 20, 35, , 1, 
2020/5/20, 15, 33, , 2, 
2020/5/21, 20, 38, , 2, 
2020/5/22, 22, 33, , 1, 
2020/5/23, 18, 28, , 1, 
2020/5/24, 13, 24, , 2, 
2020/5/25, 12, 19, , 1, 
2020/5/26, 15, 32, , 1, 
2020/5/27, 21, 27, , 2, 
2020/5/28, 21, 19, , 2, 
2020/5/29, 24, 20, , 1, 
2020/5/30, 19, 20, , 1, 
2020/5/31, 17, 31, , 2, 
2020/6/1, 25, 27, , 1, 
2020/6/2, 19, 35, , 2, 
2020/6/3, 19, 33, , 1, 
2020/6/4, 17, 35, , 1, 
2020/6/5, 9, 28, , 1, 
2020/6/6, 10, 29, , 1, 
2020/6/7, 17, 19, , , 
2020/6/8, 12, 15, , 1, 
2020/6/9, 22, 20, , 1, 
2020/6/10, 19, 25, , 1, 
2020/6/11, 14, 31, , 1, 
2020/6/12, 21, 40, , 1, 
2020/6/13, 25, 19, , , 
2020/6/14, 19, 34, , 1, 
2020/6/15, 14, 25, , 1, 
2020/6/16, 17, 29, , 1, 
2020/6/17, 19, 28, , 1, 
2020/6/18, 17, 24, , , 
2020/6/19, 11, 21, , 1, 
2020/6/20, 4, 18, , , 
2020/6/21, 5, 16, , , 
2020/6/22, 9, 32, , 1, 
2020/6/23, 13, 19, , 1, 
2020/6/24, 16, 32, , 1, 
2020/6/25, 17, 34, , 1, 
2020/6/26, 12, 35, , , 
2020/6/27, 15, 40, , , 
2020/6/28, 10, 19, , 1, 
2020/6/29, 13, 31, , 1, 
2020/6/30, 10, 40, , , 
2020/1/1, 33, 24, , 6, 
2020/1/2, 35, 25, , 4, 
2020/1/3, 32, 26, , 2, 
2020/1/4, 16, 26, , 4, 
2020/1/5, 28, 19, , 6, 
2020/1/6, 39, 14, , 10, 
2020/1/7, 53, 18, , 4, 
2020/1/8, 28, 16, , 5, 
2020/1/9, 33, 24, , 5, 
2020/1/10, 29, 23, , 3, 
2020/1/11, 25, 27, , 2, 
2020/1/12, 19, 26, , 2, 
2020/1/13, 27, 20, , 4, 
2020/1/14, 35, 32, , 6, 
2020/1/15, 34, 23, , 10, 
2020/1/16, 61, 16, , 9, 
2020/1/17, 62, 24, , 6, 
2020/1/18, 38, 9, , 6, 
2020/1/19, 49, 10, , 7, 
2020/1/20, 51, 12, , 7, 
2020/1/21, 49, 15, , 5, 
2020/1/22, 37, 21, , 5, 
2020/1/23, 42, 14, , 7, 
2020/1/24, 45, 14, , 7, 
2020/1/25, 50, 15, , 9, 
2020/1/26, 57, 9, , 9, 
2020/1/27, 59, 29, , 2, 
2020/1/28, 17, 28, , 5, 
2020/1/29, 14, 26, , 3, 
2020/1/30, 13, 28, , 3, 
2020/1/31, 14, 27, , 1, 
2020/2/1, 8, 30, , 1, 
2020/2/2, 10, 25, , 2, 
2020/2/3, 12, 25, , 2, 
2020/2/4, 14, 22, , 4, 
2020/2/5, 23, 18, , 4, 
2020/2/6, 27, 18, , 6, 
2020/2/7, 36, 24, , 6, 
2020/2/8, 38, 35, , 3, 
2020/2/9, 20, 34, , 1, 
2020/2/10, 13, 29, , 1, 
2020/2/11, 11, 28, , 3, 
2020/2/12, 12, 28, , 3, 
2020/2/13, 13, 29, , 2, 
2020/2/14, 23, 23, , 3, 
2020/2/15, 25, 34, , 1, 
2020/2/16, 12, 34, , 3, 
2020/2/17, 20, 29, , 2, 
2020/2/18, 12, 25, , 3, 
2020/2/19, 12, 22, , 2, 
2020/2/20, 21, 28, , 2, 
2020/2/21, 20, 30, , 1, 
2020/2/22, 18, 28, , 2, 
2020/2/23, 9, 27, , 2, 
2020/2/24, 14, 26, , , 
2020/2/25, 11, 26, , 3, 
2020/2/26, 13, 22, , 3, 
2020/2/27, 21, 20, , 4, 
2020/2/28, 27, 32, , 2, 
2020/2/29, 15, 31, , 2, 
2020/3/1, 12, 28, , 2, 
2020/3/2, 13, 17, , 1, 
2020/3/3, 11, 21, , 4, 
2020/3/4, 30, 31, , 3, 
2020/3/5, 27, 30, , 2, 
2020/3/6, 12, 24, , 1, 
2020/3/7, 16, 25, , 3, 
2020/3/8, 32, 28, , 4, 
2020/3/9, 32, 29, , 4, 
2020/3/10, 27, 29, , 2, 
2020/3/11, 10, 27, , , 
2020/3/12, 10, 28, , 1, 
2020/3/13, 11, 30, , 3, 
2020/3/14, 23, 30, , 5, 
2020/3/15, 28, 33, , 1, 
2020/3/16, 15, 33, , 5, 
2020/3/17, 33, 29, , 5, 
2020/3/18, 41, 39, , 4, 
2020/3/19, 39, 17, , 6, 
2020/3/20, 51, 25, , 2, 
2020/3/21, 18, 27, , 3, 
2020/3/22, 19, 29, , 4, 
2020/3/23, 30, 32, , 4, 
2020/3/24, 29, 33, , 5, 
2020/3/25, 35, 32, , 8, 
2020/3/26, 47, 35, , 7, 
2020/3/27, 49, 44, , 7, 
2020/3/28, 54, 31, , 6, 
2020/3/29, 58, , , , 
2019/10/1, 13, 35, , , 
2019/10/2, 14, 19, , 1, 
2019/10/3, 16, 18, , 2, 
2019/10/4, 18, 17, , 1, 
2019/10/5, 14, 15, , 3, 
2019/10/6, 28, 12, , 2, 
2019/10/7, 28, 27, , 1, 
2019/10/8, 18, 24, , 1, 
2019/10/9, 20, 22, , 1, 
2019/10/10, 9, 28, , 1, 
2019/10/11, 10, 31, , 1, 
2019/10/12, 12, 28, , 1, 
2019/10/13, 16, 20, , 2, 
2019/10/14, 29, 35, , 1, 
2019/10/15, 22, 33, , , 
2019/10/16, 15, 24, , 1, 
2019/10/17, 14, 27, , , 
2019/10/18, 22, 26, , 1, 
2019/10/19, 24, 31, , 1, 
2019/10/20, 13, 22, , 1, 
2019/10/21, 29, 18, , 3, 
2019/10/22, 36, 12, , 1, 
2019/10/23, 41, 35, , 3, 
2019/10/24, 29, 30, , 3, 
2019/10/25, 41, 25, , 2, 
2019/10/26, 35, 34, , 1, 
2019/10/27, 17, 19, , 1, 
2019/10/28, 28, 12, , 3, 
2019/10/29, 39, 14, , 3, 
2019/10/30, 35, 7, , 5, 
2019/10/31, 65, 23, , 4, 
2019/11/1, 36, 26, , 2, 
2019/11/2, 14, 28, , 2, 
2019/11/3, 11, 25, , 1, 
2019/11/4, 10, 22, , 1, 
2019/11/5, 18, 17, , 3, 
2019/11/6, 21, 16, , 2, 
2019/11/7, 32, 11, , 3, 
2019/11/8, 36, 13, , 3, 
2019/11/9, 21, 8, , 4, 
2019/11/10, 22, 13, , 3, 
2019/11/11, 29, 23, , 3, 
2019/11/12, 31, 6, , 1, 
2019/11/13, 35, 8, , 1, 
2019/11/14, 22, 17, , 4, 
2019/11/15, 35, 25, , 2, 
2019/11/16, 19, 30, , 3, 
2019/11/17, 21, 28, , 1, 
2019/11/18, 16, 26, , 2, 
2019/11/19, 18, 18, , 6, 
2019/11/20, 45, 24, , 4, 
2019/11/21, 38, 12, , 3, 
2019/11/22, 30, 24, , 2, 
2019/11/23, 22, 24, , 3, 
2019/11/24, 27, 4, , 8, 
2019/11/25, 62, 16, , 4, 
2019/11/26, 37, 20, , 1, 
2019/11/27, 19, 21, , 1, 
2019/11/28, 12, 22, , 2, 
2019/11/29, 13, 23, , 4, 
2019/11/30, 30, 19, , 5, 
2019/12/1, 35, 22, , 3, 
2019/12/2, 24, 18, , 5, 
2019/12/3, 31, 18, , 5, 
2019/12/4, 33, 15, , 9, 
2019/12/5, 52, 12, , 6, 
2019/12/6, 43, 23, , 3, 
2019/12/7, 15, 30, , 1, 
2019/12/8, 11, 26, , 1, 
2019/12/9, 16, 17, , 3, 
2019/12/10, 26, 19, , 7, 
2019/12/11, 47, 18, , 12, 
2019/12/12, 70, 24, , 7, 
2019/12/13, 41, 27, , 2, 
2019/12/14, 10, 31, , 2, 
2019/12/15, 9, 24, , 3, 
2019/12/16, 23, 25, , 1, 
2019/12/17, 16, 24, , 3, 
2019/12/18, 35, 32, , 4, 
2019/12/19, 31, 32, , 2, 
2019/12/20, 18, 31, , 1, 
2019/12/21, 28, 13, , 3, 
2019/12/22, 31, 12, , 3, 
2019/12/23, 29, 18, , 2, 
2019/12/24, 23, 15, , 2, 
2019/12/25, 20, 18, , 2, 
2019/12/26, 22, 17, , 2, 
2019/12/27, 22, 18, , 3, 
2019/12/28, 18, 17, , 6, 
2019/12/29, 28, , , , 
2019/7/1, 23, 44, , 2, 
2019/7/2, 21, 35, , 1, 
2019/7/3, 17, 40, , 1, 
2019/7/4, 16, 38, , 2, 
2019/7/5, 20, 49, , 2, 
2019/7/6, 20, 40, , 1, 
2019/7/7, 18, 32, , 1, 
2019/7/8, 16, 32, , 1, 
2019/7/9, 14, 28, , 1, 
2019/7/10, 15, 27, , 1, 
2019/7/11, 14, 30, , 1, 
2019/7/12, 16, 31, , 1, 
2019/7/13, 15, 27, , 1, 
2019/7/14, 17, 38, , 1, 
2019/7/15, 18, 30, , 1, 
2019/7/16, 19, 32, , 1, 
2019/7/17, 15, 38, , 1, 
2019/7/18, 17, 42, , 1, 
2019/7/19, 16, 46, , 1, 
2019/7/20, 17, 41, , 1, 
2019/7/21, 16, 37, , 1, 
2019/7/22, 17, 24, , 1, 
2019/7/23, 19, 26, , 1, 
2019/7/24, 17, 40, , 1, 
2019/7/25, 18, 50, , 1, 
2019/7/26, 24, 40, , , 
2019/7/27, 19, 45, , , 
2019/7/28, 13, 46, , 1, 
2019/7/29, 18, 42, , 1, 
2019/7/30, 21, 30, , 1, 
2019/7/31, 20, 36, , 1, 
2019/8/1, 20, 43, , 1, 
2019/8/2, 22, 33, , 1, 
2019/8/3, 16, 31, , 1, 
2019/8/4, 15, 39, , 1, 
2019/8/5, 12, 43, , , 
2019/8/6, 14, 41, , , 
2019/8/7, 13, 35, , 1, 
2019/8/8, 12, 40, , 1, 
2019/8/9, 15, 36, , 1, 
2019/8/10, 14, 36, , 1, 
2019/8/11, 11, 41, , 1, 
2019/8/12, 18, 33, , 1, 
2019/8/13, 12, 28, , , 
2019/8/14, 12, 42, , 1, 
2019/8/15, 15, 28, , , 
2019/8/16, 14, 34, , 1, 
2019/8/17, 13, 35, , 1, 
2019/8/18, 10, 40, , 1, 
2019/8/19, 13, 26, , , 
2019/8/20, 15, 24, , , 
2019/8/21, 12, 31, , 1, 
2019/8/22, 14, 29, , , 
2019/8/23, 19, 22, , , 
2019/8/24, 22, 37, , , 
2019/8/25, 20, 32, , , 
2019/8/26, 17, 30, , , 
2019/8/27, 20, 41, , 1, 
2019/8/28, 22, 45, , 1, 
2019/8/29, 24, 44, , 1, 
2019/8/30, 21, 42, , 1, 
2019/8/31, 21, 42, , 1, 
2019/9/1, 20, 27, , 1, 
2019/9/2, 13, 24, , , 
2019/9/3, 14, 37, , 1, 
2019/9/4, 17, 36, , , 
2019/9/5, 16, 25, , 1, 
2019/9/6, 18, 22, , 1, 
2019/9/7, 21, 18, , 1, 
2019/9/8, 15, 25, , , 
2019/9/9, 10, 29, , 1, 
2019/9/10, 9, 31, , , 
2019/9/11, 13, 38, , 1, 
2019/9/12, 17, 28, , 1, 
2019/9/13, 17, 28, , 1, 
2019/9/14, 18, 32, , 1, 
2019/9/15, 15, 32, , 1, 
2019/9/16, 16, 27, , , 
2019/9/17, 16, 24, , 1, 
2019/9/18, 15, 20, , 2, 
2019/9/19, 17, 20, , 2, 
2019/9/20, 21, 29, , 2, 
2019/9/21, 21, 31, , 1, 
2019/9/22, 16, 16, , 1, 
2019/9/23, 23, 16, , 1, 
2019/9/24, 35, 22, , 1, 
2019/9/25, 22, 23, , 2, 
2019/9/26, 17, 23, , 1, 
2019/9/27, 13, 26, , 1, 
2019/9/28, 11, 31, , 1, 
2019/9/29, 11, 30, , 1, 
2019/9/30, 14, 33, , 1, 
2019/4/1, 23, 34, , 4, 
2019/4/2, 33, 44, , 2, 
2019/4/3, 31, 44, , 3, 
2019/4/4, 34, 41, , 3, 
2019/4/5, 34, 27, , 3, 
2019/4/6, 38, 39, , 2, 
2019/4/7, 25, 38, , 3, 
2019/4/8, 35, 42, , 3, 
2019/4/9, 40, 28, , 3, 
2019/4/10, 35, 27, , 2, 
2019/4/11, 32, 24, , 2, 
2019/4/12, 29, 22, , 2, 
2019/4/13, 44, 38, , 4, 
2019/4/14, 39, 38, , 4, 
2019/4/15, 32, 40, , 4, 
2019/4/16, 33, 31, , 4, 
2019/4/17, 33, 39, , 4, 
2019/4/18, 37, 46, , 3, 
2019/4/19, 35, 49, , 4, 
2019/4/20, 29, 48, , 5, 
2019/4/21, 26, 41, , 3, 
2019/4/22, 22, 41, , 2, 
2019/4/23, 18, 37, , 2, 
2019/4/24, 25, 41, , 2, 
2019/4/25, 31, 41, , 1, 
2019/4/26, 43, 32, , 1, 
2019/4/27, 19, 25, , 1, 
2019/4/28, 16, 23, , 1, 
2019/4/29, 14, 22, , , 
2019/4/30, 20, 43, , 1, 
2019/5/1, 26, 43, , 2, 
2019/5/2, 24, 29, , 2, 
2019/5/3, 24, 34, , 2, 
2019/5/4, 20, 23, , 2, 
2019/5/5, 19, 27, , 3, 
2019/5/6, 20, 30, , 2, 
2019/5/7, 22, 39, , 1, 
2019/5/8, 21, 39, , 1, 
2019/5/9, 20, 23, , 2, 
2019/5/10, 15, 39, , 1, 
2019/5/11, 19, 24, , 1, 
2019/5/12, 18, 27, , 2, 
2019/5/13, 16, 26, , 1, 
2019/5/14, 18, 12, , 1, 
2019/5/15, 15, 17, , 2, 
2019/5/16, 24, 25, , 2, 
2019/5/17, 28, 32, , 1, 
2019/5/18, 20, 32, , , 
2019/5/19, 16, 38, , , 
2019/5/20, 14, 33, , , 
2019/5/21, 14, 31, , , 
2019/5/22, 10, 19, , , 
2019/5/23, 13, 23, , 1, 
2019/5/24, 21, 47, , 1, 
2019/5/25, 21, 46, , 1, 
2019/5/26, 21, 42, , 1, 
2019/5/27, 20, 30, , , 
2019/5/28, 14, 23, , 1, 
2019/5/29, 18, 21, , 1, 
2019/5/30, 21, 41, , 2, 
2019/5/31, 20, 32, , 2, 
2019/6/1, 25, 37, , 1, 
2019/6/2, 19, 37, , 1, 
2019/6/3, 19, 38, , 1, 
2019/6/4, 21, 39, , 1, 
2019/6/5, 20, 38, , , 
2019/6/6, 14, 45, , , 
2019/6/7, 16, 29, , , 
2019/6/8, 17, 41, , , 
2019/6/9, 15, 41, , , 
2019/6/10, 21, 40, , , 
2019/6/11, 19, 40, , , 
2019/6/12, 19, 42, , , 
2019/6/13, 23, 52, , , 
2019/6/14, 31, 42, , , 
2019/6/15, 31, 39, , 1, 
2019/6/16, 21, 43, , 2, 
2019/6/17, 19, 41, , , 
2019/6/18, 20, 38, , , 
2019/6/19, 19, 33, , , 
2019/6/20, 13, 39, , 1, 
2019/6/21, 15, 33, , 1, 
2019/6/22, 16, 35, , 1, 
2019/6/23, 16, 42, , 1, 
2019/6/24, 16, 39, , , 
2019/6/25, 20, 46, , , 
2019/6/26, 21, 51, , 1, 
2019/6/27, 24, 36, , 1, 
2019/6/28, 18, 42, , 1, 
2019/6/29, 18, 41, , 1, 
2019/6/30, 15, 58, , 1, 
2019/1/1, 18, 26, , 3, 
2019/1/2, 14, 25, , 3, 
2019/1/3, 18, 21, , 5, 
2019/1/4, 28, 20, , 4, 
2019/1/5, 19, 24, , 4, 
2019/1/6, 16, 18, , 11, 
2019/1/7, 47, 20, , 2, 
2019/1/8, 15, 18, , 8, 
2019/1/9, 47, 6, , 15, 
2019/1/10, 75, 17, , 9, 
2019/1/11, 44, 22, , 5, 
2019/1/12, 20, 22, , 3, 
2019/1/13, 6, 26, , 3, 
2019/1/14, 14, 26, , 4, 
2019/1/15, 14, 20, , 3, 
2019/1/16, 10, 28, , 2, 
2019/1/17, 12, 26, , 3, 
2019/1/18, 15, 20, , 9, 
2019/1/19, 53, 14, , 16, 
2019/1/20, 94, 6, , 23, 
2019/1/21, 142, 15, , 19, 
2019/1/22, 108, 16, , 11, 
2019/1/23, 78, 18, , 8, 
2019/1/24, 45, 16, , 11, 
2019/1/25, 51, 17, , 7, 
2019/1/26, 39, 28, , 4, 
2019/1/27, 17, 29, , 8, 
2019/1/28, 46, 20, , 5, 
2019/1/29, 21, 14, , 12, 
2019/1/30, 59, 19, , 11, 
2019/1/31, 55, 27, , 5, 
2019/2/1, 22, 29, , 3, 
2019/2/2, 14, 20, , 4, 
2019/2/3, 34, 12, , 5, 
2019/2/6, 50, 30, , 5, 
2019/2/7, 31, 28, , 5, 
2019/2/8, 37, 31, , 3, 
2019/2/9, 20, 35, , 2, 
2019/2/10, 19, 30, , 2, 
2019/2/11, 14, 25, , 3, 
2019/2/12, 20, 23, , 4, 
2019/2/13, 19, 18, , 4, 
2019/2/14, 31, 18, , 5, 
2019/2/15, 44, 19, , 8, 
2019/2/16, 45, 26, , 6, 
2019/2/17, 44, 25, , 7, 
2019/2/18, 50, 34, , 5, 
2019/2/19, 40, 25, , 4, 
2019/2/20, 27, 25, , 4, 
2019/2/21, 24, 27, , 2, 
2019/2/22, 19, 25, , 7, 
2019/2/23, 41, 28, , 9, 
2019/2/24, 42, 24, , 9, 
2019/2/25, 42, 20, , 4, 
2019/2/26, 42, 22, , 6, 
2019/2/27, 45, 29, , 4, 
2019/2/28, 35, 23, , 2, 
2019/3/1, 57, 22, , 7, 
2019/3/2, 48, 26, , 2, 
2019/3/3, 19, 35, , 1, 
2019/3/4, 14, 34, , 2, 
2019/3/5, 13, 30, , 2, 
2019/3/6, 16, 36, , 2, 
2019/3/7, 18, 33, , 2, 
2019/3/8, 13, 32, , 1, 
2019/3/9, 10, 35, , 2, 
2019/3/10, 10, 33, , 2, 
2019/3/11, 14, 29, , 2, 
2019/3/12, 18, 32, , 1, 
2019/3/13, 14, 30, , 1, 
2019/3/14, 12, 31, , 1, 
2019/3/15, 12, 33, , 2, 
2019/3/16, 12, 41, , 1, 
2019/3/17, 11, 35, , 4, 
2019/3/18, 16, 30, , 6, 
2019/3/19, 30, 29, , 6, 
2019/3/20, 49, 25, , 6, 
2019/3/21, 46, 20, , 6, 
2019/3/22, 49, 24, , 4, 
2019/3/23, 43, 29, , 4, 
2019/3/24, 38, 28, , 2, 
2019/3/25, 25, 31, , 1, 
2019/3/26, 19, 32, , 4, 
2019/3/27, 35, 21, , 5, 
2019/3/28, 41, 26, , 5, 
2019/3/29, 46, 33, , 5, 
2019/3/30, 46, 41, , 3, 
2019/3/31, 31, 36, , 3, 
2018/10/1, 24, 23, , 1, 
2018/10/2, 14, 24, , 1, 
2018/10/3, 12, 23, , 2, 
2018/10/4, 18, 28, , 2, 
2018/10/5, 20, 39, , 2, 
2018/10/6, 19, 38, , 4, 
2018/10/7, 32, 16, , 3, 
2018/10/8, 28, 16, , 2, 
2018/10/9, 35, 23, , 2, 
2018/10/10, 34, 25, , 1, 
2018/10/11, 34, 29, , 2, 
2018/10/12, 34, 31, , 3, 
2018/10/13, 45, 26, , 1, 
2018/10/14, 28, 25, , 2, 
2018/10/15, 33, 30, , 2, 
2018/10/16, 35, 19, , 3, 
2018/10/17, 53, 13, , 5, 
2018/10/18, 61, 12, , 3, 
2018/10/19, 71, 18, , 3, 
2018/10/20, 48, 17, , 3, 
2018/10/21, 33, 11, , 4, 
2018/10/22, 43, 24, , 2, 
2018/10/23, 15, 27, , 2, 
2018/10/24, 12, 25, , 3, 
2018/10/25, 13, 22, , 2, 
2018/10/26, 13, 23, , 2, 
2018/10/27, 25, 20, , 2, 
2018/10/28, 23, 16, , 3, 
2018/10/29, 32, 35, , 1, 
2018/10/30, 23, 33, , 1, 
2018/10/31, 16, 33, , 2, 
2018/11/1, 39, 29, , 2, 
2018/11/2, 44, 6, , 2, 
2018/11/3, 39, 6, , 2, 
2018/11/4, 32, 6, , 3, 
2018/11/5, 42, 30, , 4, 
2018/11/6, 31, 30, , 3, 
2018/11/7, 28, 21, , 4, 
2018/11/8, 51, 5, , 5, 
2018/11/9, 62, 13, , 5, 
2018/11/10, 58, 28, , 3, 
2018/11/11, 32, 27, , 2, 
2018/11/12, 22, 28, , 6, 
2018/11/13, 36, 18, , 3, 
2018/11/14, 27, 14, , 5, 
2018/11/15, 41, 11, , 4, 
2018/11/16, 29, 13, , 5, 
2018/11/17, 40, 11, , 12, 
2018/11/18, 63, 13, , 7, 
2018/11/19, 50, 9, , 6, 
2018/11/20, 46, 8, , 5, 
2018/11/21, 48, 7, , 7, 
2018/11/22, 61, 2, , 11, 
2018/11/23, 98, 12, , 6, 
2018/11/24, 48, 5, , 6, 
2018/11/25, 37, 10, , 3, 
2018/11/26, 28, 12, , 5, 
2018/11/27, 37, 15, , 7, 
2018/11/28, 51, 12, , 9, 
2018/11/29, 60, 17, , 5, 
2018/11/30, 31, 17, , 5, 
2018/12/1, 38, 21, , 3, 
2018/12/2, 20, 20, , 2, 
2018/12/3, 10, 20, , 2, 
2018/12/4, 16, 19, , 6, 
2018/12/5, 44, 20, , 4, 
2018/12/6, 31, 21, , 1, 
2018/12/7, 8, 24, , 1, 
2018/12/8, 12, 27, , 2, 
2018/12/9, 5, 24, , 4, 
2018/12/10, 14, 23, , 5, 
2018/12/11, 18, 5, , 6, 
2018/12/12, 40, 9, , 6, 
2018/12/13, 60, 10, , 6, 
2018/12/14, 37, 12, , 5, 
2018/12/15, 31, 10, , 12, 
2018/12/16, 62, 8, , 10, 
2018/12/17, 52, 11, , 12, 
2018/12/18, 69, 15, , 14, 
2018/12/19, 85, 19, , 9, 
2018/12/20, 40, 31, , 2, 
2018/12/21, 11, 28, , 2, 
2018/12/22, 10, 25, , 3, 
2018/12/23, 13, 26, , 3, 
2018/12/24, 13, 26, , 4, 
2018/12/25, 18, 23, , 4, 
2018/12/26, 21, , , 5, 
2018/12/27, 16, 9, , 4, 
2018/12/28, 28, 17, , 3, 
2018/12/29, 20, 15, , 3, 
2018/12/30, 15, , , , 
2018/7/1, 10, 30, , 1, 
2018/7/2, 10, 41, , 2, 
2018/7/3, 14, 56, , 2, 
2018/7/4, 17, 72, , 2, 
2018/7/5, 24, 59, , 1, 
2018/7/6, 20, 41, , 2, 
2018/7/7, 17, 37, , 2, 
2018/7/8, 17, 42, , 2, 
2018/7/9, 23, 39, , 1, 
2018/7/10, 19, 21, , 1, 
2018/7/11, 17, 34, , 1, 
2018/7/12, 9, 34, , 1, 
2018/7/13, 10, 38, , 1, 
2018/7/14, 15, 37, , 1, 
2018/7/15, 15, 36, , 1, 
2018/7/16, 15, 24, , 1, 
2018/7/17, 14, 24, , , 
2018/7/18, 7, 23, , , 
2018/7/19, 12, 30, , , 
2018/7/20, 20, 50, , 1, 
2018/7/21, 22, 41, , , 
2018/7/22, 19, 43, , 2, 
2018/7/23, 26, 51, , 2, 
2018/7/24, 28, 42, , 2, 
2018/7/25, 25, 29, , 1, 
2018/7/26, 18, 34, , 1, 
2018/7/27, 16, 35, , 1, 
2018/7/28, 16, 45, , 1, 
2018/7/29, 16, 39, , 1, 
2018/7/30, 19, 38, , 1, 
2018/7/31, 20, 38, , , 
2018/8/1, 22, 44, , 1, 
2018/8/2, 23, 49, , 1, 
2018/8/3, 22, 49, , 1, 
2018/8/4, 20, 46, , 1, 
2018/8/5, 18, 40, , 2, 
2018/8/6, 17, 43, , 1, 
2018/8/7, 15, 39, , 1, 
2018/8/8, 17, 47, , 1, 
2018/8/9, 21, 43, , 1, 
2018/8/10, 25, 27, , 1, 
2018/8/11, 13, 39, , 1, 
2018/8/12, 13, 41, , , 
2018/8/13, 18, 40, , 1, 
2018/8/14, 23, 32, , , 
2018/8/15, 10, 37, , 1, 
2018/8/16, 15, 40, , , 
2018/8/17, 14, 51, , 2, 
2018/8/18, 22, 61, , 1, 
2018/8/19, 24, 48, , 1, 
2018/8/20, 20, 34, , 1, 
2018/8/21, 18, 39, , 1, 
2018/8/22, 16, 48, , 1, 
2018/8/23, 21, 46, , 1, 
2018/8/24, 22, 30, , , 
2018/8/25, 12, 21, , 1, 
2018/8/26, 9, 29, , 1, 
2018/8/27, 12, 29, , 1, 
2018/8/28, 17, 37, , 1, 
2018/8/29, 20, 45, , 1, 
2018/8/30, 17, 35, , , 
2018/8/31, 16, 38, , , 
2018/9/1, 25, 29, , , 
2018/9/2, 21, 35, , 1, 
2018/9/3, 21, 29, , 1, 
2018/9/4, 13, 26, , 1, 
2018/9/5, 29, 34, , 3, 
2018/9/6, 26, 39, , 1, 
2018/9/7, 21, 24, , 1, 
2018/9/8, 27, 40, , 1, 
2018/9/9, 19, 39, , 2, 
2018/9/10, 21, 34, , 1, 
2018/9/11, 17, 40, , 1, 
2018/9/12, 20, 42, , 2, 
2018/9/13, 32, 16, , 1, 
2018/9/14, 31, 24, , 1, 
2018/9/15, 11, 31, , 1, 
2018/9/16, 14, 36, , 1, 
2018/9/17, 17, 41, , 1, 
2018/9/18, 20, 41, , 2, 
2018/9/19, 26, 41, , 2, 
2018/9/20, 26, 52, , 2, 
2018/9/21, 34, 40, , 1, 
2018/9/22, 10, 28, , 1, 
2018/9/23, 7, 27, , 1, 
2018/9/24, 8, 24, , 1, 
2018/9/25, 17, 30, , 1, 
2018/9/26, 15, 30, , 2, 
2018/9/27, 20, 29, , 1, 
2018/9/28, 15, 18, , 3, 
2018/9/29, 25, 10, , 2, 
2018/9/30, 23, 27, , 2, 
2018/4/1, 24, 37, , 2, 
2018/4/2, 20, 35, , 2, 
2018/4/3, 13, 37, , 1, 
2018/4/4, 23, 31, , 1, 
2018/4/5, 20, 27, , 2, 
2018/4/6, 31, 36, , 3, 
2018/4/7, 44, 35, , 1, 
2018/4/8, 30, 37, , 1, 
2018/4/9, 30, 34, , 1, 
2018/4/10, 25, 33, , 1, 
2018/4/11, 30, 38, , 3, 
2018/4/12, 37, 36, , 1, 
2018/4/13, 30, 44, , 1, 
2018/4/14, 22, 40, , 1, 
2018/4/15, 27, 33, , , 
2018/4/16, 36, 30, , , 
2018/4/17, 26, 41, , 2, 
2018/4/18, 36, 41, , 2, 
2018/4/19, 29, 40, , 1, 
2018/4/20, 19, 44, , 2, 
2018/4/21, 36, 44, , 2, 
2018/4/22, 22, 38, , 1, 
2018/4/23, 31, 40, , 1, 
2018/4/24, 21, 48, , 1, 
2018/4/25, 27, 28, , 1, 
2018/4/26, 20, 39, , 2, 
2018/4/27, 19, 42, , 1, 
2018/4/28, 20, 43, , 2, 
2018/4/29, 27, 42, , 1, 
2018/4/30, 31, 48, , 1, 
2018/5/1, 17, 41, , 2, 
2018/5/2, 30, 42, , 2, 
2018/5/3, 27, 34, , 2, 
2018/5/4, 28, 45, , 3, 
2018/5/5, 22, 42, , 2, 
2018/5/6, 17, 44, , 2, 
2018/5/7, 17, 34, , 2, 
2018/5/8, 26, 28, , 1, 
2018/5/9, 21, 27, , 1, 
2018/5/10, 24, 30, , 2, 
2018/5/11, 23, 40, , 2, 
2018/5/12, 28, 44, , 1, 
2018/5/13, 21, 41, , 1, 
2018/5/14, 20, 27, , 1, 
2018/5/15, 19, 29, , 2, 
2018/5/16, 16, 31, , 1, 
2018/5/17, 9, 30, , 1, 
2018/5/18, 27, 29, , 1, 
2018/5/19, 26, 40, , 1, 
2018/5/20, 18, 40, , 2, 
2018/5/21, 19, 42, , 1, 
2018/5/22, 17, 40, , 1, 
2018/5/23, 17, 51, , 2, 
2018/5/24, 19, 44, , 1, 
2018/5/25, 17, 59, , 2, 
2018/5/26, 22, 45, , 1, 
2018/5/27, 18, 43, , 2, 
2018/5/28, 23, 38, , 2, 
2018/5/29, 20, 43, , 1, 
2018/5/30, 20, 46, , 1, 
2018/5/31, 23, 37, , 1, 
2018/6/1, 18, 34, , 1, 
2018/6/2, 16, 39, , 1, 
2018/6/3, 9, 54, , 2, 
2018/6/4, 19, 45, , 2, 
2018/6/5, 21, 37, , 2, 
2018/6/6, 17, 45, , 2, 
2018/6/7, 18, 39, , 1, 
2018/6/8, 16, 37, , 1, 
2018/6/9, 17, 40, , 1, 
2018/6/10, 17, 48, , 2, 
2018/6/11, 21, 32, , , 
2018/6/12, 16, 29, , 2, 
2018/6/13, 22, 20, , 2, 
2018/6/14, 22, 37, , 3, 
2018/6/15, 21, 39, , 2, 
2018/6/16, 26, 40, , 1, 
2018/6/17, 15, 40, , 2, 
2018/6/18, 25, 51, , 2, 
2018/6/19, 21, 46, , 1, 
2018/6/20, 20, 46, , 1, 
2018/6/21, 23, 26, , 1, 
2018/6/22, 12, 24, , 1, 
2018/6/23, 8, 24, , 1, 
2018/6/24, 6, 29, , 1, 
2018/6/25, 10, 30, , 1, 
2018/6/26, 9, 23, , 2, 
2018/6/27, 16, 22, , 1, 
2018/6/28, 15, 31, , 2, 
2018/6/29, 23, 26, , 3, 
2018/6/30, 14, 23, , 2, 
2018/1/1, 18, 19, 7, 3, 
2018/1/2, 19, 29, 5, 2, 
2018/1/3, 8, 29, 4, 1, 
2018/1/4, 9, 29, 4, 1, 
2018/1/5, 9, 22, 9, 6, 
2018/1/6, 34, 13, 10, 6, 
2018/1/7, 55, 8, 10, 4, 
2018/1/8, 33, 16, 14, 9, 
2018/1/9, 48, 17, 17, 9, 
2018/1/10, 73, 2, 14, 8, 
2018/1/11, 75, 6, 8, 4, 
2018/1/12, 38, 17, 5, 4, 
2018/1/13, 31, 15, 9, 9, 
2018/1/14, 51, 12, 14, 13, 
2018/1/15, 84, 23, , 4, 
2018/1/16, 13, 26, , 4, 
2018/1/17, 16, 28, , 3, 
2018/1/18, 11, 27, , 6, 
2018/1/19, 41, 21, , 4, 
2018/1/20, 34, 19, , 7, 
2018/1/21, 44, 23, , 8, 
2018/1/22, 47, 19, , 8, 
2018/1/23, 58, 23, , 3, 
2018/1/24, 18, 28, , 4, 
2018/1/25, 19, 13, , 13, 
2018/1/26, 85, 10, , 10, 
2018/1/27, 74, 22, , 5, 
2018/1/28, 26, 20, , 3, 
2018/1/29, 9, 26, , 2, 
2018/1/30, 17, 27, , 3, 
2018/1/31, 17, 27, , 1, 
2018/2/1, 17, 19, , 3, 
2018/2/2, 33, 17, , 11, 
2018/2/3, 68, 12, , 6, 
2018/2/4, 46, 20, , 9, 
2018/2/5, 40, 20, , 16, 
2018/2/6, 80, 13, , 16, 
2018/2/7, 84, 6, , 11, 
2018/2/8, 84, 11, , 18, 
2018/2/9, 95, 5, , 24, 
2018/2/10, 142, 22, , 15, 
2018/2/11, 78, 25, , 8, 
2018/2/12, 55, 15, , 11, 
2018/2/13, 71, 20, , 7, 
2018/2/14, 52, 20, , 10, 
2018/2/15, 62, 29, , 7, 
2018/2/16, 40, 25, , 11, 
2018/2/17, 64, 18, , 14, 
2018/2/18, 74, 30, , 9, 
2018/2/19, 49, 24, , 13, 
2018/2/20, 79, 23, , 12, 
2018/2/21, 65, 22, , 7, 
2018/2/22, 48, 22, , 7, 
2018/2/23, 51, 25, , 10, 
2018/2/24, 52, 28, , 6, 
2018/2/25, 42, 26, , 10, 
2018/2/26, 60, 28, , 6, 
2018/2/27, 45, 26, , 8, 
2018/2/28, 50, 30, , 16, 
2018/3/1, 90, 27, , 23, 
2018/3/2, 109, 38, , 23, 
2018/3/3, 103, 38, , 27, 
2018/3/4, 113, 34, , 27, 
2018/3/5, 157, 14, , 28, 
2018/3/6, 144, 27, , 5, 
2018/3/7, 37, 27, , 4, 
2018/3/8, 27, 32, , 3, 
2018/3/9, 18, 30, , 5, 
2018/3/10, 36, 34, , 3, 
2018/3/11, 20, 31, , 1, 
2018/3/12, 12, 27, , 2, 
2018/3/13, 16, 20, , 4, 
2018/3/14, 29, 12, , 6, 
2018/3/15, 54, 12, , 5, 
2018/3/16, 47, 29, , 3, 
2018/3/17, 26, 31, , 4, 
2018/3/18, 25, 29, , 6, 
2018/3/19, 36, 26, , 10, 
2018/3/20, 55, 28, , 9, 
2018/3/21, 53, 32, , 8, 
2018/3/22, 49, 19, , 10, 
2018/3/23, 64, 37, , 11, 
2018/3/24, 72, 35, , 3, 
2018/3/25, 29, 27, , 6, 
2018/3/26, 46, 24, , 4, 
2018/3/27, 44, 31, , 4, 
2018/3/28, 42, 31, , 4, 
2018/3/29, 28, 32, , 4, 
2018/3/30, 34, 31, , 3, 
2018/3/31, 20, 27, , 2, 
2017/10/1, 30, 39, 6, 1, 
2017/10/2, 30, 39, 7, 2, 
2017/10/3, 21, 27, 6, 3, 
2017/10/4, 12, 26, 6, 2, 
2017/10/5, 12, 24, 7, 2, 
2017/10/6, 10, 23, 6, 2, 
2017/10/7, 13, 22, 3, 2, 
2017/10/8, 8, 23, 7, 4, 
2017/10/9, 14, 22, 6, 3, 
2017/10/10, 9, 20, 6, 2, 
2017/10/11, 8, 25, 5, 1, 
2017/10/12, 19, 20, 11, 3, 
2017/10/13, 27, 20, 9, 3, 
2017/10/14, 29, 22, 7, 2, 
2017/10/15, 22, 24, 10, 1, 
2017/10/16, 21, 29, 12, 1, 
2017/10/17, 33, 26, 13, 1, 
2017/10/18, 39, 17, 16, 1, 
2017/10/19, 59, 13, 16, 3, 
2017/10/20, 57, 8, 14, 3, 
2017/10/21, 54, 14, 10, 2, 
2017/10/22, 31, 9, 13, 3, 
2017/10/23, 33, 13, 11, 3, 
2017/10/24, 34, 15, 7, 2, 
2017/10/25, 16, 14, 9, 4, 
2017/10/26, 19, 18, 9, 2, 
2017/10/27, 15, 20, 4, 2, 
2017/10/28, 11, 28, 2, 1, 
2017/10/29, 7, 24, 5, 2, 
2017/10/30, 14, 22, 9, 4, 
2017/10/31, 17, 23, 3, 3, 
2017/11/1, 9, 20, 8, 1, 
2017/11/2, 19, 13, 14, 4, 
2017/11/3, 38, 29, 7, 2, 
2017/11/4, 22, 31, 4, 2, 
2017/11/5, 14, 25, 14, 5, 
2017/11/6, 39, 13, 12, 5, 
2017/11/7, 52, 11, 10, 4, 
2017/11/8, 49, 7, 13, 6, 
2017/11/9, 65, 16, 8, 2, 
2017/11/10, 14, 26, 4, 2, 
2017/11/11, 10, 25, 5, 2, 
2017/11/12, 12, 16, 12, 3, 
2017/11/13, 27, 12, 13, 4, 
2017/11/14, 42, 15, 13, 5, 
2017/11/15, 56, 11, 16, 8, 
2017/11/16, 70, 4, 15, 6, 
2017/11/17, 63, 19, 10, 6, 
2017/11/18, 30, 23, 4, 4, 
2017/11/19, 12, 24, 8, 4, 
2017/11/20, 14, 13, 11, 4, 
2017/11/21, 18, 9, 10, 4, 
2017/11/22, 20, 15, 16, 5, 
2017/11/23, 49, 19, 14, 4, 
2017/11/24, 36, 27, 8, 3, 
2017/11/25, 30, 17, 9, 5, 
2017/11/26, 33, 14, 14, 6, 
2017/11/27, 36, 26, 6, 1, 
2017/11/28, 10, 22, 9, 3, 
2017/11/29, 22, 9, 15, 5, 
2017/11/30, 42, 13, 15, 8, 
2017/12/1, 47, 4, 17, 15, 
2017/12/2, 77, 8, 14, 12, 
2017/12/3, 62, 18, 8, 5, 
2017/12/4, 21, 21, 8, 5, 
2017/12/5, 16, 17, 7, 4, 
2017/12/6, 18, 28, 7, 3, 
2017/12/7, 15, 29, 6, 1, 
2017/12/8, 13, 19, 9, 5, 
2017/12/9, 26, 28, 3, 1, 
2017/12/10, 15, 29, 1, 1, 
2017/12/11, 10, 30, 5, 1, 
2017/12/12, 13, 22, 9, 4, 
2017/12/13, 20, 27, 2, 1, 
2017/12/14, 9, 27, 8, 4, 
2017/12/15, 19, 10, 18, 10, 
2017/12/16, 66, 18, 10, 10, 
2017/12/17, 42, 4, 17, 11, 
2017/12/18, 74, 10, 15, 11, 
2017/12/19, 52, 8, 16, 9, 
2017/12/20, 55, 14, 11, 5, 
2017/12/21, 23, 14, 11, 4, 
2017/12/22, 26, 22, 5, 4, 
2017/12/23, 17, 22, 3, 3, 
2017/12/24, 9, 25, 7, 4, 
2017/12/25, 19, 24, 6, 3, 
2017/12/26, 26, 31, 5, 2, 
2017/12/27, 20, 28, 6, 3, 
2017/12/28, 12, 13, 12, 5, 
2017/12/29, 32, 27, 6, 3, 
2017/12/30, 19, , , , 
2017/12/31, 13, 25, 5, 2, 
2017/7/1, 9, 30, 3, 1, 
2017/7/2, 6, 31, 5, 1, 
2017/7/3, 12, 36, 7, 1, 
2017/7/4, 15, 40, 6, 1, 
2017/7/5, 15, 35, 6, 2, 
2017/7/6, 19, 32, 7, , 
2017/7/7, 14, 41, 5, 1, 
2017/7/8, 12, 45, 4, , 
2017/7/9, 12, 45, 4, 1, 
2017/7/10, 16, 35, 5, 1, 
2017/7/11, 8, 39, 4, , 
2017/7/12, 7, 27, 4, , 
2017/7/13, 12, 36, 5, 1, 
2017/7/14, 16, 34, 7, 1, 
2017/7/15, 15, 40, 5, 2, 
2017/7/16, 13, 37, 6, 1, 
2017/7/17, 11, 42, 7, 1, 
2017/7/18, 14, 48, 5, 1, 
2017/7/19, 17, 52, 7, 2, 
2017/7/20, 21, 38, 8, , 
2017/7/21, 15, 43, 4, 1, 
2017/7/22, 13, 41, 3, , 
2017/7/23, 10, 35, 5, 1, 
2017/7/24, 9, 30, 4, 1, 
2017/7/25, 8, 32, 3, 1, 
2017/7/26, 5, 26, 6, , 
2017/7/27, 8, 29, 6, , 
2017/7/28, 10, 37, 5, 1, 
2017/7/29, 14, 47, 3, , 
2017/7/30, 12, 51, 5, 1, 
2017/7/31, 16, 50, 4, , 
2017/8/1, 20, 52, 7, 2, 
2017/8/2, 30, 50, 4, , 
2017/8/3, 21, 34, 9, 1, 
2017/8/4, 20, 51, 5, 1, 
2017/8/5, 17, 28, 5, , 
2017/8/6, 12, 34, 6, 1, 
2017/8/7, 13, 33, 5, , 
2017/8/8, 9, 54, 6, , 
2017/8/9, 21, 46, 8, , 
2017/8/10, 36, 49, 4, , 
2017/8/11, 22, 33, 5, , 
2017/8/12, 7, 29, 5, 1, 
2017/8/13, 9, 32, 6, , 
2017/8/14, 21, 40, 4, , 
2017/8/15, 13, 45, 6, 1, 
2017/8/16, 16, 41, 8, 1, 
2017/8/17, 24, 43, 6, , 
2017/8/18, 20, 44, 5, 1, 
2017/8/19, 13, 24, 4, , 
2017/8/20, 7, 27, 6, 1, 
2017/8/21, 8, 22, 7, 1, 
2017/8/22, 11, 24, 8, 1, 
2017/8/23, 15, 42, 7, , 
2017/8/24, 13, 43, 12, 2, 
2017/8/25, 21, 45, 7, 1, 
2017/8/26, 29, 49, 3, 1, 
2017/8/27, 20, 36, 7, 1, 
2017/8/28, 13, 37, 6, 1, 
2017/8/29, 16, 46, 5, 1, 
2017/8/30, 15, 46, 8, 1, 
2017/8/31, 21, 23, 8, 1, 
2017/9/1, 17, 21, 4, 1, 
2017/9/2, 7, 18, 5, 1, 
2017/9/3, 10, 26, 7, 1, 
2017/9/4, 9, 29, 8, 2, 
2017/9/5, 11, , , , 
2017/9/10, 20, 31, 12, 1, 
2017/9/11, 19, 23, 10, 1, 
2017/9/12, 5, 30, 3, 1, 
2017/9/13, 7, 34, 3, , 
2017/9/14, 7, 28, 5, 1, 
2017/9/15, 7, 16, 9, , 
2017/9/16, 17, 20, 7, 1, 
2017/9/17, 10, 31, 10, 1, 
2017/9/18, 12, 21, 9, 1, 
2017/9/19, 23, 24, 9, 1, 
2017/9/20, 17, 19, 9, 2, 
2017/9/21, 21, 22, 11, 2, 
2017/9/22, 22, 14, 8, 3, 
2017/9/23, 15, 11, 7, 2, 
2017/9/24, 22, 19, 7, 2, 
2017/9/25, 17, 11, 9, 1, 
2017/9/26, 25, 14, 10, 1, 
2017/9/27, 34, 22, 11, 2, 
2017/9/28, 33, 20, 13, 2, 
2017/9/29, 43, 31, 8, 2, 
2017/9/30, 39, 34, 6, 2, 
2017/4/1, 21, 47, 6, 3, 
2017/4/2, 22, 35, 11, 4, 
2017/4/3, 35, 37, 10, 3, 
2017/4/4, 35, 25, 9, 1, 
2017/4/5, 51, 30, 8, 2, 
2017/4/6, 18, 27, 9, 2, 
2017/4/7, 17, 28, 8, 3, 
2017/4/8, 20, 31, 9, 4, 
2017/4/9, 32, 40, 5, 1, 
2017/4/10, 17, 32, 7, 2, 
2017/4/11, 21, 31, 5, 2, 
2017/4/12, 14, 28, 8, 3, 
2017/4/13, 17, 31, 10, 4, 
2017/4/14, 25, 36, 5, 2, 
2017/4/15, 24, 34, 3, 2, 
2017/4/16, 14, 34, 5, 2, 
2017/4/17, 23, 24, 9, 3, 
2017/4/18, 22, 32, 6, 3, 
2017/4/19, 16, 32, 6, 4, 
2017/4/20, 20, 38, 10, 7, 
2017/4/21, 35, 35, 6, 3, 
2017/4/22, 23, 33, 4, 3, 
2017/4/23, 14, 37, 5, 2, 
2017/4/24, 12, 43, 6, 1, 
2017/4/25, 21, 22, 10, 2, 
2017/4/26, 26, 17, 15, 3, 
2017/4/27, 22, 13, 13, 3, 
2017/4/28, 19, 39, 8, 4, 
2017/4/29, 27, 39, 8, 6, 
2017/4/30, 41, 37, 4, 3, 
2017/5/1, 20, 19, 10, 4, 
2017/5/2, 40, 18, 7, 4, 
2017/5/3, 48, 12, 10, 2, 
2017/5/4, 28, 38, 8, 2, 
2017/5/5, 25, 31, 8, 1, 
2017/5/6, 33, 35, 5, 1, 
2017/5/7, 22, 27, 6, 1, 
2017/5/8, 15, 32, 6, 3, 
2017/5/9, 18, 36, 7, 2, 
2017/5/10, 22, 42, 9, 2, 
2017/5/11, 19, 35, 9, 2, 
2017/5/12, 22, 21, 7, 2, 
2017/5/13, 29, 42, 6, 1, 
2017/5/14, 21, 32, 9, 2, 
2017/5/15, 22, 38, 8, , 
2017/5/16, 19, 44, 6, 1, 
2017/5/17, 21, 50, 5, , 
2017/5/18, 22, 51, 6, 1, 
2017/5/19, 23, 34, 5, 1, 
2017/5/20, 26, 35, 3, 1, 
2017/5/21, 13, 42, 8, 2, 
2017/5/22, 23, 42, 6, 1, 
2017/5/23, 22, 26, 7, 1, 
2017/5/24, 16, 28, 7, 1, 
2017/5/25, 16, 34, 8, 1, 
2017/5/26, 21, 38, 6, 1, 
2017/5/27, 23, 40, 4, 2, 
2017/5/28, 15, 41, 5, 1, 
2017/5/29, 14, 50, 6, 1, 
2017/5/30, 18, 39, 6, 1, 
2017/5/31, 14, 37, 7, 1, 
2017/6/1, 16, 45, 8, 1, 
2017/6/2, 18, 64, 5, 1, 
2017/6/3, 22, 49, 3, 1, 
2017/6/4, 20, 43, 4, 1, 
2017/6/5, 13, 44, 3, , 
2017/6/6, 14, 33, 4, 1, 
2017/6/7, 8, 38, 6, 1, 
2017/6/8, 11, 46, 6, 2, 
2017/6/9, 19, 33, 6, 1, 
2017/6/10, 17, 44, 4, 1, 
2017/6/11, 13, 41, 5, , 
2017/6/12, 14, 36, 5, 1, 
2017/6/13, 17, 30, 7, 2, 
2017/6/14, 15, 41, 4, 1, 
2017/6/15, 14, 38, 5, 1, 
2017/6/16, 11, 23, 3, , 
2017/6/17, 9, 34, 4, 1, 
2017/6/18, 12, 45, 6, 1, 
2017/6/19, 17, 50, 6, 1, 
2017/6/20, 20, 43, 8, 2, 
2017/6/21, 18, 50, 7, 2, 
2017/6/22, 18, 46, 5, , 
2017/6/23, 15, 50, 5, 1, 
2017/6/24, 20, 48, 4, 1, 
2017/6/25, 21, 36, 6, 2, 
2017/6/26, 14, 44, 7, 1, 
2017/6/27, 18, 49, 3, 1, 
2017/6/28, 21, 47, 3, , 
2017/6/29, 10, 35, 3, 1, 
2017/6/30, 7, 33, 5, 1, 
2017/1/2, 29, 22, 7, 5, 
2017/1/3, 18, 24, 3, 2, 
2017/1/4, 10, 25, 7, 5, 
2017/1/5, 20, 23, 11, 12, 
2017/1/6, 46, 18, 16, 22, 
2017/1/7, 78, 23, 20, 25, 
2017/1/8, 108, 13, 29, 34, 
2017/1/9, 121, 15, 24, 29, 
2017/1/10, 107, 27, 12, 11, 
2017/1/11, 48, 26, 5, 3, 
2017/1/12, 18, 26, 5, 3, 
2017/1/13, 11, 23, 7, 5, 
2017/1/14, 25, 26, 4, 4, 
2017/1/15, 17, 23, 17, 9, 
2017/1/16, 43, 18, 15, 15, 
2017/1/17, 59, 19, 14, 10, 
2017/1/18, 60, 20, 21, 17, 
2017/1/19, 100, 15, 27, 21, 
2017/1/20, 96, 10, 28, 18, 
2017/1/21, 92, 25, 13, 7, 
2017/1/22, 60, 19, 26, 16, 
2017/1/23, 86, 23, 16, 9, 
2017/1/24, 65, 6, 20, 8, 
2017/1/25, 81, 12, 23, 8, 
2017/1/26, 102, 20, 30, 8, 
2017/1/27, 100, 20, 27, 10, 
2017/1/28, 107, 20, 30, 12, 
2017/1/29, 145, 12, 36, 13, 
2017/1/30, 130, 15, 34, 12, 
2017/1/31, 109, 4, 42, 19, 
2017/2/1, 194, 6, 36, 7, 
2017/2/2, 123, 8, 29, 6, 
2017/2/3, 97, 5, 19, 5, 
2017/2/4, 80, 14, 16, 4, 
2017/2/5, 63, 9, 15, 3, 
2017/2/6, 62, 17, 9, 2, 
2017/2/7, 46, 21, 10, 4, 
2017/2/8, 49, 16, 12, 5, 
2017/2/9, 61, 14, 21, 6, 
2017/2/10, 86, 20, 20, 5, 
2017/2/11, 84, 25, 17, 4, 
2017/2/12, 82, 15, 20, 7, 
2017/2/13, 87, 20, 35, 14, 
2017/2/14, 139, 23, 29, 6, 
2017/2/15, 97, 28, 26, , 
2017/2/16, 82, 27, 20, , 
2017/2/17, 67, 14, 14, , 
2017/2/18, 49, 28, 9, , 
2017/2/19, 30, 28, 6, , 
2017/2/20, 17, 25, 7, , 
2017/2/21, 11, 26, 5, 1, 
2017/2/22, 9, 33, 7, 1, 
2017/2/23, 8, 31, 6, 1, 
2017/2/24, 14, 31, 7, 3, 
2017/2/25, 22, 37, 2, , 
2017/2/26, 9, 39, 6, 2, 
2017/2/27, 19, 38, 4, 2, 
2017/2/28, 19, 34, 5, 3, 
2017/3/1, 11, 33, 4, 2, 
2017/3/2, 11, 35, 6, 3, 
2017/3/3, 15, 42, 2, 2, 
2017/3/4, 15, 41, 4, 1, 
2017/3/5, 12, 32, 8, 3, 
2017/3/6, 18, 30, 11, 4, 
2017/3/7, 24, 22, 12, 8, 
2017/3/8, 43, 22, 12, 6, 
2017/3/9, 34, 13, 16, 8, 
2017/3/10, 47, 31, 8, 6, 
2017/3/11, 33, 23, 9, 9, 
2017/3/12, 45, 24, 14, 9, 
2017/3/13, 47, 31, 18, 10, 
2017/3/14, 62, 22, 13, 9, 
2017/3/15, 52, 25, 12, 6, 
2017/3/16, 34, 35, 7, 4, 
2017/3/17, 31, 33, 4, 2, 
2017/3/18, 11, 36, 3, 2, 
2017/3/19, 11, 22, 9, 3, 
2017/3/20, 20, 26, 11, 4, 
2017/3/21, 30, 24, 13, 4, 
2017/3/22, 32, 22, 10, 4, 
2017/3/23, 29, 17, 14, 6, 
2017/3/24, 52, 37, 9, 5, 
2017/3/25, 38, 34, 8, 6, 
2017/3/26, 30, 34, 12, 7, 
2017/3/27, 42, 36, 13, 5, 
2017/3/28, 42, 39, 9, 3, 
2017/3/29, 31, 30, 10, 3, 
2017/3/30, 31, 38, 9, 2, 
2017/3/31, 22, 44, 5, 2, 
2016/10/1, 21, 33, 5, , 
2016/10/2, 17, 19, 9, 2, 
2016/10/3, 12, 19, 8, 1, 
2016/10/4, 15, 15, 6, , 
2016/10/5, 7, 7, 8, 2, 
2016/10/6, 23, 11, 10, 4, 
2016/10/7, 33, 9, 10, 5, 
2016/10/8, 33, 17, 7, 3, 
2016/10/9, 23, 12, 10, 4, 
2016/10/10, 28, 7, 10, 4, 
2016/10/11, 35, 14, 8, 2, 
2016/10/12, 13, 12, 7, 3, 
2016/10/13, 22, 14, 9, 4, 
2016/10/14, 28, 17, 12, 5, 
2016/10/15, 38, 7, 6, 3, 
2016/10/16, 26, 7, 9, 5, 
2016/10/17, 38, 16, 9, 1, 
2016/10/18, 20, 17, 8, 1, 
2016/10/19, 16, 9, 12, 1, 
2016/10/20, 21, 4, 15, 2, 
2016/10/21, 43, 15, 10, 4, 
2016/10/22, 31, 28, 5, 3, 
2016/10/23, 17, 26, 7, 3, 
2016/10/24, 20, 20, 9, 2, 
2016/10/25, 18, 18, 10, 4, 
2016/10/26, 31, 19, 12, 6, 
2016/10/27, 47, 21, 7, 3, 
2016/10/28, 31, 28, 5, 2, 
2016/10/29, 16, 26, 4, 2, 
2016/10/30, 17, 19, 10, 4, 
2016/10/31, 25, 20, 4, 1, 
2016/11/1, 13, 23, 6, 2, 
2016/11/2, 12, 20, 9, 5, 
2016/11/3, 23, 23, 8, 3, 
2016/11/4, 22, 27, 4, 3, 
2016/11/5, 14, 22, 7, 3, 
2016/11/6, 20, 19, 9, 5, 
2016/11/7, 23, 18, 13, 6, 
2016/11/8, 42, 7, 18, 10, 
2016/11/9, 76, 16, 11, 4, 
2016/11/10, 33, 14, 10, 7, 
2016/11/11, 30, 10, 9, 5, 
2016/11/12, 39, 15, 10, 8, 
2016/11/13, 45, 10, 15, 9, 
2016/11/14, 53, 28, 8, 4, 
2016/11/15, 30, 22, 7, 2, 
2016/11/16, 13, 19, 7, 1, 
2016/11/17, 9, 27, 4, 1, 
2016/11/18, 13, 25, 4, 2, 
2016/11/19, 16, 27, 4, 2, 
2016/11/20, 11, 28, 4, 1, 
2016/11/21, 14, 29, 4, 2, 
2016/11/22, 15, 28, 9, 2, 
2016/11/23, 23, 13, 21, 9, 
2016/11/24, 68, 1, 13, 4, 
2016/11/25, 56, 3, 14, 6, 
2016/11/26, 69, 21, 6, 3, 
2016/11/27, 20, 22, 7, 2, 
2016/11/28, 16, 20, 9, 5, 
2016/11/29, 29, 20, 10, 3, 
2016/11/30, 20, 14, 9, 3, 
2016/12/1, 11, 23, 8, 2, 
2016/12/2, 16, 19, 9, 5, 
2016/12/3, 25, 17, 13, 8, 
2016/12/4, 58, 23, 12, 7, 
2016/12/5, 40, 14, 17, 7, 
2016/12/6, 49, 18, 14, 6, 
2016/12/7, 42, 28, 8, 2, 
2016/12/8, 16, 23, 10, 3, 
2016/12/9, 20, 23, 6, 2, 
2016/12/10, 12, 26, 3, 2, 
2016/12/11, 12, 21, 10, 4, 
2016/12/12, 22, 22, 12, 5, 
2016/12/13, 39, 20, 10, 3, 
2016/12/14, 29, 9, 14, 5, 
2016/12/15, 42, 12, 16, 7, 
2016/12/16, 58, 15, 15, 8, 
2016/12/17, 56, 5, 15, 13, 
2016/12/18, 93, 6, 17, 9, 
2016/12/19, 75, 5, 23, 18, 
2016/12/20, 122, 8, 20, 12, 
2016/12/21, 83, 5, 17, 12, 
2016/12/22, 71, 4, 17, 10, 
2016/12/23, 74, 13, 9, 6, 
2016/12/24, 36, 22, 3, 2, 
2016/12/25, 14, 23, 3, 3, 
2016/12/26, 9, 27, 3, 2, 
2016/12/27, 15, 24, 6, 2, 
2016/12/28, 22, 17, 14, 8, 
2016/12/29, 45, 13, 17, 14, 
2016/12/30, 79, 19, 18, 14, 
2016/12/31, 83, 23, 14, 11, 
2017/1/1, 68, 28, 8, 4, 
2016/7/1, 13, 43, 2, , 
2016/7/2, 10, 32, 3, , 
2016/7/3, 8, 36, 5, 1, 
2016/7/4, 9, 39, 5, , 
2016/7/5, 10, 34, 5, 2, 
2016/7/6, 12, 34, 5, 1, 
2016/7/7, 11, 45, 6, 1, 
2016/7/8, 16, 38, 4, , 
2016/7/9, 13, 36, 4, 1, 
2016/7/10, 9, 46, 2, , 
2016/7/11, 15, 44, 6, , 
2016/7/12, 14, 33, 6, 1, 
2016/7/13, 9, 29, 5, , 
2016/7/14, 6, 25, 4, 1, 
2016/7/15, 8, 20, 5, 1, 
2016/7/16, 9, 16, 7, 1, 
2016/7/17, 12, 18, 7, , 
2016/7/18, 12, 23, 7, 1, 
2016/7/19, 13, 31, 7, 1, 
2016/7/20, 13, 44, 7, 1, 
2016/7/21, 16, 50, 8, 1, 
2016/7/22, 23, 58, 5, 1, 
2016/7/23, 22, 46, 4, , 
2016/7/24, 18, 34, 6, , 
2016/7/25, 20, 39, 7, 2, 
2016/7/26, 21, 39, 7, , 
2016/7/27, 22, 25, 10, 3, 
2016/7/28, 15, 37, 5, 1, 
2016/7/29, 16, 33, 3, , 
2016/7/30, 9, 33, 1, , 
2016/7/31, 10, 33, 7, , 
2016/8/1, 8, 39, 6, , 
2016/8/2, 12, 30, 7, 1, 
2016/8/3, 11, 32, 5, 1, 
2016/8/4, 9, 36, 4, 1, 
2016/8/5, 15, 18, 5, , 
2016/8/6, 9, 35, 4, 1, 
2016/8/7, 9, 42, 5, 1, 
2016/8/8, 13, 40, 6, 1, 
2016/8/9, 16, 23, 7, , 
2016/8/10, 76, 22, 7, , 
2016/8/11, 12, 29, 6, 1, 
2016/8/12, 12, 19, 5, , 
2016/8/13, 9, 30, 5, , 
2016/8/14, 9, 31, 5, , 
2016/8/15, 9, 28, 8, 2, 
2016/8/16, 14, 31, 8, 1, 
2016/8/17, 18, 36, 5, , 
2016/8/18, 13, 32, 3, 1, 
2016/8/19, 13, , , 1, 
2016/8/21, 6, 17, 11, 1, 
2016/8/22, 14, 36, 8, 2, 
2016/8/23, 14, 32, 9, 2, 
2016/8/24, 19, 35, 6, , 
2016/8/25, 13, 39, 7, , 
2016/8/26, 16, 39, 7, , 
2016/8/27, 18, 42, 3, 1, 
2016/8/28, 16, 41, 6, 1, 
2016/8/29, 20, 32, 9, , 
2016/8/30, 15, 35, 6, 1, 
2016/8/31, 18, 44, 7, 1, 
2016/9/1, 17, 47, 10, 1, 
2016/9/2, 27, 44, 6, 1, 
2016/9/3, 26, 47, 3, , 
2016/9/4, 14, 27, 7, 1, 
2016/9/5, 6, 12, 9, , 
2016/9/6, 10, 29, 7, , 
2016/9/7, 19, 40, 6, , 
2016/9/8, 20, 44, 7, 1, 
2016/9/9, 23, 50, 6, 1, 
2016/9/10, 26, 43, 5, 1, 
2016/9/11, 21, 44, 7, 1, 
2016/9/12, 26, 45, 9, 1, 
2016/9/13, 33, 42, 9, , 
2016/9/14, 32, 36, 8, , 
2016/9/15, 25, 38, 9, 1, 
2016/9/16, 26, 22, 6, , 
2016/9/17, 12, 10, 4, , 
2016/9/18, 20, 14, 6, , 
2016/9/19, 17, 20, 9, 1, 
2016/9/20, 23, 12, 12, 1, 
2016/9/21, 24, 16, 10, 1, 
2016/9/22, 24, 26, 9, 1, 
2016/9/23, 24, 26, 11, 2, 
2016/9/24, 33, 28, 6, 1, 
2016/9/25, 28, 19, 10, 1, 
2016/9/26, 27, 23, 11, 2, 
2016/9/27, 35, 37, 6, 1, 
2016/9/28, 25, 34, 7, , 
2016/9/29, 14, 36, 8, 1, 
2016/9/30, 17, 39, 7, 1, 
2016/4/1, 37, 31, 8, 4, 
2016/4/2, 34, 35, 7, 3, 
2016/4/3, 22, 35, 10, 4, 
2016/4/4, 71, 37, 12, 3, 
2016/4/5, 43, 24, 11, 3, 
2016/4/6, 39, 30, 8, 2, 
2016/4/7, 28, 18, 12, 3, 
2016/4/8, 42, 18, 11, 2, 
2016/4/9, 28, 14, 7, 2, 
2016/4/10, 26, 11, 14, 3, 
2016/4/11, 45, 19, 13, 5, 
2016/4/12, 51, 34, 12, 3, 
2016/4/13, 32, 20, 12, 3, 
2016/4/14, 31, 35, 6, 2, 
2016/4/15, 18, 37, 8, 1, 
2016/4/16, 15, 39, 7, 1, 
2016/4/17, 16, 26, 10, 3, 
2016/4/18, 21, 32, 9, 4, 
2016/4/19, 30, 28, 8, 2, 
2016/4/20, 24, 31, 11, 4, 
2016/4/21, 27, 35, 10, 3, 
2016/4/22, 28, 38, 9, 4, 
2016/4/23, 35, 26, 7, 3, 
2016/4/24, 28, 28, 9, 4, 
2016/4/25, 29, 35, 6, 2, 
2016/4/26, 21, 29, 9, 2, 
2016/4/27, 15, 35, 6, 2, 
2016/4/28, 11, 40, 8, 3, 
2016/4/29, 21, 40, 6, 3, 
2016/4/30, 27, 27, 7, 3, 
2016/5/1, 39, 31, 9, 3, 
2016/5/2, 30, 34, 6, 3, 
2016/5/3, 26, 24, 9, 3, 
2016/5/4, 30, 25, 9, 1, 
2016/5/5, 33, 43, 8, 1, 
2016/5/6, 20, 42, 6, 1, 
2016/5/7, 21, 33, 5, 1, 
2016/5/8, 15, 35, 7, 1, 
2016/5/9, 18, 32, 9, 1, 
2016/5/10, 18, 41, 8, 2, 
2016/5/11, 18, 44, 7, 1, 
2016/5/12, 17, 28, 12, 1, 
2016/5/13, 20, 33, 6, 1, 
2016/5/14, 24, 34, 3, 1, 
2016/5/15, 13, 29, 5, 2, 
2016/5/16, 10, 27, 8, 2, 
2016/5/17, 14, 29, 10, 3, 
2016/5/18, 23, 41, 6, 9, 
2016/5/19, 24, 44, 11, 3, 
2016/5/20, 30, 45, 7, 2, 
2016/5/21, 26, 45, 5, 1, 
2016/5/22, 18, 52, 5, 1, 
2016/5/23, 19, 38, 10, 1, 
2016/5/24, 28, 33, 7, 1, 
2016/5/25, 29, 31, 4, 1, 
2016/5/26, 29, 40, 4, 1, 
2016/5/27, 22, 38, 3, 1, 
2016/5/28, 12, 33, 4, 1, 
2016/5/29, 12, 36, 7, , 
2016/5/30, 13, 44, 6, 2, 
2016/5/31, 15, 35, 5, , 
2016/6/1, 8, 24, 10, , 
2016/6/2, 11, 26, 6, 1, 
2016/6/3, 15, 44, 5, 1, 
2016/6/4, 20, 46, 5, 1, 
2016/6/5, 20, 38, 5, 1, 
2016/6/6, 13, 43, 7, 1, 
2016/6/7, 16, 54, 7, 1, 
2016/6/8, 20, 34, 10, 3, 
2016/6/9, 25, 38, 6, 1, 
2016/6/10, 19, 32, 7, 3, 
2016/6/11, 21, 39, 3, 1, 
2016/6/12, 18, 30, 7, , 
2016/6/13, 15, 38, 6, 1, 
2016/6/14, 18, 33, 7, , 
2016/6/15, 14, 36, 3, , 
2016/6/16, 9, 36, 3, , 
2016/6/17, 24, 38, 4, , 
2016/6/18, 7, 45, 3, , 
2016/6/19, 12, 26, 8, 1, 
2016/6/20, 14, 38, 7, , 
2016/6/21, 15, 46, 6, , 
2016/6/22, 17, 52, 6, , 
2016/6/23, 25, 53, 4, 1, 
2016/6/24, 25, 33, 4, , 
2016/6/25, 24, 28, 4, , 
2016/6/26, 16, 23, 7, 2, 
2016/6/27, 14, 38, 7, 1, 
2016/6/28, 15, 47, 5, 1, 
2016/6/29, 18, 42, 5, , 
2016/6/30, 12, 44, 6, , 
2016/1/4, 154, 8, 22, 35, 
2016/1/5, 135, 9, 23, 32, 
2016/1/6, 118, 7, 20, 23, 
2016/1/7, 106, 47, 9, 10, 
2016/1/8, 28, 23, 18, 18, 
2016/1/9, 76, 15, 16, 19, 
2016/1/10, 101, 18, 17, 9, 
2016/1/11, 54, 46, 4, 4, 
2016/1/12, 11, 19, 6, 4, 
2016/1/13, 13, 18, 9, 4, 
2016/1/14, 20, 17, 9, 6, 
2016/1/15, 29, 10, 12, 9, 
2016/1/16, 49, 20, 13, 15, 
2016/1/17, 54, 13, 23, 25, 
2016/1/18, 84, 12, 20, 19, 
2016/1/19, 78, 18, 10, 8, 
2016/1/20, 41, 17, 14, 11, 
2016/1/21, 47, 19, 19, 19, 
2016/1/22, 58, 23, 10, 10, 
2016/1/23, 47, 13, 14, 12, 
2016/1/24, 46, 18, 9, 4, 
2016/1/25, 19, 9, 12, 6, 
2016/1/26, 31, 23, 5, 2, 
2016/1/27, 11, 25, 11, 5, 
2016/1/28, 25, 22, 9, 4, 
2016/1/29, 29, 28, 2, 1, 
2016/1/30, 11, 26, 3, 3, 
2016/1/31, 13, 24, 7, 5, 
2016/2/1, 12, 25, 3, 4, 
2016/2/2, 46, 24, 8, 4, 
2016/2/3, 17, 19, 7, 5, 
2016/2/4, 18, 20, 12, 4, 
2016/2/5, 26, 26, 5, 2, 
2016/2/6, 13, 32, 1, 1, 
2016/2/7, 12, 31, 3, 1, 
2016/2/8, 12, 31, 2, , 
2016/2/9, 6, 29, 9, 3, 
2016/2/10, 17, 22, 6, 4, 
2016/2/11, 14, 25, 9, 3, 
2016/2/12, 22, 19, 14, 8, 
2016/2/13, 63, 30, 5, 3, 
2016/2/14, 15, 13, 15, 6, 
2016/2/15, 45, 12, 10, 4, 
2016/2/16, 28, 17, 10, 5, 
2016/2/17, 37, 19, 20, 14, 
2016/2/18, 75, 11, 12, 5, 
2016/2/19, 30, 28, 6, 3, 
2016/2/20, 19, 24, 5, 3, 
2016/2/21, 11, 24, 2, 2, 
2016/2/22, 5, 24, 16, 4, 
2016/2/23, 44, 18, 13, 6, 
2016/2/24, 37, 18, 15, 7, 
2016/2/25, 43, 23, 16, 11, 
2016/2/26, 51, 29, 11, 9, 
2016/2/27, 49, 21, 15, 14, 
2016/2/28, 62, 5, 13, 7, 
2016/2/29, 54, 12, 10, 5, 
2016/3/1, 26, 26, 10, 4, 
2016/3/2, 22, 25, 15, 7, 
2016/3/3, 42, 7, 15, 7, 
2016/3/4, 49, 32, 7, 3, 
2016/3/5, 28, 34, 8, 4, 
2016/3/6, 25, 13, 17, 8, 
2016/3/7, 55, 16, 14, 5, 
2016/3/8, 48, 14, 13, 6, 
2016/3/9, 45, 10, 11, 5, 
2016/3/10, 41, 5, 12, 6, 
2016/3/11, 29, 3, 9, 5, 
2016/3/12, 26, 19, 6, 3, 
2016/3/13, 27, 24, 13, 9, 
2016/3/14, 53, 18, 11, 6, 
2016/3/15, 34, 25, 12, 8, 
2016/3/16, 46, 29, 16, 10, 
2016/3/17, 61, 32, 11, 7, 
2016/3/18, 46, 30, 10, 7, 
2016/3/19, 34, 21, 6, 5, 
2016/3/20, 33, 24, 8, 4, 
2016/3/21, 22, 26, 11, 6, 
2016/3/22, 28, 19, 16, 10, 
2016/3/23, 57, 30, 16, 11, 
2016/3/24, 55, 28, 10, 7, 
2016/3/25, 41, 18, 12, 9, 
2016/3/26, 51, 32, 6, 5, 
2016/3/27, 36, 34, 4, 2, 
2016/3/28, 16, 32, 5, 2, 
2016/3/29, 14, 31, 10, 2, 
2016/3/30, 16, 27, 12, 4, 
2016/3/31, 27, 21, 13, 4, 
2015/10/1, 26, 21, 13, 2, 
2015/10/2, 32, 31, 5, 2, 
2015/10/3, 18, 36, 5, 10, 
2015/10/4, 12, 21, 18, 3, 
2015/10/5, 39, 24, 13, 2, 
2015/10/6, 42, 13, 9, 1, 
2015/10/7, 37, 10, 12, 6, 
2015/10/8, 38, 12, 13, 6, 
2015/10/9, 44, 22, 9, 5, 
2015/10/10, 36, 25, 6, 5, 
2015/10/11, 29, 19, 12, 5, 
2015/10/12, 29, 4, 15, 8, 
2015/10/13, 58, 8, 12, 5, 
2015/10/14, 50, 3, 10, 4, 
2015/10/15, 43, 6, 13, 8, 
2015/10/16, 36, 11, 10, 4, 
2015/10/17, 19, 18, 9, 3, 
2015/10/18, 26, 18, 11, 5, 
2015/10/19, 44, 12, 14, 5, 
2015/10/20, 47, 8, 11, 4, 
2015/10/21, 27, 13, 13, 5, 
2015/10/22, 28, 18, 10, 4, 
2015/10/23, 21, 21, 13, 7, 
2015/10/24, 50, 20, 8, 5, 
2015/10/25, 32, 18, 13, 8, 
2015/10/26, 42, 13, 15, 8, 
2015/10/27, 57, 13, 19, 9, 
2015/10/28, 58, 14, 21, 9, 
2015/10/29, 59, 11, 16, 9, 
2015/10/30, 72, 8, 15, 5, 
2015/10/31, 83, 31, 10, 6, 
2015/11/1, 38, 22, 23, 10, 
2015/11/2, 61, 15, 29, 16, 
2015/11/3, 95, 20, 24, 13, 
2015/11/4, 77, 14, 24, 18, 
2015/11/5, 92, 14, 25, 15, 
2015/11/6, 83, 15, 11, 5, 
2015/11/7, 37, 23, 7, 4, 
2015/11/8, 20, 16, 8, 3, 
2015/11/9, 19, 20, 7, 4, 
2015/11/10, 14, 18, 7, 5, 
2015/11/11, 13, 21, 8, 4, 
2015/11/12, 17, 24, 8, 2, 
2015/11/13, 19, 28, 4, 2, 
2015/11/14, 11, 28, 2, 1, 
2015/11/15, 4, 17, 13, 4, 
2015/11/16, 21, 23, 7, 1, 
2015/11/17, 11, 24, 6, 3, 
2015/11/18, 10, 27, 4, 1, 
2015/11/19, 7, 26, 9, 2, 
2015/11/20, 12, 25, 11, 5, 
2015/11/21, 29, 17, 12, 8, 
2015/11/22, 50, 23, 9, 4, 
2015/11/23, 16, 21, 11, 10, 
2015/11/24, 31, 24, 9, 12, 
2015/11/25, 23, 15, 17, 19, 
2015/11/26, 62, 7, 15, 16, 
2015/11/27, 64, 16, 9, 8, 
2015/11/28, 38, 27, 4, 2, 
2015/11/29, 9, 28, 7, 4, 
2015/11/30, 10, 29, 5, 3, 
2015/12/1, 43, 25, 10, 5, 
2015/12/2, 20, 15, 15, 8, 
2015/12/3, 44, 28, 6, 3, 
2015/12/4, 17, 27, 6, 3, 
2015/12/5, 15, 31, 5, 3, 
2015/12/6, 14, 24, 9, 4, 
2015/12/7, 24, 10, 17, 12, 
2015/12/8, 79, 12, 11, 6, 
2015/12/9, 31, 17, 14, 5, 
2015/12/10, 35, 28, 6, 3, 
2015/12/11, 13, 24, 6, 4, 
2015/12/12, 15, 28, 3, 3, 
2015/12/13, 10, 28, 13, 10, 
2015/12/14, 38, 20, 12, 7, 
2015/12/15, 32, 11, 14, 9, 
2015/12/16, 55, 20, 9, 3, 
2015/12/17, 14, 14, 11, 4, 
2015/12/18, 25, 15, 11, 4, 
2015/12/19, 31, 26, 10, 5, 
2015/12/20, 29, 20, 12, 5, 
2015/12/21, 26, 28, 4, 2, 
2015/12/22, 7, 28, 6, 2, 
2015/12/23, 10, 19, 13, 9, 
2015/12/24, 44, 28, 3, 2, 
2015/12/25, 11, 30, 2, 2, 
2015/12/26, 5, 32, 3, 1, 
2015/12/27, 8, 25, 11, 5, 
2015/12/28, 38, 17, 10, 5, 
2015/12/29, 33, 19, 11, 9, 
2015/12/30, 50, , , , 
2016/1/3, 92, 10, 23, 39, 
2015/7/1, 20, 43, 5, 1, 
2015/7/2, 14, 41, 6, , 
2015/7/3, 14, 53, 5, 1, 
2015/7/4, 14, 65, 4, 2, 
2015/7/5, 18, 64, 5, 2, 
2015/7/6, 22, 57, 6, 4, 
2015/7/7, 20, 52, 5, , 
2015/7/8, 13, 30, 7, 2, 
2015/7/9, 11, 30, 6, 2, 
2015/7/10, 12, 39, 6, 2, 
2015/7/11, 14, 41, 6, 3, 
2015/7/12, 13, 32, 7, 1, 
2015/7/13, 7, 22, 8, 1, 
2015/7/14, 7, 32, 7, 2, 
2015/7/15, 9, 31, 5, 1, 
2015/7/16, 11, 51, 8, 2, 
2015/7/17, 13, 55, 4, 1, 
2015/7/18, 19, 53, 3, 1, 
2015/7/19, 17, 40, 6, 1, 
2015/7/20, 10, 37, 6, , 
2015/7/21, 11, 52, 6, 1, 
2015/7/22, 13, 44, 7, 2, 
2015/7/23, 16, 39, 6, 1, 
2015/7/24, 17, 44, 4, , 
2015/7/25, 15, 37, 3, 1, 
2015/7/26, 6, 33, 5, 2, 
2015/7/27, 7, 31, 5, 1, 
2015/7/28, 4, 34, 5, 1, 
2015/7/29, 5, 36, 6, 4, 
2015/7/30, 42, 36, 10, 3, 
2015/7/31, 15, 46, 5, 1, 
2015/8/1, 15, 39, 4, 1, 
2015/8/2, 12, 38, 7, 1, 
2015/8/3, 17, 41, 5, 1, 
2015/8/4, 15, 61, 5, 2, 
2015/8/5, 19, 67, 6, 2, 
2015/8/6, 26, 55, 5, 1, 
2015/8/7, 25, 51, 4, 1, 
2015/8/8, 18, 61, 4, 2, 
2015/8/9, 21, 65, 8, 2, 
2015/8/10, 26, 57, 6, 1, 
2015/8/11, 28, 68, 10, 3, 
2015/8/12, 33, 63, 7, 2, 
2015/8/13, 24, 53, 6, 1, 
2015/8/14, 27, 51, 4, 1, 
2015/8/15, 22, 37, 5, , 
2015/8/16, 16, 19, 9, 1, 
2015/8/17, 21, 34, 5, 1, 
2015/8/18, 21, 36, 5, 2, 
2015/8/19, 94, 33, 7, 2, 
2015/8/20, 19, 36, 6, 1, 
2015/8/21, 18, 31, 10, 1, 
2015/8/22, 25, 35, 5, 1, 
2015/8/23, 14, 37, 4, 1, 
2015/8/24, 10, 39, 6, 3, 
2015/8/25, 10, 36, 7, 4, 
2015/8/26, 10, 40, 6, 3, 
2015/8/27, 12, 43, 8, 2, 
2015/8/28, 16, 27, 9, 3, 
2015/8/29, 26, 49, 5, 3, 
2015/8/30, 19, 53, 9, 3, 
2015/8/31, 24, 60, 5, 2, 
2015/9/1, 15, 48, 8, 2, 
2015/9/2, 11, 28, 8, 1, 
2015/9/3, 12, 27, 9, 6, 
2015/9/4, 14, 34, 6, 1, 
2015/9/5, 9, 26, 3, 1, 
2015/9/6, 5, 21, 7, 1, 
2015/9/7, 7, 23, 9, 1, 
2015/9/8, 7, 16, 9, 3, 
2015/9/9, 11, 27, 7, 1, 
2015/9/10, 19, 18, 12, 2, 
2015/9/11, 19, 30, 8, 2, 
2015/9/12, 18, 36, 4, 2, 
2015/9/13, 9, 39, 4, 2, 
2015/9/14, 13, 28, 12, 2, 
2015/9/15, 14, 36, 4, 1, 
2015/9/16, 15, 37, 3, 2, 
2015/9/17, 23, 34, 12, 2, 
2015/9/18, 15, 19, 10, 2, 
2015/9/19, 18, 19, 7, 2, 
2015/9/20, 19, 26, 9, 1, 
2015/9/21, 11, 30, 10, 1, 
2015/9/22, 15, 20, 16, 2, 
2015/9/23, 62, 14, 15, 7, 
2015/9/24, 26, 12, 16, 3, 
2015/9/25, 25, 15, 12, 2, 
2015/9/26, 24, 22, 9, 3, 
2015/9/27, 18, 20, 11, 2, 
2015/9/28, 18, 17, 10, 3, 
2015/9/29, 21, 26, 9, 3, 
2015/9/30, 52, 18, 10, 2, 
2015/4/1, 11, 28, 5, 2, 
2015/4/2, 11, 26, 7, 5, 
2015/4/3, 20, 29, 7, 6, 
2015/4/4, 26, 25, 7, 6, 
2015/4/5, 37, 28, 6, 7, 
2015/4/6, 26, 29, 10, 8, 
2015/4/7, 32, 23, 11, 5, 
2015/4/8, 27, 32, 9, 5, 
2015/4/9, 25, 41, 9, 6, 
2015/4/10, 27, 46, 6, 4, 
2015/4/11, 27, 41, 6, 3, 
2015/4/12, 19, 33, 5, 3, 
2015/4/13, 17, 31, 8, 3, 
2015/4/14, 21, 40, 5, 3, 
2015/4/15, 19, 42, 8, 2, 
2015/4/16, 21, 22, 13, 4, 
2015/4/17, 27, 27, 6, 4, 
2015/4/18, 17, 32, 5, 3, 
2015/4/19, 17, 34, 6, 4, 
2015/4/20, 34, 37, 9, 5, 
2015/4/21, 29, 37, 13, 7, 
2015/4/22, 34, 42, 12, 5, 
2015/4/23, 36, 39, 13, 4, 
2015/4/24, 37, 51, 6, 3, 
2015/4/25, 15, 43, 6, 4, 
2015/4/26, 15, 44, 4, 1, 
2015/4/27, 16, 41, 8, 1, 
2015/4/28, 15, 28, 8, 2, 
2015/4/29, 22, 36, 10, 3, 
2015/4/30, 26, 33, 7, 2, 
2015/5/1, 23, 27, 10, 4, 
2015/5/2, 33, 38, 4, 2, 
2015/5/3, 21, 27, 6, 1, 
2015/5/4, 9, 30, 6, 1, 
2015/5/5, 13, 25, 10, 1, 
2015/5/6, 11, 38, 7, 2, 
2015/5/7, 11, 56, 7, 2, 
2015/5/8, 16, 42, 7, 3, 
2015/5/9, 18, 35, 4, 1, 
2015/5/10, 11, 38, 7, 2, 
2015/5/11, 14, 45, 5, 2, 
2015/5/12, 14, 45, 8, 2, 
2015/5/13, 16, 27, 11, 1, 
2015/5/14, 23, 34, 9, 3, 
2015/5/15, 18, 44, 6, 2, 
2015/5/16, 16, 35, 5, 1, 
2015/5/17, 13, 41, 6, 1, 
2015/5/18, 13, 47, 7, 3, 
2015/5/19, 15, 25, 8, 1, 
2015/5/20, 15, 27, 10, 2, 
2015/5/21, 16, 29, 5, 1, 
2015/5/22, 8, 23, 6, 2, 
2015/5/23, 16, 25, 4, 1, 
2015/5/24, 11, 20, 10, 2, 
2015/5/25, 23, 15, 12, 2, 
2015/5/26, 24, 23, 7, 2, 
2015/5/27, 14, 29, 8, 2, 
2015/5/28, 49, 41, 7, 1, 
2015/5/29, 16, 41, 4, 1, 
2015/5/30, 9, 42, 4, 2, 
2015/5/31, 10, 36, 8, 2, 
2015/6/1, 11, 37, 7, 2, 
2015/6/2, 17, 44, 6, 1, 
2015/6/3, 12, 40, 4, 2, 
2015/6/4, 18, 40, 5, 1, 
2015/6/5, 16, 52, 6, 2, 
2015/6/6, 22, 58, 4, 2, 
2015/6/7, 19, 37, 7, 2, 
2015/6/8, 19, 36, 5, 2, 
2015/6/9, 17, 33, 5, 2, 
2015/6/10, 15, 48, 6, 1, 
2015/6/11, 21, 47, 4, 1, 
2015/6/12, 22, 55, 3, 3, 
2015/6/13, 24, 47, 4, 1, 
2015/6/14, 11, 27, 9, , 
2015/6/15, 18, 35, 7, 3, 
2015/6/16, 15, 29, 8, 4, 
2015/6/17, 15, 39, 7, 2, 
2015/6/18, 15, 30, 8, 1, 
2015/6/19, 11, 30, 6, 2, 
2015/6/20, 10, 25, 4, 1, 
2015/6/21, 7, 29, 4, 1, 
2015/6/22, 6, 32, 5, , 
2015/6/23, 4, 32, 5, 1, 
2015/6/24, 6, 31, 8, 2, 
2015/6/25, 13, 39, 9, 4, 
2015/6/26, 19, 39, 6, 2, 
2015/6/27, 17, 30, 5, 1, 
2015/6/28, 10, 30, 8, 3, 
2015/6/29, 16, 43, 7, 2, 
2015/6/30, 15, 48, 8, 2, 
2015/1/1, 63, 29, 6, 6, 
2015/1/2, 21, 29, 4, 4, 
2015/1/3, 15, 31, 3, 6, 
2015/1/4, 14, 30, 8, 7, 
2015/1/5, 23, 27, 12, 16, 
2015/1/6, 50, 24, 16, 15, 
2015/1/7, 61, 26, 7, 3, 
2015/1/8, 20, 32, 5, 3, 
2015/1/9, 11, 29, 4, 3, 
2015/1/10, 42, 32, 4, 5, 
2015/1/11, 52, 31, 4, 4, 
2015/1/12, 10, 34, , 1, 
2015/1/13, 6, 35, , 2, 
2015/1/14, 56, 30, 5, 3, 
2015/1/15, 13, 29, 5, 3, 
2015/1/16, 14, 29, 5, 4, 
2015/1/17, 23, 9, 11, 9, 
2015/1/18, 46, 9, 12, 8, 
2015/1/19, 39, 11, 13, 10, 
2015/1/20, 64, 4, 17, 10, 
2015/1/21, 67, 4, 13, 11, 
2015/1/22, 68, 1, 10, 11, 
2015/1/23, 48, 9, 10, 10, 
2015/1/24, 43, 13, 10, 10, 
2015/1/25, 44, 14, 16, 9, 
2015/1/26, 117, 24, 9, 5, 
2015/1/27, 20, 20, 9, 7, 
2015/1/28, 25, 29, 5, 2, 
2015/1/29, 10, 26, 12, 7, 
2015/1/30, 23, 26, 7, 8, 
2015/1/31, 17, 30, 15, 11, 
2015/2/1, 48, 15, 16, 13, 
2015/2/2, 55, 25, 9, 4, 
2015/2/3, 21, 26, 15, 11, 
2015/2/4, 43, 13, 17, 19, 
2015/2/5, 62, 22, 8, 6, 
2015/2/6, 34, 24, 10, 9, 
2015/2/7, 39, , , , 
2015/2/9, 28, , , , 
2015/2/12, 48, 32, 11, 7, 
2015/2/13, 31, 29, 29, 19, 
2015/2/14, 77, 34, 16, 19, 
2015/2/15, 68, 22, 9, 7, 
2015/2/16, 44, 21, 21, 14, 
2015/2/17, 70, 24, 19, 13, 
2015/2/18, 61, 20, 19, 16, 
2015/2/19, 75, 34, 16, 7, 
2015/2/20, 39, 42, 4, 2, 
2015/2/21, 18, 38, 10, 7, 
2015/2/22, 40, 26, 11, 8, 
2015/2/23, 45, 23, 16, 7, 
2015/2/24, 38, 10, 16, 8, 
2015/2/25, 48, 14, 22, 11, 
2015/2/26, 51, 9, 20, 11, 
2015/2/27, 65, 11, 16, 13, 
2015/2/28, 56, 32, 8, 6, 
2015/3/1, 40, 30, 6, 3, 
2015/3/2, 11, 27, 7, 3, 
2015/3/3, 16, 32, 12, 5, 
2015/3/4, 31, 18, 13, 7, 
2015/3/5, 40, 20, 15, 10, 
2015/3/6, 51, 25, 12, 11, 
2015/3/7, 54, 36, 9, 7, 
2015/3/8, 34, 34, 13, 7, 
2015/3/9, 41, 32, 16, 11, 
2015/3/10, 56, 14, 15, 7, 
2015/3/11, 54, 16, 12, 6, 
2015/3/12, 39, 15, 11, 5, 
2015/3/13, 24, 11, 11, 7, 
2015/3/14, 39, 26, 7, 6, 
2015/3/15, 36, 25, 12, 7, 
2015/3/16, 52, 29, 11, 7, 
2015/3/17, 47, 34, 9, 6, 
2015/3/18, 37, 32, 10, 6, 
2015/3/19, 48, 29, 15, 8, 
2015/3/20, 58, 44, 10, 5, 
2015/3/21, 42, 25, 7, 5, 
2015/3/22, 36, 29, 15, 8, 
2015/3/23, 49, 42, 6, 6, 
2015/3/24, 36, 38, 9, 5, 
2015/3/25, 38, 33, 5, 3, 
2015/3/26, 19, 23, 12, 6, 
2015/3/27, 68, 19, 8, 4, 
2015/3/28, 28, 27, 4, 3, 
2015/3/29, 20, 32, 4, 2, 
2015/3/30, 7, 29, 4, 1, 
2015/3/31, 8, 33, 5, 4, 
2014/10/1, 43, 6, 10, 2, 
2014/10/2, 31, 10, 10, 4, 
2014/10/3, 38, 7, 8, , 
2014/10/4, 45, 18, 6, , 
2014/10/5, 27, 15, 10, , 
2014/10/6, 31, 27, 6, , 
2014/10/7, 22, 28, 6, 1, 
2014/10/8, 21, 30, 5, 1, 
2014/10/9, 16, 28, 13, 3, 
2014/10/10, 35, 22, 11, 1, 
2014/10/11, 39, 23, 8, 2, 
2014/10/12, 27, 14, 12, , 
2014/10/13, 37, 17, 10, 1, 
2014/10/14, 23, 16, 11, , 
2014/10/15, 16, 17, 9, 1, 
2014/10/16, 16, 20, 9, 2, 
2014/10/17, 17, 14, 10, 4, 
2014/10/18, 33, 29, 3, 2, 
2014/10/19, 10, 29, 5, 2, 
2014/10/20, 12, 20, 10, 2, 
2014/10/21, 19, 23, 7, 2, 
2014/10/22, 9, 11, 7, 2, 
2014/10/23, 13, 10, 8, 2, 
2014/10/24, 34, 13, 9, 5, 
2014/10/25, 45, 16, 11, 5, 
2014/10/26, 55, 9, 15, 5, 
2014/10/27, 61, 10, 19, 7, 
2014/10/28, 72, 9, 22, 9, 
2014/10/29, 79, 17, 16, 7, 
2014/10/30, 65, 10, 18, 9, 
2014/10/31, 76, 11, 11, 7, 
2014/11/1, 52, 17, 7, 3, 
2014/11/2, 27, 26, 10, 3, 
2014/11/3, 24, 33, 4, 1, 
2014/11/4, 21, 36, 3, 1, 
2014/11/5, 15, 30, 10, 3, 
2014/11/6, 27, 21, 6, 3, 
2014/11/7, 21, 14, 11, 4, 
2014/11/8, 25, 7, 8, 4, 
2014/11/9, 42, 23, 7, 3, 
2014/11/10, 32, 28, 3, 2, 
2014/11/11, 17, 27, 8, 4, 
2014/11/12, 23, 16, 18, 10, 
2014/11/13, 59, 2, 14, 6, 
2014/11/14, 65, 3, 11, 4, 
2014/11/15, 60, 19, 9, 6, 
2014/11/16, 33, 5, 12, 5, 
2014/11/17, 52, 2, 11, 5, 
2014/11/18, 46, 1, 12, 8, 
2014/11/19, 46, 1, 7, 6, 
2014/11/20, 21, 1, 9, , 
2014/11/21, 27, 3, 13, , 
2014/11/22, 64, 14, 8, , 
2014/11/23, 46, 6, 14, 12, 
2014/11/24, 107, 16, 12, 7, 
2014/11/25, 39, 17, 15, 9, 
2014/11/26, 58, 10, 15, 11, 
2014/11/27, 71, 10, 13, 8, 
2014/11/28, 63, 16, 8, 6, 
2014/11/29, 47, 17, 7, 6, 
2014/11/30, 49, 15, 10, 7, 
2014/12/1, 43, 10, 11, 8, 
2014/12/2, 61, 7, 16, 21, 
2014/12/3, 109, 6, 16, 18, 
2014/12/4, 111, 5, 14, 17, 
2014/12/5, 109, 6, 13, 21, 
2014/12/6, 136, 4, 11, 18, 
2014/12/7, 91, 5, 16, 12, 
2014/12/8, 54, 9, 17, 14, 
2014/12/9, 61, 12, 22, 13, 
2014/12/10, 81, 24, 8, 4, 
2014/12/11, 20, 33, 3, 2, 
2014/12/12, 9, 34, 5, 3, 
2014/12/13, 13, 28, 12, 9, 
2014/12/14, 38, 22, 11, 8, 
2014/12/15, 27, 24, 13, 9, 
2014/12/16, 31, 18, 13, 4, 
2014/12/17, 26, 24, 7, 2, 
2014/12/18, 9, 24, 5, 2, 
2014/12/19, 7, 32, 3, 3, 
2014/12/20, 10, 31, 4, 4, 
2014/12/21, 15, 31, 3, 2, 
2014/12/22, 8, 28, 3, 2, 
2014/12/23, 9, 30, 3, 3, 
2014/12/24, 9, 33, 3, 4, 
2014/12/25, 13, 29, 6, 6, 
2014/12/26, 23, 18, 15, 20, 
2014/12/27, 83, 17, 9, 12, 
2014/12/28, 53, , , , 
2014/9/15, 31, 21, 8, 1, 
2014/9/16, 33, 20, 9, 1, 
2014/9/17, 29, 27, 9, 1, 
2014/9/18, 28, 32, 8, 2, 
2014/9/19, 26, 25, 9, 2, 
2014/9/20, 32, 25, 6, 1, 
2014/9/21, 20, 23, 7, 1, 
2014/9/22, 12, 20, 7, 2, 
2014/9/23, 12, 24, 9, 2, 
2014/9/24, 19, 30, 7, 2, 
2014/9/25, 17, 14, 11, 2, 
2014/9/26, 23, 12, 11, 2, 
2014/9/27, 28, 22, 7, 1, 
2014/9/28, 25, 26, 8, 2, 
2014/9/29, 15, 26, 12, 3, 
2014/9/30, 26, 9, 14, 2, 
2022/9/25, , 15, , , 
2021/7/17, , 19, , 1, 
2021/3/20, , 21, , 4, 
2020/11/30, , 8, , 6, 
2020/3/31, , 33, , 6, 
2019/12/31, , 22, , 4, 
2018/12/31, , 23, , 3, 
2019/2/4, , 14, , 10, 
2019/2/5, , 17, , 11, 
2017/9/9, , 4, 14, , 
2016/8/20, , 17, 3, 1, 
2016/1/2, , 12, 15, 25, 
2014/12/31, , 25, 12, 13, 
2015/2/8, , 24, 9, 9, 
2015/2/11, , 20, 16, 12, 
2014/9/14, , 17, 11, 1, 