date, pm10, no2, so2, co
2023/1/2, 17, 8, , 
2023/1/3, 20, 5, , 
2023/1/4, 12, 4, , 
2023/1/5, 11, 3, , 
2023/1/6, 11, 4, , 
2023/1/7, 14, , , 
2022/10/1, 17, 2, , 
2022/10/2, 9, 6, , 
2022/10/3, 11, 10, , 
2022/10/4, 14, 7, , 
2022/10/5, 18, 10, , 
2022/10/6, 20, 9, , 
2022/10/7, 21, 7, , 
2022/10/8, 19, 6, , 
2022/10/9, 14, 4, , 
2022/10/10, 15, 11, , 
2022/10/11, 19, 10, , 
2022/10/12, 24, 7, , 
2022/10/13, 22, 11, , 
2022/10/14, 33, 5, , 
2022/10/17, 19, 11, , 
2022/10/18, 21, 8, , 
2022/10/19, 16, 6, , 
2022/10/20, 14, 6, , 
2022/10/21, 19, 7, , 
2022/10/22, 27, 7, , 
2022/10/23, 21, 5, , 
2022/10/24, 19, 11, , 
2022/10/25, 20, 9, , 
2022/10/26, 22, 11, , 
2022/10/27, 29, 8, , 
2022/10/28, 23, 12, , 
2022/10/29, 32, 5, , 
2022/10/30, 19, 8, , 
2022/10/31, 17, 4, , 
2022/11/1, 18, 8, , 
2022/11/2, 18, 7, , 
2022/11/3, 15, 8, , 
2022/11/4, 23, 10, , 
2022/11/5, 28, 3, , 
2022/11/6, 16, 6, , 
2022/11/7, 17, 7, , 
2022/11/8, 16, 7, , 
2022/11/9, 14, 11, , 
2022/11/10, 20, 4, , 
2022/11/11, 17, 7, , 
2022/11/12, 24, 4, , 
2022/11/13, 11, 5, , 
2022/11/14, 22, 6, , 
2022/11/15, 33, 4, , 
2022/11/16, 11, 4, , 
2022/11/17, 9, 10, , 
2022/11/18, 20, 10, , 
2022/11/19, 29, 6, , 
2022/11/20, 24, 9, , 
2022/11/21, 19, 6, , 
2022/11/22, 27, 8, , 
2022/11/23, 67, 7, , 
2022/11/24, 35, 8, , 
2022/11/25, 31, 7, , 
2022/11/26, 33, 5, , 
2022/11/27, 20, 5, , 
2022/11/28, 20, 6, , 
2022/11/29, 33, 7, , 
2022/11/30, 39, 8, , 
2022/12/1, 32, 13, , 
2022/12/2, 27, 5, , 
2022/12/3, 26, 5, , 
2022/12/4, 34, 6, , 
2022/12/5, 26, 7, , 
2022/12/6, 23, 12, , 
2022/12/7, 10, 15, , 
2022/12/8, 24, 19, , 
2022/12/9, 29, 17, , 
2022/12/10, 33, 16, , 
2022/12/11, 39, 7, , 
2022/12/12, 10, 12, , 
2022/12/13, 12, 9, , 
2022/12/14, 28, 12, , 
2022/12/15, 53, 28, , 
2022/12/16, 91, 11, , 
2022/12/17, 44, 7, , 
2022/12/18, 36, 8, , 
2022/12/19, 32, 10, , 
2022/12/20, 22, 11, , 
2022/12/21, 22, 11, , 
2022/12/22, 17, 15, , 
2022/12/23, 22, 11, , 
2022/12/24, 24, 4, , 
2022/12/25, 19, 3, , 
2022/12/26, 8, 7, , 
2022/12/27, 12, 5, , 
2022/12/28, 12, 6, , 
2022/12/29, 10, 7, , 
2022/12/30, 16, 2, , 
2022/12/31, 8, , , 
2022/9/25, 22, 6, , 
2022/9/26, 14, 5, , 
2022/9/27, 12, 9, , 
2022/9/28, 12, 8, , 
2022/9/29, 18, 7, , 
2022/9/30, 15, 4, , 
2021/7/27, 17, 9, , 
2021/7/28, 15, 10, , 
2021/7/29, 19, 12, , 
2021/7/30, 21, 6, , 
2021/7/31, 17, 6, , 
2021/8/1, 9, 10, , 
2021/8/2, 13, 13, , 
2021/8/3, 8, 6, , 
2021/8/4, 7, 6, , 
2021/8/5, 10, 10, , 
2021/8/6, 12, 7, , 
2021/8/7, 15, 4, , 
2021/8/8, 10, 12, , 
2021/8/9, 13, 7, , 
2021/8/10, 11, 13, , 
2021/8/11, 12, 10, , 
2021/8/12, 12, 13, , 
2021/8/13, 18, 8, , 
2021/8/14, 16, 7, , 
2021/8/15, 11, 10, , 
2021/8/16, 13, 6, , 
2021/8/17, 9, 8, , 
2021/8/18, 10, 9, , 
2021/8/19, 9, 14, , 
2021/8/20, 11, 10, , 
2021/8/21, 10, 2, , 
2021/8/22, 6, 2, , 
2021/8/23, 6, 9, , 
2021/8/24, 8, 9, , 
2021/8/25, 14, 7, , 
2021/8/26, 6, 9, , 1
2021/8/27, 8, 7, , 
2021/8/28, 10, 4, , 
2021/8/29, 6, 3, , 1
2021/8/30, 9, 1, , 
2021/8/31, 12, 10, , 1
2021/9/1, 9, 10, , 1
2021/9/2, 13, 13, , 1
2021/9/3, 20, 3, , 
2021/9/4, 11, 3, , 
2021/9/5, 6, 5, , 1
2021/9/6, 10, 12, , 1
2021/9/7, 23, 13, , 1
2021/9/8, 25, 14, , 1
2021/9/9, 26, 17, , 2
2021/9/10, 31, 11, , 1
2021/9/11, 21, 7, , 1
2021/9/12, 11, 13, , 1
2021/9/13, 14, 13, , 1
2021/9/14, 16, 5, , 1
2021/9/15, 13, 12, , 2
2021/9/16, 16, 12, , 2
2021/9/17, 9, 2, , 1
2021/9/18, 8, 3, , 1
2021/9/19, 9, 10, , 2
2021/9/20, 14, 12, , 2
2021/9/21, 16, 11, , 2
2021/9/22, 13, 7, , 1
2021/9/23, 20, 7, , 1
2021/9/24, 19, 9, , 1
2021/9/25, 13, 3, , 1
2021/9/26, 10, 4, , 1
2021/9/27, 15, 6, , 1
2021/9/28, 13, , , 
2020/10/1, 41, 5, , 
2020/10/2, 30, 3, , 
2020/10/3, 16, 5, , 
2020/10/4, 15, 9, , 
2020/10/5, 15, 5, , 
2020/10/6, 10, 6, , 
2020/10/7, 10, 6, , 
2020/10/8, 13, 12, , 
2020/10/9, 14, 6, , 
2020/10/10, 12, 5, , 
2020/10/11, 12, 9, , 
2020/10/12, 16, 7, , 
2020/10/13, 12, 1, , 
2020/10/14, 8, 3, , 
2020/10/15, 6, 9, , 
2020/10/16, 10, 9, , 
2020/10/17, 15, 6, , 
2020/10/18, 8, 12, , 
2020/10/19, 10, 8, , 
2020/10/20, 17, 7, , 
2020/10/21, 19, 9, , 
2020/10/22, 18, 17, , 
2020/10/23, 21, 7, , 
2020/10/24, 18, 2, , 
2020/10/25, 12, 7, , 
2020/10/26, 29, 7, , 
2020/10/27, 19, 6, , 
2020/10/28, 15, 9, , 
2020/10/29, 12, 9, , 
2020/10/30, 15, 4, , 
2020/10/31, 12, 3, , 
2020/11/1, 23, 4, , 
2020/11/2, 10, 16, , 
2020/11/3, 21, 11, , 
2020/11/4, 17, 9, , 
2020/11/5, 15, 11, , 
2020/11/6, 12, 4, , 
2020/11/7, 10, 5, , 
2020/11/8, 23, 6, , 
2020/11/9, 16, 7, , 
2020/11/10, 28, 5, , 
2020/11/11, 33, 8, , 
2020/11/12, 25, 10, , 
2020/11/13, 28, 7, , 
2020/11/14, 29, 5, , 
2020/11/15, 21, 7, , 
2020/11/16, 19, 9, , 
2020/11/17, 13, 8, , 
2020/11/18, 11, 8, , 
2020/11/19, 12, 14, , 
2020/11/20, 14, 4, , 
2020/11/21, 11, 4, , 
2020/11/22, 10, 8, , 
2020/11/23, 12, 10, , 
2020/11/24, 17, 9, , 
2020/11/25, 26, 10, , 
2020/11/26, 22, 19, , 
2020/11/27, 18, , , 
2020/11/29, 39, 10, , 
2020/11/30, 12, 8, , 
2020/12/1, 28, 9, , 3
2020/12/2, 39, 8, , 
2020/12/3, 34, 8, , 
2020/12/4, 35, , , 
2020/7/1, 12, 10, , 
2020/7/2, 12, 12, , 
2020/7/3, 13, 6, , 
2020/7/4, 12, 3, , 
2020/7/5, 9, 9, , 
2020/7/6, 14, 9, , 
2020/7/7, 13, 10, , 
2020/7/8, 9, 7, , 
2020/7/9, 11, 9, , 
2020/7/10, 8, 7, , 
2020/7/11, 10, 5, , 
2020/7/12, 10, 10, , 
2020/7/13, 12, 5, , 
2020/7/14, 13, 10, , 
2020/7/15, 14, 8, , 
2020/7/16, 10, 6, , 
2020/7/17, 11, 6, , 
2020/7/18, 14, 3, , 
2020/7/19, 14, 10, , 
2020/7/20, 14, 9, , 
2020/7/21, 12, 9, , 
2020/7/22, 11, 10, , 
2020/7/23, 11, 12, , 
2020/7/24, 15, 5, , 
2020/7/25, 9, 6, , 
2020/7/26, 12, 6, , 
2020/7/27, 10, 8, , 
2020/7/28, 13, 10, , 
2020/7/29, 15, 11, , 
2020/7/30, 13, 13, , 
2020/7/31, 14, 5, , 
2020/8/1, 10, 5, , 
2020/8/2, 13, 11, , 
2020/8/3, 12, 11, , 
2020/8/4, 11, 7, , 
2020/8/5, 12, 9, , 
2020/8/6, 16, 6, , 
2020/8/7, 21, 5, , 
2020/8/8, 24, 4, , 
2020/8/9, 22, 7, , 
2020/8/10, 22, 4, , 
2020/8/11, 13, 5, , 
2020/8/12, 12, 8, , 
2020/8/13, 20, 7, , 
2020/8/14, 23, 4, , 
2020/8/15, 21, 4, , 
2020/8/16, 21, 8, , 
2020/8/17, 19, 6, , 
2020/8/18, 21, 8, , 
2020/8/19, 15, 9, , 
2020/8/20, 17, 9, , 
2020/8/21, 21, 11, , 
2020/8/22, 16, 6, , 
2020/8/23, 12, 10, , 
2020/8/24, 11, 9, , 
2020/8/25, 9, 8, , 
2020/8/26, 7, 15, , 
2020/8/27, 7, 4, , 
2020/8/28, 10, 9, , 
2020/8/29, 13, 4, , 
2020/8/30, 8, 9, , 
2020/8/31, 11, 6, , 
2020/9/1, 11, 12, , 
2020/9/2, 8, 9, , 
2020/9/3, 8, 12, , 
2020/9/4, 12, 8, , 
2020/9/5, 12, 5, , 
2020/9/6, 11, 11, , 
2020/9/7, 12, 10, , 
2020/9/8, 13, 6, , 
2020/9/9, 11, 11, , 
2020/9/10, 15, 11, , 
2020/9/11, 16, 7, , 
2020/9/12, 18, 5, , 
2020/9/13, 13, 17, , 
2020/9/14, 20, 9, , 
2020/9/15, 22, 12, , 
2020/9/16, 25, 8, , 
2020/9/17, 11, 14, , 
2020/9/18, 15, 11, , 
2020/9/19, 13, 8, , 
2020/9/20, 16, 12, , 
2020/9/21, 21, 12, , 
2020/9/22, 31, 13, , 
2020/9/23, 36, 9, , 
2020/9/24, 22, 7, , 
2020/9/25, 13, 5, , 
2020/9/26, 12, 5, , 
2020/9/27, 8, 8, , 
2020/9/28, 11, 12, , 
2020/9/29, 19, 10, , 
2020/9/30, 18, 8, , 
2020/4/1, 13, 8, , 
2020/4/2, 14, 6, , 
2020/4/3, 19, 9, , 
2020/4/4, 17, 2, , 
2020/4/5, 12, 5, , 
2020/4/6, 25, 12, , 
2020/4/7, 30, 10, , 
2020/4/8, 25, 10, , 
2020/4/9, 26, 13, , 
2020/4/10, 18, 4, , 
2020/4/11, 19, 2, , 
2020/4/12, 15, 1, , 
2020/4/13, 16, 5, , 
2020/4/14, 11, 7, , 
2020/4/15, 21, 9, , 
2020/4/16, 20, 13, , 
2020/4/17, 14, 4, , 
2020/4/18, 13, 3, , 
2020/4/19, 8, 9, , 
2020/4/20, 15, 6, , 
2020/4/21, 10, 10, , 
2020/4/22, 15, 15, , 
2020/4/23, 21, 10, , 
2020/4/24, 19, 5, , 
2020/4/25, 9, 5, , 
2020/4/26, 9, 10, , 
2020/4/27, 18, 9, , 
2020/4/28, 28, 4, , 
2020/4/29, 11, 5, , 
2020/4/30, 15, 3, , 
2020/5/1, 12, 7, , 
2020/5/2, 13, 6, , 
2020/5/3, 15, 12, , 
2020/5/4, 16, 6, , 
2020/5/5, 9, 6, , 
2020/5/6, 11, 10, , 
2020/5/7, 19, 12, , 
2020/5/8, 21, 10, , 
2020/5/9, 22, 6, , 
2020/5/10, 16, 4, , 
2020/5/11, 7, 9, , 
2020/5/12, 10, 10, , 
2020/5/13, 8, 11, , 
2020/5/14, 11, 9, , 
2020/5/15, 13, 5, , 
2020/5/16, 14, 4, , 
2020/5/17, 11, 12, , 
2020/5/18, 14, 12, , 
2020/5/19, 14, 10, , 
2020/5/20, 12, 7, , 
2020/5/21, 10, 5, , 
2020/5/22, 12, 5, , 
2020/5/23, 12, 4, , 
2020/5/24, 14, 6, , 
2020/5/25, 11, 4, , 
2020/5/26, 10, 7, , 
2020/5/27, 12, 4, , 
2020/5/28, 9, 7, , 
2020/5/29, 9, 2, , 
2020/5/30, 8, 1, , 
2020/5/31, 11, 5, , 
2020/6/1, 11, 9, , 
2020/6/2, 12, 5, , 
2020/6/3, 14, 3, , 
2020/6/4, 14, 10, , 
2020/6/5, 12, 4, , 
2020/6/6, 10, 6, , 
2020/6/7, 11, 13, , 
2020/6/8, 14, 7, , 
2020/6/9, 10, 7, , 
2020/6/10, 13, 3, , 
2020/6/11, 16, 5, , 
2020/6/12, 17, 3, , 
2020/6/13, 16, 1, , 
2020/6/14, 11, 9, , 
2020/6/15, 15, 12, , 
2020/6/16, 17, 7, , 
2020/6/17, 17, 5, , 
2020/6/18, 12, 8, , 
2020/6/19, 15, 8, , 
2020/6/20, 13, 5, , 
2020/6/21, 18, 10, , 
2020/6/22, 12, 10, , 
2020/6/23, 12, 8, , 
2020/6/24, 15, 7, , 
2020/6/25, 15, 5, , 
2020/6/26, 14, 4, , 
2020/6/27, 13, 5, , 
2020/6/28, 16, 11, , 
2020/6/29, 12, 9, , 
2020/6/30, 19, 9, , 
2020/1/1, 18, 11, , 
2020/1/2, 23, 9, , 
2020/1/3, 13, 7, , 
2020/1/4, 12, 9, , 
2020/1/5, 11, 7, , 
2020/1/6, 18, 9, , 
2020/1/7, 24, 9, , 
2020/1/8, 16, 11, , 
2020/1/9, 16, 11, , 
2020/1/10, 12, 10, , 
2020/1/11, 9, 4, , 
2020/1/12, 11, 16, , 
2020/1/13, 14, 7, , 
2020/1/14, 14, 8, , 
2020/1/15, 11, 19, , 
2020/1/16, 22, 9, , 
2020/1/17, 28, 10, , 
2020/1/18, 22, 9, , 
2020/1/19, 17, 12, , 
2020/1/20, 16, 11, , 
2020/1/21, 22, 13, , 
2020/1/22, 13, 14, , 
2020/1/23, 14, 13, , 
2020/1/24, 18, 11, , 
2020/1/25, 11, 6, , 
2020/1/26, 12, 8, , 
2020/1/27, 25, 10, , 
2020/1/28, 19, 13, , 
2020/1/29, 8, 10, , 
2020/1/30, 10, 10, , 
2020/1/31, 16, 7, , 
2020/2/1, 10, 4, , 
2020/2/2, 12, 16, , 
2020/2/3, 19, 12, , 
2020/2/4, 13, 11, , 
2020/2/5, 10, 13, , 
2020/2/6, 13, 10, , 
2020/2/7, 14, 6, , 
2020/2/8, 20, 4, , 
2020/2/9, 19, 9, , 
2020/2/10, 8, 9, , 
2020/2/11, 8, 8, , 
2020/2/12, 9, 10, , 
2020/2/13, 16, 19, , 
2020/2/14, 41, 6, , 
2020/2/15, 21, 3, , 
2020/2/16, 9, 8, , 
2020/2/17, 13, 10, , 
2020/2/18, 11, 11, , 
2020/2/19, 11, 7, , 
2020/2/20, 13, 10, , 
2020/2/21, 17, 4, , 
2020/2/22, 12, 5, , 
2020/2/23, 9, 13, , 
2020/2/24, 18, 10, , 
2020/2/25, 10, 13, , 
2020/2/26, 12, 17, , 
2020/2/27, 15, 17, , 
2020/2/28, 16, 5, , 
2020/2/29, 15, 4, , 
2020/3/1, 9, 10, , 
2020/3/2, 16, 13, , 
2020/3/3, 27, 16, , 
2020/3/4, 19, 8, , 
2020/3/5, 21, 10, , 
2020/3/6, 23, 9, , 
2020/3/7, 20, 5, , 
2020/3/8, 16, 10, , 
2020/3/9, 22, 6, , 
2020/3/10, 13, 12, , 
2020/3/11, 17, 8, , 
2020/3/12, 12, 9, , 
2020/3/13, 12, 7, , 
2020/3/14, 13, 2, , 
2020/3/15, 12, 13, , 
2020/3/16, 23, 15, , 
2020/3/17, 26, 9, , 
2020/3/18, 24, 14, , 
2020/3/19, 19, 8, , 
2020/3/20, 21, 1, , 
2020/3/21, 6, 2, , 
2020/3/22, 8, 11, , 
2020/3/23, 25, 7, , 
2020/3/24, 22, 8, , 
2020/3/25, 28, 7, , 
2020/3/26, 26, 12, , 
2020/3/27, 44, 10, , 
2020/3/28, 47, 2, , 
2020/3/29, 19, , , 
2019/10/1, 8, 16, 4, 
2019/10/2, 14, 10, 3, 
2019/10/3, 11, 6, 3, 
2019/10/4, 9, 6, 2, 
2019/10/5, 7, 9, 2, 
2019/10/6, 12, 16, 2, 
2019/10/7, 17, 7, 3, 
2019/10/8, 13, 10, 4, 
2019/10/9, 20, 12, 3, 
2019/10/10, 16, 6, 3, 
2019/10/11, 12, 10, 3, 
2019/10/12, 9, 4, 3, 
2019/10/13, 14, 16, 3, 
2019/10/14, 24, 9, 3, 
2019/10/15, 25, 8, 3, 
2019/10/16, 27, 7, 3, 
2019/10/17, 14, 7, 3, 
2019/10/18, 14, 5, 3, 
2019/10/19, 13, 7, 1, 
2019/10/20, 31, 11, 2, 
2019/10/21, 36, 13, 1, 
2019/10/22, 27, 8, 1, 
2019/10/23, 19, 6, 1, 
2019/10/24, 33, 13, , 
2019/10/25, 37, 4, , 
2019/10/26, 12, 6, 1, 
2019/10/27, 11, 16, , 
2019/10/28, 18, 17, , 
2019/10/29, 16, 17, , 
2019/10/30, 30, 13, , 
2019/10/31, 24, 6, 1, 
2019/11/1, 26, 5, 2, 
2019/11/2, 16, 6, 3, 
2019/11/3, 18, 10, 3, 
2019/11/4, 19, 13, 3, 
2019/11/5, 11, 15, 2, 
2019/11/6, 11, 7, , 
2019/11/7, 15, 10, , 
2019/11/8, 32, 8, , 
2019/11/9, 30, 7, , 
2019/11/10, 21, 4, , 
2019/11/11, 18, 8, 1, 
2019/11/12, 26, 12, 1, 
2019/11/13, 18, 8, , 
2019/11/14, 19, 5, , 
2019/11/15, 15, 5, , 
2019/11/16, 20, 6, , 
2019/11/17, 19, 6, , 
2019/11/18, 27, 8, , 
2019/11/19, 14, 10, , 
2019/11/20, 32, 6, , 
2019/11/21, 15, 6, , 
2019/11/22, 18, 5, , 
2019/11/23, 23, 4, , 
2019/11/24, 24, 6, , 
2019/11/25, 24, 8, 1, 
2019/11/26, 28, 10, 2, 
2019/11/27, 33, 7, 3, 
2019/11/28, 19, , , 
2019/12/3, 10, 13, 1, 
2019/12/4, 23, 13, 1, 
2019/12/5, 27, 13, 1, 
2019/12/6, 19, 8, 2, 
2019/12/7, 10, 3, 2, 
2019/12/8, 7, 11, 3, 
2019/12/9, 11, 15, 1, 
2019/12/10, 22, 8, 2, 
2019/12/11, 19, 10, 3, 
2019/12/12, 30, 10, 4, 
2019/12/13, 26, 7, 4, 
2019/12/14, 16, 5, 3, 
2019/12/15, 10, 11, 2, 
2019/12/16, 17, 10, 3, 
2019/12/17, 21, 19, 2, 
2019/12/18, 21, 12, 1, 
2019/12/19, 21, 13, 2, 
2019/12/20, 31, 14, , 
2019/12/21, 22, 5, , 
2019/12/22, 10, 12, , 
2019/12/23, 16, 11, , 
2019/12/24, 17, 8, , 
2019/12/25, 17, 7, , 
2019/12/26, 7, 6, , 
2019/12/27, 7, 7, , 
2019/12/28, 9, 5, , 
2019/12/29, 11, , , 
2019/7/1, 17, 10, 3, 
2019/7/2, 20, 10, 2, 
2019/7/3, 15, 11, 2, 
2019/7/4, 13, 12, 3, 
2019/7/5, 11, 8, 3, 
2019/7/6, 11, 5, 3, 
2019/7/7, 12, 12, 3, 
2019/7/8, 13, 11, 3, 
2019/7/9, 14, 11, 3, 
2019/7/10, 10, 12, 3, 
2019/7/11, 13, 11, 3, 
2019/7/12, 12, 7, 3, 
2019/7/13, 12, 7, 3, 
2019/7/14, 9, 12, 3, 
2019/7/15, 19, 10, 3, 
2019/7/16, 15, 9, 3, 
2019/7/17, 9, 8, 3, 
2019/7/18, 10, 8, 3, 
2019/7/19, 12, 10, 3, 
2019/7/20, 15, 9, 3, 
2019/7/21, 13, 14, 3, 
2019/7/22, 14, 12, 3, 
2019/7/23, 18, , , 
2019/7/28, 19, 15, 4, 
2019/7/29, 25, 6, 4, 
2019/7/30, 17, 5, 2, 
2019/7/31, 11, 8, , 
2019/8/1, 7, 14, , 
2019/8/2, 15, 9, , 
2019/8/3, 12, 7, , 
2019/8/4, 11, 11, 1, 
2019/8/5, 14, 12, 1, 
2019/8/6, 16, 9, 1, 
2019/8/7, 14, 13, 1, 
2019/8/8, 15, 11, 1, 
2019/8/9, 13, 10, 1, 
2019/8/10, 13, 8, 1, 
2019/8/11, 13, 12, 1, 
2019/8/12, 17, 13, 1, 
2019/8/13, 16, 15, 1, 
2019/8/14, 12, 4, 1, 
2019/8/15, 10, 13, 1, 
2019/8/16, 14, 3, 1, 
2019/8/17, 12, 3, 1, 
2019/8/18, 9, 13, 1, 
2019/8/19, 12, 10, 1, 
2019/8/20, 16, 15, , 
2019/8/21, 14, 9, , 
2019/8/22, 14, 14, , 
2019/8/23, 19, 7, , 
2019/8/24, 18, 4, 1, 
2019/8/25, 14, 14, 1, 
2019/8/26, 20, 6, 1, 
2019/8/27, 25, 7, 1, 
2019/8/28, 20, 16, 1, 
2019/8/29, 17, 12, 1, 
2019/8/30, 15, 3, 1, 
2019/8/31, 15, 6, 2, 
2019/9/1, 16, 15, 2, 
2019/9/2, 12, 8, 1, 
2019/9/3, 10, 7, 2, 
2019/9/4, 12, 11, 2, 
2019/9/5, 16, 12, 1, 
2019/9/6, 15, 5, 2, 
2019/9/7, 11, 7, 1, 
2019/9/8, 5, 6, 2, 
2019/9/9, 11, 11, 2, 
2019/9/10, 9, 8, 1, 
2019/9/11, 11, 14, 1, 
2019/9/12, 17, 10, 1, 
2019/9/13, 14, 9, 1, 
2019/9/14, 14, 4, 2, 
2019/9/15, 11, 11, 3, 
2019/9/16, 19, 10, 3, 
2019/9/17, 9, 10, 2, 
2019/9/18, 9, 12, 2, 
2019/9/19, 10, 12, 2, 
2019/9/20, 12, 11, 2, 
2019/9/21, 12, 6, 2, 
2019/9/22, 12, 4, 2, 
2019/9/23, 13, 6, 2, 
2019/9/24, 21, 9, 3, 
2019/9/25, 35, 10, 3, 
2019/9/26, 46, 11, 3, 
2019/9/27, 20, 7, 3, 
2019/9/28, 12, 4, 4, 
2019/9/29, 9, 10, 4, 
2019/9/30, 9, 8, 4, 
2019/1/1, 13, 2, 1, 
2019/1/2, 9, 7, , 
2019/1/3, 10, 17, , 
2019/1/4, 15, 4, 1, 
2019/1/5, 8, 13, , 
2019/1/6, 13, 8, 1, 
2019/1/7, 13, 10, 2, 
2019/1/8, 13, 6, 2, 
2019/1/9, 15, 11, 1, 
2019/1/10, 11, 11, 1, 
2019/1/11, 13, 13, 1, 
2019/1/12, 14, 6, 3, 
2019/1/13, 6, 6, 3, 
2019/1/14, 13, 10, 2, 
2019/1/15, 14, 13, 2, 
2019/1/16, 17, 11, 2, 
2019/1/17, 12, 14, 1, 
2019/1/18, 12, 11, 1, 
2019/1/19, 16, 6, , 
2019/1/20, 17, 8, 1, 
2019/1/21, 19, 10, 2, 
2019/1/22, 40, 12, 3, 
2019/1/23, 49, 10, 2, 
2019/1/24, 36, 12, 2, 
2019/1/25, 41, 7, 2, 
2019/1/26, 37, 8, 3, 
2019/1/27, 33, 14, 3, 
2019/1/28, 26, 16, 3, 
2019/1/29, 18, 10, 2, 
2019/1/30, 22, 10, 3, 
2019/1/31, 34, 10, 3, 
2019/2/1, 41, 12, 3, 
2019/2/2, 44, 8, 2, 
2019/2/3, 12, 10, 1, 
2019/2/4, 16, 9, 1, 
2019/2/5, 17, 10, 2, 
2019/2/6, 23, 9, 3, 
2019/2/7, 26, 9, 2, 
2019/2/8, 20, 6, 3, 
2019/2/9, 12, 4, 3, 
2019/2/10, 12, 9, 3, 
2019/2/11, 10, 13, 1, 
2019/2/12, 13, 10, 1, 
2019/2/13, 18, 16, 1, 
2019/2/14, 33, 18, 1, 
2019/2/15, 36, 16, 2, 
2019/2/16, 31, 17, 2, 
2019/2/17, 37, 12, 3, 
2019/2/18, 36, 15, 3, 
2019/2/19, 31, 13, 3, 
2019/2/20, 21, 14, 2, 
2019/2/21, 24, 10, , 
2019/2/22, 14, 8, , 
2019/2/23, 17, 15, 1, 
2019/2/24, 26, 17, 1, 
2019/2/25, 28, 16, 1, 
2019/2/26, 38, 18, 2, 
2019/2/27, 41, 18, 3, 
2019/2/28, 45, 17, 2, 
2019/3/1, 22, 11, 2, 
2019/3/2, 29, 7, 3, 
2019/3/3, 17, 7, 4, 
2019/3/4, 12, 9, 3, 
2019/3/5, 15, 9, 3, 
2019/3/6, 16, 9, 4, 
2019/3/7, 16, 8, 3, 
2019/3/8, 14, 7, 3, 
2019/3/9, 14, 7, 3, 
2019/3/10, 16, 17, 3, 
2019/3/11, 19, 10, 2, 
2019/3/12, 18, 6, 3, 
2019/3/13, 13, 8, 3, 
2019/3/14, 12, 10, 4, 
2019/3/15, 10, 8, 4, 
2019/3/16, 13, 5, 3, 
2019/3/17, 9, 8, 3, 
2019/3/18, 10, 17, 2, 
2019/3/19, 20, 14, 2, 
2019/3/20, 26, 14, 1, 
2019/3/21, 27, 15, 2, 
2019/3/22, 32, 9, 2, 
2019/3/23, 32, 12, 2, 
2019/3/24, 25, 12, 3, 
2019/3/25, 23, 15, 2, 
2019/3/26, 26, 14, 2, 
2019/3/27, 18, 15, 2, 
2019/3/28, 20, 16, 2, 
2019/3/29, 21, 13, 2, 
2019/3/30, 26, 8, 2, 
2019/3/31, 22, , , 
2018/10/1, 18, 9, 2, 
2018/10/2, 10, 8, 1, 
2018/10/3, 9, 14, 1, 
2018/10/4, 17, 9, 1, 
2018/10/5, 16, 9, 3, 
2018/10/6, 24, 9, 1, 
2018/10/7, 16, 7, 1, 
2018/10/8, 11, 10, 1, 
2018/10/9, 22, 12, 1, 
2018/10/10, 31, 7, 2, 
2018/10/11, 31, 11, 2, 
2018/10/12, 36, 7, 1, 
2018/10/13, 38, 3, 2, 
2018/10/14, 30, 8, 2, 
2018/10/15, 29, 14, 2, 
2018/10/16, 42, 19, 2, 
2018/10/17, 49, 16, 2, 
2018/10/18, 49, 22, 1, 
2018/10/19, 34, 14, 1, 
2018/10/20, 18, 6, 1, 
2018/10/21, 14, 11, 1, 
2018/10/22, 17, 8, 2, 
2018/10/23, 10, 7, 2, 
2018/10/24, 9, 9, 2, 
2018/10/25, 12, 11, 2, 
2018/10/26, 15, 8, , 
2018/10/27, 11, 6, , 
2018/10/28, 8, 4, , 
2018/10/29, 8, 4, 1, 
2018/10/30, 24, 9, , 
2018/10/31, 12, 6, 1, 
2018/11/1, 21, 14, 1, 
2018/11/2, 29, 16, 1, 
2018/11/3, 31, 4, 2, 
2018/11/4, 15, 7, 2, 
2018/11/5, 33, 10, 2, 
2018/11/6, 35, 10, 3, 
2018/11/7, 37, 14, 2, 
2018/11/8, 52, 14, 2, 
2018/11/9, 27, 8, 2, 
2018/11/10, 37, 6, 3, 
2018/11/11, 49, 6, 2, 
2018/11/12, 30, 17, 3, 
2018/11/13, 24, 15, 2, 
2018/11/14, 22, 9, 2, 
2018/11/15, 21, 7, 1, 
2018/11/16, 16, 13, 2, 
2018/11/17, 40, 6, 4, 
2018/11/18, 29, 5, 2, 
2018/11/19, 8, 5, 2, 
2018/11/20, 10, 5, 2, 
2018/11/21, 15, 8, 2, 
2018/11/22, 21, 9, 2, 
2018/11/23, 38, 12, 5, 
2018/11/24, 64, 13, 8, 
2018/11/25, 52, 21, 5, 
2018/11/26, 34, 25, 4, 
2018/11/27, 48, 10, 3, 
2018/11/28, 28, 5, 6, 
2018/11/29, 31, 6, 7, 
2018/11/30, 32, 7, 6, 
2018/12/1, 44, 6, 5, 
2018/12/2, 28, 10, 5, 
2018/12/3, 14, 12, 5, 
2018/12/4, 16, 15, 4, 
2018/12/5, 25, 8, 4, 
2018/12/6, 22, 7, 5, 
2018/12/7, 11, 5, 5, 
2018/12/8, 9, 6, 5, 
2018/12/9, 8, 12, 5, 
2018/12/10, 13, 12, 3, 
2018/12/11, 11, 20, , 
2018/12/12, 30, 12, , 
2018/12/13, 19, 10, , 
2018/12/14, 23, 8, , 
2018/12/15, 30, 5, , 
2018/12/16, 19, 10, 1, 
2018/12/17, 34, 11, , 
2018/12/18, 55, 11, 1, 
2018/12/19, 43, 11, 1, 
2018/12/20, 49, 10, 1, 
2018/12/21, 31, 8, 1, 
2018/12/22, 12, 7, 1, 
2018/12/23, 12, 6, , 
2018/12/24, 8, 4, , 
2018/12/25, 10, 5, 1, 
2018/12/26, 13, 8, 1, 
2018/12/27, 10, 11, 1, 
2018/12/28, 14, 10, , 
2018/12/29, 14, 5, , 
2018/12/30, 8, , , 
2018/7/1, 7, 15, 1, 
2018/7/2, 14, 14, 2, 
2018/7/3, 16, 17, 2, 
2018/7/4, 19, 13, 2, 
2018/7/5, 17, 17, 3, 
2018/7/6, 23, 13, 2, 
2018/7/7, 24, 5, 1, 
2018/7/8, 15, 13, 2, 
2018/7/9, 20, 14, 2, 
2018/7/10, 17, 10, 2, 
2018/7/11, 15, 9, 2, 
2018/7/12, 11, 15, 2, 
2018/7/13, 16, 13, 2, 
2018/7/14, 17, 5, 2, 
2018/7/15, 8, 12, 6, 
2018/7/16, 10, 16, 3, 
2018/7/17, 15, 11, 3, 
2018/7/18, 15, 11, 3, 
2018/7/19, 18, 18, 3, 
2018/7/20, 16, 14, 4, 
2018/7/21, 16, 9, 4, 
2018/7/22, 17, 15, 4, 
2018/7/23, 20, 10, 3, 
2018/7/24, 14, 12, 3, 
2018/7/25, 16, 10, 3, 
2018/7/26, 15, 10, 3, 
2018/7/27, 21, 9, 3, 
2018/7/28, 22, 13, 3, 
2018/7/29, 13, 15, 3, 
2018/7/30, 15, 12, 3, 
2018/7/31, 24, 12, 3, 
2018/8/1, 30, 16, 3, 
2018/8/2, 16, 19, 3, 
2018/8/3, 19, 14, 3, 
2018/8/4, 20, 10, 4, 
2018/8/5, 11, 16, 4, 
2018/8/6, 12, 5, 3, 
2018/8/7, 11, 6, 3, 
2018/8/8, 22, 13, 3, 
2018/8/9, 25, 18, 3, 
2018/8/10, 22, 7, 3, 
2018/8/11, 15, 8, 3, 
2018/8/12, 10, 6, 3, 
2018/8/13, 12, 16, 2, 
2018/8/14, 19, 13, 2, 
2018/8/15, 10, 6, 2, 
2018/8/16, 10, 8, 2, 
2018/8/17, 14, 11, 1, 
2018/8/18, 11, 9, 2, 
2018/8/19, 16, 13, 2, 
2018/8/20, 20, 14, 2, 
2018/8/21, 15, 8, 2, 
2018/8/22, 14, 9, 3, 
2018/8/23, 24, 20, 3, 
2018/8/24, 22, 7, 3, 
2018/8/25, 13, 9, 3, 
2018/8/26, 10, 7, 3, 
2018/8/27, 14, 15, 2, 
2018/8/28, 16, 5, 2, 
2018/8/29, 12, 9, 3, 
2018/8/30, 24, 18, 3, 
2018/8/31, 18, 14, 2, 
2018/9/1, 12, 5, 1, 
2018/9/2, 8, 6, 2, 
2018/9/3, 9, 13, 2, 
2018/9/4, 14, 15, 2, 
2018/9/5, 17, 14, 2, 
2018/9/6, 17, 12, 2, 
2018/9/7, 23, 11, 2, 
2018/9/8, 13, 5, 2, 
2018/9/9, 13, 14, 2, 
2018/9/10, 20, 12, 2, 
2018/9/11, 18, 19, 2, 
2018/9/12, 15, 16, 2, 
2018/9/13, 16, 12, 2, 
2018/9/14, 17, 9, 2, 
2018/9/15, 16, 6, 2, 
2018/9/16, 9, 13, 3, 
2018/9/17, 18, 9, 3, 
2018/9/18, 23, 17, 2, 
2018/9/19, 30, 14, 3, 
2018/9/20, 28, 7, 3, 
2018/9/21, 32, 7, 3, 
2018/9/22, 9, 7, 3, 
2018/9/23, 11, 9, 3, 
2018/9/24, 9, 15, 2, 
2018/9/25, 11, 10, 2, 
2018/9/26, 16, 10, 2, 
2018/9/27, 15, 12, 2, 
2018/9/28, 15, 11, 2, 
2018/9/29, 12, 8, 3, 
2018/9/30, 15, 14, 2, 
2018/4/1, 13, 9, 6, 
2018/4/2, 22, 13, 3, 
2018/4/3, 28, 10, 3, 
2018/4/4, 22, 12, 3, 
2018/4/5, 19, 14, 4, 
2018/4/6, 33, 5, 2, 
2018/4/7, 26, 11, 3, 
2018/4/8, 30, 24, 3, 
2018/4/9, 47, 12, 2, 
2018/4/10, 39, 7, 2, 
2018/4/11, 24, 6, 1, 
2018/4/12, 31, 7, 1, 
2018/4/13, 40, 5, 1, 
2018/4/14, 20, 8, 1, 
2018/4/15, 23, 16, 1, 
2018/4/16, 43, 15, 1, 
2018/4/17, 32, 15, , 
2018/4/18, 34, 17, , 
2018/4/19, 38, 9, 1, 
2018/4/20, 24, 10, 1, 
2018/4/21, 33, 8, 1, 
2018/4/22, 17, 10, 2, 
2018/4/23, 24, 13, 2, 
2018/4/24, 28, 11, 2, 
2018/4/25, 18, 13, 2, 
2018/4/26, 16, 15, 2, 
2018/4/27, 19, 8, 2, 
2018/4/28, 22, 7, 2, 
2018/4/29, 20, 8, 2, 
2018/4/30, 24, 5, 2, 
2018/5/1, 14, 10, 2, 
2018/5/2, 17, 8, 2, 
2018/5/3, 17, 16, 1, 
2018/5/4, 19, 12, 1, 
2018/5/5, 19, 13, 1, 
2018/5/6, 19, 14, 1, 
2018/5/7, 24, 14, 1, 
2018/5/8, 23, 9, 1, 
2018/5/9, 21, 8, 2, 
2018/5/10, 36, 19, 2, 
2018/5/11, 28, 10, 2, 
2018/5/12, 19, 6, 2, 
2018/5/13, 23, 7, 2, 
2018/5/14, 26, 16, 2, 
2018/5/15, 32, 14, 2, 
2018/5/16, 24, 11, 2, 
2018/5/17, 22, 11, 2, 
2018/5/18, 16, 11, 2, 
2018/5/19, 13, 8, 2, 
2018/5/20, 11, 7, 2, 
2018/5/21, 15, 10, 2, 
2018/5/22, 17, 13, 2, 
2018/5/23, 17, 10, 2, 
2018/5/24, 20, 14, 2, 
2018/5/25, 21, 9, 2, 
2018/5/26, 18, 7, 2, 
2018/5/27, 16, 8, 2, 
2018/5/28, 20, 9, 3, 
2018/5/29, 22, 10, 3, 
2018/5/30, 24, 9, 3, 
2018/5/31, 21, 17, 3, 
2018/6/1, 25, 11, 3, 
2018/6/2, 23, 13, 3, 
2018/6/3, 21, 16, 3, 
2018/6/4, 25, 10, 3, 
2018/6/5, 17, 10, 3, 
2018/6/6, 12, 8, 3, 
2018/6/7, 16, 15, 4, 
2018/6/8, 24, 6, 3, 
2018/6/9, 19, 6, 3, 
2018/6/10, 20, 16, 4, 
2018/6/11, 21, 14, 4, 
2018/6/12, 18, 14, 4, 
2018/6/13, 17, 15, 4, 
2018/6/14, 18, 16, 3, 
2018/6/15, 21, 12, 3, 
2018/6/16, 18, 12, 4, 
2018/6/17, 20, 14, 3, 
2018/6/18, 20, 14, 3, 
2018/6/19, 24, 12, 3, 
2018/6/20, 20, 11, 4, 
2018/6/21, 19, 11, 4, 
2018/6/22, 13, 9, 4, 
2018/6/23, 17, 7, 4, 
2018/6/24, 12, 14, 2, 
2018/6/25, 19, 6, 1, 
2018/6/26, 12, 8, , 
2018/6/27, 12, 9, 1, 
2018/6/28, 15, 9, 1, 
2018/6/29, 15, 7, 1, 
2018/6/30, 10, 4, 1, 
2018/1/1, 14, 14, 2, 
2018/1/2, 20, 7, 3, 
2018/1/3, 14, 13, 4, 
2018/1/4, 12, 13, 3, 
2018/1/5, 15, 10, 2, 
2018/1/6, 16, 16, 1, 
2018/1/7, 24, 15, 1, 
2018/1/8, 35, 8, 2, 
2018/1/9, 17, 11, 3, 
2018/1/10, 30, 9, 2, 
2018/1/11, 33, 9, 1, 
2018/1/12, 17, 6, 1, 
2018/1/13, 20, 5, 2, 
2018/1/14, 24, 7, 4, 
2018/1/15, 36, 8, 4, 
2018/1/16, 28, 20, 4, 
2018/1/17, 22, 10, 4, 
2018/1/18, 15, 24, 3, 
2018/1/19, 23, 12, 3, 
2018/1/20, 41, 13, 3, 
2018/1/21, 40, 9, 3, 
2018/1/22, 30, 11, 3, 
2018/1/23, 52, 10, 4, 
2018/1/24, 24, 18, 3, 
2018/1/25, 21, 23, 3, 
2018/1/26, 43, 14, 2, 
2018/1/27, 23, 6, 3, 
2018/1/28, 18, 11, 4, 
2018/1/29, 10, 13, 8, 
2018/1/30, 22, 8, 3, 
2018/1/31, 17, 13, 2, 
2018/2/1, 18, 11, 2, 
2018/2/2, 23, 11, 2, 
2018/2/3, 18, 9, 1, 
2018/2/4, 17, 23, , 
2018/2/5, 19, 25, 1, 
2018/2/6, 25, 26, 2, 
2018/2/7, 48, 32, 3, 
2018/2/8, 71, 17, 2, 
2018/2/9, 43, 9, 3, 
2018/2/10, 53, 8, 4, 
2018/2/11, 54, 11, 2, 
2018/2/12, 18, 13, 2, 
2018/2/13, 23, 16, 1, 
2018/2/14, 33, 9, 1, 
2018/2/15, 36, 17, 1, 
2018/2/16, 36, 16, 1, 
2018/2/17, 19, 18, 1, 
2018/2/18, 25, 11, 3, 
2018/2/19, 27, 13, 2, 
2018/2/20, 37, 21, 1, 
2018/2/21, 33, 13, 1, 
2018/2/22, 34, 19, 1, 
2018/2/23, 39, 10, , 
2018/2/24, 20, 15, 1, 
2018/2/25, 35, 17, 1, 
2018/2/26, 40, 5, 1, 
2018/2/27, 24, 1, 1, 
2018/2/28, 32, 6, 2, 
2018/3/1, 30, 11, 3, 
2018/3/2, 38, 16, 3, 
2018/3/3, 52, 10, 3, 
2018/3/4, 45, 13, 5, 
2018/3/5, 65, 19, 6, 
2018/3/6, 75, 14, 3, 
2018/3/7, 54, 15, 3, 
2018/3/8, 39, 12, 3, 
2018/3/9, 19, 10, 3, 
2018/3/10, 24, 6, 3, 
2018/3/11, 34, 12, 4, 
2018/3/12, 41, 13, 3, 
2018/3/13, 26, 10, 2, 
2018/3/14, 12, 7, 2, 
2018/3/15, 19, 6, 1, 
2018/3/16, 20, 5, 1, 
2018/3/17, 18, 5, 1, 
2018/3/18, 14, 21, 2, 
2018/3/19, 43, 14, 2, 
2018/3/20, 31, 20, 2, 
2018/3/21, 30, 11, 2, 
2018/3/22, 23, 13, 2, 
2018/3/23, 35, 10, 3, 
2018/3/24, 48, 13, 3, 
2018/3/25, 46, 15, 2, 
2018/3/26, 38, 10, 2, 
2018/3/27, 16, 6, 2, 
2018/3/28, 21, 10, 2, 
2018/3/29, 23, 17, 2, 
2018/3/30, 19, 6, 3, 
2018/3/31, 20, 4, 3, 
2017/10/1, 33, 4, 2, 
2017/10/2, 31, 10, 2, 
2017/10/3, 24, 8, 2, 
2017/10/4, 22, 9, 1, 
2017/10/5, 12, 15, , 
2017/10/6, 15, 6, , 
2017/10/7, 9, 5, , 
2017/10/8, 6, 6, , 
2017/10/9, 12, 8, , 
2017/10/10, 20, 11, , 
2017/10/11, 12, 6, , 
2017/10/12, 19, 11, 1, 
2017/10/13, 30, 6, , 
2017/10/14, 19, 4, , 
2017/10/15, 12, 12, , 
2017/10/16, 34, 10, , 
2017/10/17, 43, 17, , 
2017/10/18, 49, 8, , 
2017/10/19, 28, 8, , 
2017/10/20, 43, 10, , 
2017/10/21, 53, 5, , 
2017/10/22, 20, 9, , 
2017/10/23, 24, 6, , 
2017/10/24, 25, 6, , 
2017/10/25, 10, 11, , 
2017/10/26, 24, 9, 1, 
2017/10/27, 12, 5, 1, 
2017/10/28, 12, 1, 2, 
2017/10/29, 7, 5, 1, 
2017/10/30, 12, 12, 1, 
2017/10/31, 17, 4, 1, 
2017/11/1, 16, 10, 1, 
2017/11/2, 15, 12, 1, 
2017/11/3, 17, 5, 1, 
2017/11/4, 24, 5, 2, 
2017/11/5, 32, 18, 1, 
2017/11/6, 29, 10, 1, 
2017/11/7, 30, 8, 1, 
2017/11/8, 34, 7, 1, 
2017/11/9, 44, 8, 1, 
2017/11/10, 24, 2, 2, 
2017/11/11, 7, 2, 2, 
2017/11/12, 11, 12, 1, 
2017/11/13, 20, 9, 1, 
2017/11/14, 12, 11, 1, 
2017/11/15, 25, 7, 1, 
2017/11/16, 22, 16, 2, 
2017/11/17, 32, 5, 1, 
2017/11/18, 14, 3, 2, 
2017/11/19, 8, 12, 2, 
2017/11/20, 23, 7, 1, 
2017/11/21, 20, 7, 2, 
2017/11/22, 22, 6, 3, 
2017/11/23, 20, 13, 1, 
2017/11/24, 20, 7, , 
2017/11/25, 13, 3, , 
2017/11/26, 14, 6, , 
2017/11/27, 14, 5, , 
2017/11/28, 11, 9, , 
2017/11/29, 24, 11, , 
2017/11/30, 35, 12, , 
2017/12/1, 15, 10, , 
2017/12/2, 17, 5, , 
2017/12/3, 17, 17, , 
2017/12/4, 17, 10, 1, 
2017/12/5, 13, 8, 2, 
2017/12/6, 12, 9, 1, 
2017/12/7, 17, 11, 1, 
2017/12/8, 15, 5, 1, 
2017/12/9, 12, 4, 2, 
2017/12/10, 12, 11, 3, 
2017/12/11, 21, 8, 2, 
2017/12/12, 12, 7, 3, 
2017/12/13, 19, 7, 3, 
2017/12/14, 13, 10, 2, 
2017/12/15, 23, 11, 3, 
2017/12/16, 34, 6, 2, 
2017/12/17, 14, 13, 1, 
2017/12/18, 29, 10, 1, 
2017/12/19, 38, 9, 4, 
2017/12/20, 20, 18, 1, 
2017/12/21, 16, 15, 2, 
2017/12/22, 19, 6, 2, 
2017/12/23, 12, 4, 3, 
2017/12/24, 8, 3, 2, 
2017/12/25, 7, 4, 2, 
2017/12/26, 10, 9, 3, 
2017/12/27, 19, 15, 3, 
2017/12/28, 39, 13, 2, 
2017/12/29, 19, 6, 3, 
2017/12/30, 19, , , 
2017/7/1, 8, 7, 1, 
2017/7/2, 12, 3, 1, 
2017/7/3, 12, 11, 1, 
2017/7/4, 16, 14, 1, 
2017/7/5, 21, 10, , 
2017/7/6, 14, 6, , 
2017/7/7, 12, 9, 1, 
2017/7/8, 17, 9, 1, 
2017/7/9, 12, 6, 1, 
2017/7/10, 11, 15, 1, 
2017/7/11, 19, 10, 1, 
2017/7/12, 17, 11, 1, 
2017/7/13, 18, 13, 1, 
2017/7/14, 19, 12, , 
2017/7/15, 17, 6, 1, 
2017/7/16, 14, 13, 1, 
2017/7/17, 16, 14, 1, 
2017/7/18, 20, 4, 1, 
2017/7/19, 15, 4, 1, 
2017/7/20, 20, 13, 1, 
2017/7/21, 25, 2, 1, 
2017/7/22, 11, 6, 1, 
2017/7/23, 12, 11, 1, 
2017/7/24, 16, 6, 2, 
2017/7/25, 14, 4, 1, 
2017/7/26, 9, 14, 2, 
2017/7/27, 22, 11, 1, 
2017/7/28, 23, 7, 1, 
2017/7/29, 25, 3, 1, 
2017/7/30, 15, 11, 1, 
2017/7/31, 19, 11, 1, 
2017/8/1, 23, 13, 1, 
2017/8/2, 20, 8, 2, 
2017/8/3, 20, 12, 2, 
2017/8/4, 24, 11, 2, 
2017/8/5, 18, 8, 2, 
2017/8/6, 15, 8, 2, 
2017/8/7, 13, 3, 2, 
2017/8/8, 21, 9, 1, 
2017/8/9, 23, 16, , 
2017/8/10, 22, 10, , 
2017/8/11, 21, 5, 1, 
2017/8/12, 12, 9, 1, 
2017/8/13, 14, 7, , 
2017/8/14, 15, 2, 1, 
2017/8/15, 15, 18, 1, 
2017/8/16, 23, 4, 1, 
2017/8/17, 15, 7, 1, 
2017/8/18, 17, 9, 1, 
2017/8/19, 14, 8, 1, 
2017/8/20, 12, 12, 1, 
2017/8/21, 12, 16, 1, 
2017/8/22, 11, 12, 1, 
2017/8/23, 14, 8, 1, 
2017/8/24, 17, 15, 2, 
2017/8/25, 25, 8, 1, 
2017/8/26, 18, 9, 1, 
2017/8/27, 15, 11, 1, 
2017/8/28, 17, 5, 1, 
2017/8/29, 16, 5, 2, 
2017/8/30, 23, 11, 2, 
2017/8/31, 25, 11, 2, 
2017/9/1, 15, 8, 2, 
2017/9/2, 9, 3, 2, 
2017/9/3, 5, 8, 2, 
2017/9/4, 7, 7, 1, 
2017/9/5, 11, , , 
2017/9/10, 12, 3, 3, 
2017/9/11, 15, 6, 3, 
2017/9/12, 28, 3, 3, 
2017/9/13, 17, 7, 1, 
2017/9/14, 29, 10, , 
2017/9/15, 20, 6, , 
2017/9/16, 20, 6, , 
2017/9/17, 14, 13, , 
2017/9/18, 23, 13, , 
2017/9/19, 31, 10, , 
2017/9/20, 25, 9, , 
2017/9/21, 15, 15, 1, 
2017/9/22, 11, 8, 1, 
2017/9/23, 13, 4, , 
2017/9/24, 26, 3, , 
2017/9/25, 24, 6, , 
2017/9/26, 34, 4, , 
2017/9/27, 28, 4, 1, 
2017/9/28, 25, 5, 1, 
2017/9/29, 29, 3, 1, 
2017/9/30, 29, 4, 1, 
2017/4/1, 34, 12, 1, 
2017/4/2, 41, 13, , 
2017/4/3, 33, 8, , 
2017/4/4, 17, 14, 2, 
2017/4/5, 27, 10, 2, 
2017/4/6, 18, 15, 1, 
2017/4/7, 16, 15, 1, 
2017/4/8, 24, 10, 1, 
2017/4/9, 22, 5, 1, 
2017/4/10, 25, , , 
2017/4/23, 11, 10, 1, 
2017/4/24, 16, 18, 2, 
2017/4/25, 12, 16, 2, 
2017/4/26, 25, 12, 1, 
2017/4/27, 24, 9, 1, 
2017/4/28, 23, 16, 1, 
2017/4/29, 22, 7, , 
2017/4/30, 21, 1, 1, 
2017/5/1, 9, 2, 1, 
2017/5/2, 15, 3, 1, 
2017/5/3, 13, 6, , 
2017/5/4, 14, 10, 1, 
2017/5/5, 24, 8, 1, 
2017/5/6, 18, 4, 1, 
2017/5/7, 11, 5, 1, 
2017/5/8, 12, 11, 1, 
2017/5/9, 16, 13, 1, 
2017/5/10, 15, 5, 1, 
2017/5/11, 18, 5, 1, 
2017/5/12, 17, 7, 1, 
2017/5/13, 25, 5, 1, 
2017/5/14, 26, 14, 1, 
2017/5/15, 37, 12, , 
2017/5/16, 28, 8, 1, 
2017/5/17, 23, 4, 1, 
2017/5/18, 30, 5, 2, 
2017/5/19, 31, 8, 1, 
2017/5/20, 28, 6, 1, 
2017/5/21, 14, 15, 1, 
2017/5/22, 23, 15, 2, 
2017/5/23, 26, 16, 1, 
2017/5/24, 27, 14, 1, 
2017/5/25, 22, 12, 1, 
2017/5/26, 20, 10, 1, 
2017/5/27, 18, 4, 2, 
2017/5/28, 21, 19, 1, 
2017/5/29, 23, 9, 2, 
2017/5/30, 18, 9, 1, 
2017/5/31, 32, 11, 1, 
2017/6/1, 22, 12, , 
2017/6/2, 19, 2, , 
2017/6/3, 9, 4, 1, 
2017/6/4, 14, 11, , 
2017/6/5, 16, 4, 1, 
2017/6/6, 18, 8, 1, 
2017/6/7, 16, 12, 1, 
2017/6/8, 23, 5, 1, 
2017/6/9, 16, 12, 1, 
2017/6/10, 14, 4, , 
2017/6/11, 17, 10, 1, 
2017/6/12, 17, 9, 2, 
2017/6/13, 15, 14, 2, 
2017/6/14, 19, 5, 1, 
2017/6/15, 11, 10, 2, 
2017/6/16, 15, 9, 1, 
2017/6/17, 18, 9, 1, 
2017/6/18, 14, 13, 1, 
2017/6/19, 18, 12, 1, 
2017/6/20, 21, 12, 2, 
2017/6/21, 22, 10, 2, 
2017/6/22, 24, 16, 1, 
2017/6/23, 16, 9, , 
2017/6/24, 15, 5, , 
2017/6/25, 10, 11, 1, 
2017/6/26, 18, 12, 1, 
2017/6/27, 18, 3, , 
2017/6/28, 15, 4, , 
2017/6/29, 13, 12, 1, 
2017/6/30, 15, 8, 1, 
2017/1/2, 14, 14, 1, 
2017/1/3, 13, 6, 3, 
2017/1/4, 12, 3, , 
2017/1/5, 9, 10, 1, 
2017/1/6, 20, 6, 2, 
2017/1/7, 17, 10, 2, 
2017/1/8, 30, 10, 2, 
2017/1/9, 33, 10, 5, 
2017/1/10, 40, 11, 9, 
2017/1/11, 49, 14, , 
2017/1/12, 16, 14, 1, 
2017/1/13, 20, 13, , 
2017/1/14, 24, 14, , 
2017/1/15, 19, 38, 1, 
2017/1/16, 50, 29, , 
2017/1/17, 47, 13, , 
2017/1/18, 30, 17, , 
2017/1/19, 27, 19, , 
2017/1/20, 26, 15, , 
2017/1/21, 23, 6, 1, 
2017/1/22, 20, 14, 1, 
2017/1/23, 56, 18, , 
2017/1/24, 42, 23, , 
2017/1/25, 40, 15, , 
2017/1/26, 30, 14, 1, 
2017/1/27, 54, 15, 3, 
2017/1/28, 71, 10, 3, 
2017/1/29, 71, 14, 2, 
2017/1/30, 69, 15, 6, 
2017/1/31, 77, 15, 4, 
2017/2/1, 74, 12, 3, 
2017/2/2, 71, 8, 2, 
2017/2/3, 55, 8, 1, 
2017/2/4, 54, 6, 1, 
2017/2/5, 38, 13, 1, 
2017/2/6, 38, 7, , 
2017/2/7, 31, 6, , 
2017/2/8, 30, 7, , 
2017/2/9, 37, 8, 1, 
2017/2/10, 40, 5, , 
2017/2/11, 28, 4, , 
2017/2/12, 31, 15, 2, 
2017/2/13, 56, 19, 1, 
2017/2/14, 70, 20, 2, 
2017/2/15, 86, 19, 2, 
2017/2/16, 64, 18, , 
2017/2/17, 41, 12, , 
2017/2/18, 20, 5, 1, 
2017/2/19, 26, 8, , 
2017/2/20, 22, 7, 4, 
2017/2/21, 27, 7, 2, 
2017/2/22, 17, 7, 2, 
2017/2/23, 24, 9, 2, 
2017/2/24, 17, 10, 2, 
2017/2/25, 21, 5, 1, 
2017/2/26, 15, 7, 1, 
2017/2/27, 22, 9, 1, 
2017/2/28, 27, 13, , 
2017/3/1, 27, 13, 1, 
2017/3/2, 19, 15, , 
2017/3/3, 32, 6, 1, 
2017/3/4, 35, 10, , 
2017/3/5, 34, 9, , 
2017/3/6, 24, 12, , 
2017/3/7, 16, 8, 1, 
2017/3/8, 24, 13, , 
2017/3/9, 39, 18, 1, 
2017/3/10, 30, 13, , 
2017/3/11, 21, 9, , 
2017/3/12, 20, 13, , 
2017/3/13, 30, 11, , 
2017/3/14, 38, 10, 4, 
2017/3/15, 38, 11, 1, 
2017/3/16, 32, 12, 1, 
2017/3/17, 30, 5, , 
2017/3/18, 11, 4, , 
2017/3/19, 14, 12, 1, 
2017/3/20, 17, 15, , 
2017/3/21, 20, 18, , 
2017/3/22, 33, 11, , 
2017/3/23, 24, 24, , 
2017/3/24, 41, 13, , 
2017/3/25, 30, 9, , 
2017/3/26, 24, 19, 2, 
2017/3/27, 41, 19, , 
2017/3/28, 42, 16, , 
2017/3/29, 46, 9, , 
2017/3/30, 32, 11, 1, 
2017/3/31, 34, 8, 1, 
2016/10/1, 15, 9, 1, 
2016/10/2, 13, 10, , 
2016/10/3, 12, 5, , 
2016/10/4, 6, 4, , 
2016/10/5, 7, 3, , 
2016/10/6, 10, 9, , 
2016/10/7, 10, 6, , 
2016/10/8, 7, 6, , 
2016/10/9, 13, 10, , 
2016/10/10, 19, 5, , 
2016/10/11, 11, 5, , 
2016/10/12, 13, 6, , 
2016/10/13, 13, 6, 1, 
2016/10/14, 18, 4, , 
2016/10/15, 17, 3, , 
2016/10/16, 15, 5, 1, 
2016/10/17, 24, 8, 1, 
2016/10/18, 28, 9, 1, 
2016/10/19, 36, 8, 1, 
2016/10/20, 16, 8, 1, 
2016/10/21, 17, 6, 1, 
2016/10/22, 22, 5, 1, 
2016/10/23, 27, 12, 1, 
2016/10/24, 40, 15, 1, 
2016/10/25, 38, 14, 1, 
2016/10/26, 29, 8, , 
2016/10/27, 29, 14, 1, 
2016/10/28, 26, 7, 1, 
2016/10/29, 15, 8, 1, 
2016/10/30, 12, 17, 1, 
2016/10/31, 21, 7, 1, 
2016/11/1, 8, 8, 1, 
2016/11/2, 7, 12, 1, 
2016/11/3, 11, 8, 1, 
2016/11/4, 14, 8, 2, 
2016/11/5, 29, 9, 2, 
2016/11/6, 22, 10, 1, 
2016/11/7, 6, 10, 1, 
2016/11/8, 15, 17, 2, 
2016/11/9, 30, 13, 2, 
2016/11/10, 33, 17, 2, 
2016/11/11, 59, 13, 2, 
2016/11/12, 55, 15, 1, 
2016/11/13, 37, 15, 1, 
2016/11/14, 33, 9, 2, 
2016/11/15, 16, 16, 2, 
2016/11/16, 23, 12, 2, 
2016/11/17, 22, 7, 3, 
2016/11/18, 8, 7, 2, 
2016/11/19, 16, 4, 2, 
2016/11/20, 14, 9, 2, 
2016/11/21, 24, 9, 2, 
2016/11/22, 35, 7, 2, 
2016/11/23, 29, 25, 2, 
2016/11/24, 47, 11, 1, 
2016/11/25, 23, 8, 2, 
2016/11/26, 11, 3, 1, 
2016/11/27, 10, 9, 1, 
2016/11/28, 11, 12, 1, 
2016/11/29, 14, 14, 1, 
2016/11/30, 16, 18, 2, 
2016/12/1, 11, 8, 2, 
2016/12/2, 11, 17, 1, 
2016/12/3, 14, 7, 1, 
2016/12/4, 19, 16, 1, 
2016/12/5, 16, 23, 2, 
2016/12/6, 32, 10, 12, 
2016/12/7, 24, 14, 10, 
2016/12/8, 25, 15, 3, 
2016/12/9, 22, 10, 3, 
2016/12/10, 15, 9, 1, 
2016/12/11, 15, 17, 1, 
2016/12/12, 34, 11, 1, 
2016/12/13, 26, 14, 1, 
2016/12/14, 21, 12, , 
2016/12/15, 15, 16, 1, 
2016/12/16, 43, 10, , 
2016/12/17, 41, 10, , 
2016/12/18, 30, 17, , 
2016/12/19, 25, 11, 1, 
2016/12/20, 22, 12, 1, 
2016/12/21, 42, 13, 1, 
2016/12/22, 33, 16, , 
2016/12/23, 28, 8, , 
2016/12/24, 16, 4, 1, 
2016/12/25, 9, 4, 1, 
2016/12/26, 8, 6, 1, 
2016/12/27, 19, 16, , 
2016/12/28, 31, 17, , 
2016/12/29, 31, 15, 1, 
2016/12/30, 23, 13, 1, 
2016/12/31, 28, 7, 1, 
2017/1/1, 24, 16, 1, 
2016/7/1, 15, 13, 1, 
2016/7/2, 10, 10, 1, 
2016/7/3, 9, 17, 1, 
2016/7/4, 13, 9, 1, 
2016/7/5, 10, 13, 1, 
2016/7/6, 8, 19, , 
2016/7/7, 13, 15, , 
2016/7/8, 13, 16, , 
2016/7/9, 10, 11, , 
2016/7/10, 12, 16, , 
2016/7/11, 15, 17, , 
2016/7/12, 17, 17, , 
2016/7/13, 14, 13, , 
2016/7/14, 9, 21, 2, 
2016/7/15, 14, 16, , 
2016/7/16, 12, 15, , 
2016/7/17, 10, 20, , 
2016/7/18, 12, 17, , 
2016/7/19, 8, 12, , 
2016/7/20, 12, 12, , 
2016/7/21, 10, 17, , 
2016/7/22, 11, 15, , 
2016/7/23, 13, 12, , 
2016/7/24, 13, 19, , 
2016/7/25, 24, 15, 10, 
2016/7/26, 24, 9, , 
2016/7/27, 15, 15, , 
2016/7/28, 18, 11, , 
2016/7/29, 10, 10, 1, 
2016/7/30, 13, 6, , 
2016/7/31, 10, 17, 1, 
2016/8/1, 12, 11, , 
2016/8/2, 13, 4, 1, 
2016/8/3, 11, 9, , 
2016/8/4, 11, 20, 1, 
2016/8/5, 17, 13, 1, 
2016/8/6, 16, 9, 1, 
2016/8/7, 9, 11, 1, 
2016/8/8, 17, 15, 1, 
2016/8/9, 18, 13, 1, 
2016/8/10, 16, 14, , 
2016/8/11, 13, 8, , 
2016/8/12, 13, 11, , 
2016/8/13, 15, 11, , 
2016/8/14, 11, 10, , 
2016/8/15, 12, 15, , 
2016/8/16, 17, 16, 1, 
2016/8/17, 19, 15, 1, 
2016/8/18, 9, 13, , 
2016/8/19, 13, 10, , 
2016/8/20, 20, 10, , 
2016/8/21, 13, 14, , 
2016/8/22, 16, 15, , 
2016/8/23, 11, 9, , 
2016/8/24, 10, 4, , 
2016/8/25, 15, 5, , 
2016/8/26, 21, 13, , 
2016/8/27, 17, 5, , 
2016/8/28, 16, 14, 1, 
2016/8/29, 16, 18, 1, 
2016/8/30, 17, 12, , 
2016/8/31, 17, 19, 1, 
2016/9/1, 28, 16, 1, 
2016/9/2, 20, 11, 1, 
2016/9/3, 16, 4, 1, 
2016/9/4, 7, 9, , 
2016/9/5, 8, 16, , 
2016/9/6, 19, 14, , 
2016/9/7, 15, 10, 1, 
2016/9/8, 18, 15, 1, 
2016/9/9, 37, 13, 1, 
2016/9/10, 28, 9, 1, 
2016/9/11, 17, 15, 1, 
2016/9/12, 24, 11, 1, 
2016/9/13, 24, 9, 1, 
2016/9/14, 13, 11, 1, 
2016/9/15, 18, 8, 1, 
2016/9/16, 21, 5, 1, 
2016/9/17, 13, 4, 1, 
2016/9/18, 12, 11, 1, 
2016/9/19, 15, 17, 1, 
2016/9/20, 21, 10, 1, 
2016/9/21, 15, 17, , 
2016/9/22, 21, 18, , 
2016/9/23, 28, 16, , 
2016/9/24, 20, 3, , 
2016/9/25, 12, 7, , 
2016/9/26, 17, 8, , 
2016/9/27, 23, 11, , 
2016/9/28, 27, 9, 1, 
2016/9/29, 25, 16, 1, 
2016/9/30, 24, 6, , 
2016/4/1, 28, 6, 2, 
2016/4/2, 20, 5, 2, 
2016/4/3, 22, 14, 5, 
2016/4/4, 38, 20, 4, 
2016/4/5, 56, 16, 3, 
2016/4/6, 38, 13, 2, 
2016/4/7, 21, 16, 3, 
2016/4/8, 24, 12, 1, 
2016/4/9, 20, 9, 1, 
2016/4/10, 15, 12, , 
2016/4/11, 17, 17, 1, 
2016/4/12, 26, 16, 1, 
2016/4/13, 23, 12, 1, 
2016/4/14, 16, 9, , 
2016/4/15, 14, 8, 1, 
2016/4/16, 14, 13, 1, 
2016/4/17, 11, 19, , 
2016/4/18, 19, 15, , 
2016/4/19, 26, 17, , 
2016/4/20, 24, 18, , 
2016/4/21, 23, 19, , 
2016/4/22, 23, 14, , 
2016/4/23, 19, 13, , 
2016/4/24, 13, 14, , 
2016/4/25, 15, 11, 1, 
2016/4/26, 14, 9, 1, 
2016/4/27, 13, 12, , 
2016/4/28, 12, 10, , 
2016/4/29, 12, 8, , 
2016/4/30, 17, 11, , 
2016/5/1, 17, 16, , 
2016/5/2, 23, 10, , 
2016/5/3, 14, 16, , 
2016/5/4, 16, 17, , 
2016/5/5, 19, 16, 1, 
2016/5/6, 19, 9, 1, 
2016/5/7, 16, 8, 1, 
2016/5/8, 18, 21, 1, 
2016/5/9, 30, 16, 1, 
2016/5/10, 24, 11, 1, 
2016/5/11, 22, 13, 1, 
2016/5/12, 20, 14, 1, 
2016/5/13, 16, 17, 1, 
2016/5/14, 18, 11, 1, 
2016/5/15, 7, 16, 1, 
2016/5/16, 12, 22, 1, 
2016/5/17, 15, 14, 1, 
2016/5/18, 14, 14, 1, 
2016/5/19, 24, 17, 1, 
2016/5/20, 25, 14, 1, 
2016/5/21, 22, 6, 1, 
2016/5/22, 18, 9, 1, 
2016/5/23, 25, 10, 1, 
2016/5/24, 17, 17, 1, 
2016/5/25, 22, 8, 1, 
2016/5/26, 8, 13, 1, 
2016/5/27, 15, 9, 1, 
2016/5/28, 15, 13, 1, 
2016/5/29, 17, 9, 1, 
2016/5/30, 18, 15, 1, 
2016/5/31, 15, 9, 1, 
2016/6/1, 12, 10, 1, 
2016/6/2, 11, 16, 1, 
2016/6/3, 20, 13, 1, 
2016/6/4, 14, 7, 1, 
2016/6/5, 6, 8, 1, 
2016/6/6, 9, 11, 1, 
2016/6/7, 8, 16, 1, 
2016/6/8, 17, 13, 1, 
2016/6/9, 8, 18, 1, 
2016/6/10, 17, 12, 1, 
2016/6/11, 8, 6, 1, 
2016/6/12, 6, 7, 1, 
2016/6/13, 7, 12, 1, 
2016/6/14, 13, 13, 1, 
2016/6/15, 15, 16, 1, 
2016/6/16, 16, 16, 2, 
2016/6/17, 10, 14, 1, 
2016/6/18, 14, 10, 1, 
2016/6/19, 11, 12, 1, 
2016/6/20, 13, 14, 1, 
2016/6/21, 13, 12, 1, 
2016/6/22, 9, 9, 1, 
2016/6/23, 14, 14, 1, 
2016/6/24, 17, 11, 1, 
2016/6/25, 20, 13, 1, 
2016/6/26, 10, 18, 1, 
2016/6/27, 13, 17, 1, 
2016/6/28, 11, 13, 1, 
2016/6/29, 10, 16, 1, 
2016/6/30, 31, 15, 1, 
2016/1/4, 34, 12, 5, 
2016/1/5, 42, 11, 6, 
2016/1/6, 53, 9, 6, 
2016/1/7, 39, 13, 7, 
2016/1/8, 44, 10, 5, 
2016/1/9, 27, 6, 5, 
2016/1/10, 37, 13, 7, 
2016/1/11, 48, 14, 6, 
2016/1/12, 33, 11, 6, 
2016/1/13, 16, 11, 4, 
2016/1/14, 23, 16, 5, 
2016/1/15, 39, 25, 7, 
2016/1/16, 40, 16, 6, 
2016/1/17, 32, 15, 5, 
2016/1/18, 25, 11, 5, 
2016/1/19, 26, 18, 5, 
2016/1/20, 26, 15, 3, 
2016/1/21, 11, 14, 3, 
2016/1/22, 36, 11, 5, 
2016/1/23, 56, 9, 2, 
2016/1/24, 28, 14, 2, 
2016/1/25, 24, 14, 2, 
2016/1/26, 22, 8, 1, 
2016/1/27, 15, 9, 1, 
2016/1/28, 16, 9, 1, 
2016/1/29, 16, 4, 1, 
2016/1/30, 7, 5, , 
2016/1/31, 8, 10, 1, 
2016/2/1, 12, 10, , 
2016/2/2, 17, 8, , 
2016/2/3, 17, 11, , 
2016/2/4, 15, 14, , 
2016/2/5, 19, 6, , 
2016/2/6, 20, 4, 2, 
2016/2/7, 20, 4, 2, 
2016/2/8, 12, 6, 1, 
2016/2/9, 11, 17, 1, 
2016/2/10, 28, 15, 2, 
2016/2/11, 35, 16, 1, 
2016/2/12, 18, 6, 2, 
2016/2/13, 24, 7, 2, 
2016/2/14, 28, 7, 1, 
2016/2/15, 21, 16, , 
2016/2/16, 28, 7, 2, 
2016/2/17, 21, 14, 3, 
2016/2/18, 39, 17, 5, 
2016/2/19, 48, 6, 4, 
2016/2/20, 27, 6, 2, 
2016/2/21, 11, 12, 3, 
2016/2/22, 14, 12, 2, 
2016/2/23, 14, 13, 2, 
2016/2/24, 12, 14, 2, 
2016/2/25, 15, 18, 2, 
2016/2/26, 19, 7, 2, 
2016/2/27, 24, 13, 2, 
2016/2/28, 44, 13, 2, 
2016/2/29, 25, 13, 2, 
2016/3/1, 29, 8, 4, 
2016/3/2, 34, 21, 3, 
2016/3/3, 18, 15, 3, 
2016/3/4, 25, 13, 3, 
2016/3/5, 33, 13, 3, 
2016/3/6, 37, 22, 3, 
2016/3/7, 39, 27, 4, 
2016/3/8, 50, 17, , 
2016/3/9, 29, 17, , 
2016/3/10, 29, 8, , 
2016/3/11, 11, 4, , 
2016/3/12, 9, 10, , 
2016/3/13, 17, 19, , 
2016/3/14, 29, 9, 1, 
2016/3/15, 13, 17, 1, 
2016/3/16, 31, 20, 3, 
2016/3/17, 37, 12, 2, 
2016/3/18, 16, 17, 2, 
2016/3/19, 25, 10, 2, 
2016/3/20, 19, 16, 2, 
2016/3/21, 19, 16, 2, 
2016/3/22, 20, 17, 3, 
2016/3/23, 23, 22, 3, 
2016/3/24, 35, 10, 3, 
2016/3/25, 35, 10, 2, 
2016/3/26, 22, 3, 2, 
2016/3/27, 19, 4, 2, 
2016/3/28, 11, 14, 2, 
2016/3/29, 16, 12, 2, 
2016/3/30, 17, 21, 2, 
2016/3/31, 27, 19, 2, 
2015/10/1, 24, 14, 2, 
2015/10/2, 29, 12, 2, 
2015/10/3, 25, 16, 4, 
2015/10/4, 39, 15, 2, 
2015/10/5, 38, 4, 2, 
2015/10/6, 18, 4, 1, 
2015/10/7, 18, 7, 2, 
2015/10/8, 20, 7, 2, 
2015/10/9, 21, 6, 1, 
2015/10/10, 14, 8, 1, 
2015/10/11, 14, 6, 1, 
2015/10/12, 18, 6, 1, 
2015/10/13, 21, 6, 1, 
2015/10/14, 39, 7, 1, 
2015/10/15, 42, 9, 1, 
2015/10/16, 41, 8, 1, 
2015/10/17, 52, 13, 1, 
2015/10/18, 30, 17, 1, 
2015/10/19, 39, 18, 2, 
2015/10/20, 38, 16, 2, 
2015/10/21, 22, 8, 1, 
2015/10/22, 20, 14, 1, 
2015/10/23, 24, 8, 1, 
2015/10/24, 24, 13, 1, 
2015/10/25, 24, 20, 2, 
2015/10/26, 33, 10, 4, 
2015/10/27, 23, 9, 3, 
2015/10/28, 23, 8, 2, 
2015/10/29, 33, 10, 3, 
2015/10/30, 48, 8, 3, 
2015/10/31, 54, 11, 3, 
2015/11/1, 48, 17, 2, 
2015/11/2, 47, 8, 2, 
2015/11/3, 24, 11, 2, 
2015/11/4, 48, 7, 2, 
2015/11/5, 46, 10, 3, 
2015/11/6, 60, 10, 3, 
2015/11/7, 31, 7, 3, 
2015/11/8, 14, 12, 2, 
2015/11/9, 21, 8, 2, 
2015/11/10, 9, 5, 2, 
2015/11/11, 9, 13, 2, 
2015/11/12, 20, 10, 2, 
2015/11/13, 16, 7, 1, 
2015/11/14, 8, 9, 2, 
2015/11/15, 16, 8, 1, 
2015/11/16, 11, 11, , 
2015/11/17, 13, 10, , 
2015/11/18, 9, 9, , 
2015/11/19, 11, 18, , 
2015/11/20, 9, 8, , 
2015/11/21, 12, 7, , 
2015/11/22, 12, 11, , 
2015/11/23, 19, 8, 1, 
2015/11/24, 17, 9, 2, 
2015/11/25, 25, 11, 1, 
2015/11/26, 30, 9, 1, 
2015/11/27, 21, 7, 2, 
2015/11/28, 21, 4, , 
2015/11/29, 8, 9, , 
2015/11/30, 14, 10, , 
2015/12/1, 14, 15, , 
2015/12/2, 18, 15, , 
2015/12/3, 23, 10, , 
2015/12/4, 16, 6, , 
2015/12/5, 12, 5, , 
2015/12/6, 10, 22, , 
2015/12/7, 37, 9, 1, 
2015/12/8, 27, 16, 1, 
2015/12/9, 28, 9, , 
2015/12/10, 16, 11, , 
2015/12/11, 14, 10, , 
2015/12/12, 11, 6, , 
2015/12/13, 8, 14, 1, 
2015/12/14, 20, 11, 2, 
2015/12/15, 32, 9, 2, 
2015/12/16, 30, 15, 2, 
2015/12/17, 23, 15, 1, 
2015/12/18, 26, 5, 1, 
2015/12/19, 18, 5, 1, 
2015/12/20, 19, 12, 1, 
2015/12/21, 20, 10, , 
2015/12/22, 17, 10, , 
2015/12/23, 10, 7, 1, 
2015/12/24, 18, 5, , 
2015/12/25, 11, 4, , 
2015/12/26, 8, 6, , 
2015/12/27, 10, 8, , 
2015/12/28, 11, 5, , 
2015/12/29, 10, 7, 2, 
2015/12/30, 24, , , 
2016/1/2, 15, 4, 2, 
2016/1/3, 18, 8, 4, 
2015/7/1, 12, 5, , 
2015/7/2, 12, 11, 1, 
2015/7/3, 16, 11, 1, 
2015/7/4, 20, 12, 1, 
2015/7/5, 22, 15, 1, 
2015/7/6, 17, 11, 1, 
2015/7/7, 16, 13, 1, 
2015/7/8, 18, 10, 1, 
2015/7/9, 14, 11, 1, 
2015/7/10, 15, 13, 1, 
2015/7/11, 11, 10, 1, 
2015/7/12, 11, 17, 1, 
2015/7/13, 14, 13, 1, 
2015/7/14, 11, 15, 1, 
2015/7/15, 13, 17, 1, 
2015/7/16, 14, 10, 1, 
2015/7/17, 11, 14, 1, 
2015/7/18, 13, 7, 1, 
2015/7/19, 11, 16, 1, 
2015/7/20, 15, 12, 1, 
2015/7/21, 14, 12, 1, 
2015/7/22, 16, 15, 1, 
2015/7/23, 17, 11, 1, 
2015/7/24, 13, 5, 1, 
2015/7/25, 14, 9, 1, 
2015/7/26, 11, 8, 1, 
2015/7/27, 14, 10, 1, 
2015/7/28, 15, 9, 1, 
2015/7/29, 15, 8, 1, 
2015/7/30, 10, 18, 1, 
2015/7/31, 15, 9, 1, 
2015/8/1, 12, 12, 1, 
2015/8/2, 20, 17, 1, 
2015/8/3, 25, 7, 1, 
2015/8/4, 25, 21, 1, 
2015/8/5, 24, 9, 1, 
2015/8/6, 19, 11, 1, 
2015/8/7, 27, 11, 1, 
2015/8/8, 23, 8, 1, 
2015/8/9, 9, 10, 1, 
2015/8/10, 13, 7, 1, 
2015/8/11, 14, 14, 1, 
2015/8/12, 22, 10, 1, 
2015/8/13, 13, 5, 1, 
2015/8/14, 14, 5, 1, 
2015/8/15, 20, 6, 1, 
2015/8/16, 20, 5, 1, 
2015/8/17, 19, 4, 1, 
2015/8/18, 19, 6, , 
2015/8/19, 17, 7, , 
2015/8/20, 22, 7, , 
2015/8/21, 22, 5, , 
2015/8/22, 22, 9, , 
2015/8/23, 18, 5, , 
2015/8/24, 25, 10, 1, 
2015/8/25, 17, 7, , 
2015/8/26, 11, 13, 1, 
2015/8/27, 18, 19, 1, 
2015/8/28, 18, 9, 1, 
2015/8/29, 13, 9, , 
2015/8/30, 14, 13, 1, 
2015/8/31, 21, 16, 2, 
2015/9/1, 20, 16, 1, 
2015/9/2, 16, 9, 1, 
2015/9/3, 12, 13, 1, 
2015/9/4, 12, 5, 1, 
2015/9/5, 10, 5, 1, 
2015/9/6, 6, 11, , 
2015/9/7, 7, 10, , 
2015/9/8, 9, 10, , 
2015/9/9, 8, 10, 1, 
2015/9/10, 14, 5, , 
2015/9/11, 12, 4, 1, 
2015/9/12, 16, 3, , 
2015/9/13, 26, 5, 1, 
2015/9/14, 23, 6, 1, 
2015/9/15, 11, 7, 1, 
2015/9/16, 13, 12, 1, 
2015/9/17, 19, 13, 2, 
2015/9/18, 15, 11, 1, 
2015/9/19, 14, 6, 1, 
2015/9/20, 7, 18, 1, 
2015/9/21, 13, 6, 2, 
2015/9/22, 13, 11, 1, 
2015/9/23, 19, 10, 1, 
2015/9/24, 15, 18, 1, 
2015/9/25, 21, 13, 1, 
2015/9/26, 17, 11, 1, 
2015/9/27, 12, 12, 1, 
2015/9/28, 16, 17, 2, 
2015/9/29, 22, 15, 2, 
2015/9/30, 25, 18, 2, 
2015/4/1, 12, 19, 2, 
2015/4/2, 15, 21, 3, 
2015/4/3, 21, 10, 1, 
2015/4/4, 16, 4, 1, 
2015/4/5, 7, 4, , 
2015/4/6, 9, 16, 1, 
2015/4/7, 24, 20, 2, 
2015/4/8, 31, 15, 1, 
2015/4/9, 27, 20, 1, 
2015/4/10, 42, 9, 2, 
2015/4/11, 28, 7, 1, 
2015/4/12, 12, 10, 2, 
2015/4/13, 26, 13, 2, 
2015/4/14, 17, 14, 3, 
2015/4/15, 25, 14, 2, 
2015/4/16, 18, 13, 1, 
2015/4/17, 14, 6, 1, 
2015/4/18, 8, 8, 1, 
2015/4/19, 9, 11, 1, 
2015/4/20, 15, 13, 1, 
2015/4/21, 20, 15, 2, 
2015/4/22, 27, 14, 1, 
2015/4/23, 29, 14, 1, 
2015/4/24, 20, 10, 2, 
2015/4/25, 30, 8, 1, 
2015/4/26, 23, 9, 1, 
2015/4/27, 15, 12, 1, 
2015/4/28, 13, 16, 2, 
2015/4/29, 16, 6, 2, 
2015/4/30, 18, 10, 1, 
2015/5/1, 14, 11, 1, 
2015/5/2, 13, 4, 1, 
2015/5/3, 12, 12, 2, 
2015/5/4, 17, 7, 2, 
2015/5/5, 16, 13, 2, 
2015/5/6, 17, 14, 1, 
2015/5/7, 14, 13, , 
2015/5/8, 15, 11, 1, 
2015/5/9, 17, 9, , 
2015/5/10, 10, 8, 1, 
2015/5/11, 11, 7, 2, 
2015/5/12, 18, 15, , 
2015/5/13, 16, 16, 1, 
2015/5/14, 16, 15, , 
2015/5/15, 15, 9, , 
2015/5/16, 16, 7, , 
2015/5/17, 13, 11, , 
2015/5/18, 13, 12, 1, 
2015/5/19, 16, 13, 1, 
2015/5/20, 17, 18, , 
2015/5/21, 17, 16, , 
2015/5/22, 17, 12, , 
2015/5/23, 18, 6, , 
2015/5/24, 14, 12, 1, 
2015/5/25, 20, 12, , 
2015/5/26, 12, 13, , 
2015/5/27, 14, 8, 1, 
2015/5/28, 17, 10, , 
2015/5/29, 13, 8, 1, 
2015/5/30, 12, 4, , 
2015/5/31, 10, 14, 1, 
2015/6/1, 15, 4, , 
2015/6/2, 14, 15, 2, 
2015/6/3, 20, 9, , 
2015/6/4, 10, 6, 1, 
2015/6/5, 11, 7, 1, 
2015/6/6, 21, 9, 1, 
2015/6/7, 13, 13, 1, 
2015/6/8, 13, 8, 1, 
2015/6/9, 13, 8, 1, 
2015/6/10, 6, 14, 1, 
2015/6/11, 14, 14, 1, 
2015/6/12, 15, 9, 2, 
2015/6/13, 15, 11, 2, 
2015/6/14, 14, 14, 1, 
2015/6/15, 12, 16, 1, 
2015/6/16, 13, 12, 2, 
2015/6/17, 15, 15, 2, 
2015/6/18, 14, 13, 2, 
2015/6/19, 11, 13, 2, 
2015/6/20, 9, 9, 2, 
2015/6/21, 10, 6, 2, 
2015/6/22, 11, 17, 2, 
2015/6/23, 12, 14, 2, 
2015/6/24, 12, 14, 2, 
2015/6/25, 14, 16, 2, 
2015/6/26, 16, 6, 2, 
2015/6/27, 13, 14, 2, 
2015/6/28, 21, 12, 2, 
2015/6/29, 14, 15, 2, 
2015/6/30, 16, 10, 1, 
2015/1/1, 20, 6, 1, 
2015/1/2, 12, 6, 1, 
2015/1/3, 11, 3, 1, 
2015/1/4, 10, 15, 2, 
2015/1/5, 15, 7, 1, 
2015/1/6, 31, 10, 3, 
2015/1/7, 47, 10, 1, 
2015/1/8, 23, 9, 1, 
2015/1/9, 19, 6, 2, 
2015/1/10, 16, 3, 1, 
2015/1/11, 10, 10, 1, 
2015/1/12, 14, 8, 1, 
2015/1/13, 9, 13, 1, 
2015/1/14, 12, 6, 2, 
2015/1/15, 14, 14, 2, 
2015/1/16, 24, 16, 1, 
2015/1/17, 21, 6, 2, 
2015/1/18, 30, 8, 2, 
2015/1/19, 31, 8, 1, 
2015/1/20, 25, 13, 1, 
2015/1/21, 28, 10, 1, 
2015/1/22, 30, 15, 1, 
2015/1/23, 37, 7, 1, 
2015/1/24, 24, 13, 1, 
2015/1/25, 30, 9, 2, 
2015/1/26, 21, 19, 2, 
2015/1/27, 15, 8, 1, 
2015/1/28, 13, 7, 2, 
2015/1/29, 13, 7, 3, 
2015/1/30, 18, , , 
2015/2/2, 20, 6, 1, 
2015/2/3, 8, , , 
2015/2/5, 42, 14, 1, 
2015/2/6, 55, 10, 2, 
2015/2/7, 20, 3, 1, 
2015/2/8, 11, 16, 1, 
2015/2/9, 17, 17, 1, 
2015/2/10, 17, 20, 1, 
2015/2/11, 18, 17, 1, 
2015/2/12, 34, 13, 1, 
2015/2/13, 51, 17, 2, 
2015/2/14, 63, 6, 2, 
2015/2/15, 51, 4, 1, 
2015/2/16, 26, 10, 3, 
2015/2/17, 36, 15, 1, 
2015/2/18, 40, 16, 2, 
2015/2/19, 40, 10, 1, 
2015/2/20, 45, 8, 3, 
2015/2/21, 29, 9, 1, 
2015/2/22, 18, 7, 2, 
2015/2/23, 24, 10, 2, 
2015/2/24, 28, 16, 1, 
2015/2/25, 38, 13, 1, 
2015/2/26, 41, 10, 1, 
2015/2/27, 47, 13, 1, 
2015/2/28, 43, 5, 1, 
2015/3/1, 23, 11, 1, 
2015/3/2, 12, 14, 1, 
2015/3/3, 23, 19, 1, 
2015/3/4, 18, 21, 1, 
2015/3/5, 23, 13, , 
2015/3/6, 24, 8, 1, 
2015/3/7, 29, 6, 1, 
2015/3/8, 23, 22, 1, 
2015/3/9, 37, 17, 1, 
2015/3/10, 35, 18, , 
2015/3/11, 29, 9, , 
2015/3/12, 14, 11, , 
2015/3/13, 17, 8, , 
2015/3/14, 28, 5, , 
2015/3/15, 23, 6, , 
2015/3/16, 31, 6, 1, 
2015/3/17, 32, 10, 1, 
2015/3/18, 31, 29, 1, 
2015/3/19, 62, 21, 2, 
2015/3/20, 57, 9, , 
2015/3/21, 27, 6, , 
2015/3/22, 11, 11, 1, 
2015/3/23, 23, 17, 2, 
2015/3/24, 49, 14, 2, 
2015/3/25, 53, 12, 2, 
2015/3/26, 46, 18, 1, 
2015/3/27, 35, 14, 1, 
2015/3/28, 28, 6, 1, 
2015/3/29, 18, 10, 2, 
2015/3/30, 8, 9, 2, 
2015/3/31, 13, 13, 2, 
2014/10/1, 19, 9, , 
2014/10/2, 35, 11, , 
2014/10/3, 31, 5, 1, 
2014/10/4, 29, 5, 1, 
2014/10/5, 32, 7, 1, 
2014/10/6, 31, 5, 2, 
2014/10/7, 35, 7, 1, 
2014/10/8, 20, 7, 1, 
2014/10/9, 23, 12, 1, 
2014/10/10, 17, 5, 1, 
2014/10/11, 20, 10, 1, 
2014/10/12, 21, 8, 1, 
2014/10/13, 23, 16, 1, 
2014/10/14, 27, 8, 1, 
2014/10/15, 10, 11, 1, 
2014/10/16, 21, 7, 1, 
2014/10/17, 20, 3, 1, 
2014/10/18, 17, 3, 1, 
2014/10/19, 18, 12, 2, 
2014/10/20, 19, 8, 2, 
2014/10/21, 18, 8, 1, 
2014/10/22, 22, 5, 1, 
2014/10/23, 18, 5, 1, 
2014/10/24, 25, 5, 1, 
2014/10/25, 33, 4, 1, 
2014/10/26, 31, 7, 1, 
2014/10/27, 26, 7, 2, 
2014/10/28, 29, 13, 2, 
2014/10/29, 40, 18, 1, 
2014/10/30, 38, 6, 1, 
2014/10/31, 23, 5, 2, 
2014/11/1, 48, 4, 2, 
2014/11/2, 39, 7, 2, 
2014/11/3, 26, 7, 2, 
2014/11/4, 41, 9, 2, 
2014/11/5, 40, 12, 2, 
2014/11/6, 30, 11, 2, 
2014/11/7, 24, 6, 2, 
2014/11/8, 26, 4, 1, 
2014/11/9, 23, 6, 2, 
2014/11/10, 32, 5, 2, 
2014/11/11, 23, 6, 2, 
2014/11/12, 41, 6, 2, 
2014/11/13, 43, 6, 2, 
2014/11/14, 38, 4, 2, 
2014/11/15, 25, 2, 1, 
2014/11/16, 29, 6, 1, 
2014/11/17, 33, 5, 1, 
2014/11/18, 22, 6, 1, 
2014/11/19, 38, 8, 2, 
2014/11/20, 44, 6, 1, 
2014/11/21, 46, 8, 1, 
2014/11/22, 31, 5, 2, 
2014/11/23, 33, 7, 2, 
2014/11/24, 27, 17, 1, 
2014/11/25, 25, 12, 1, 
2014/11/26, 32, 8, 1, 
2014/11/27, 26, 7, 1, 
2014/11/28, 33, 6, 1, 
2014/11/29, 31, 5, 1, 
2014/11/30, 30, 6, 1, 
2014/12/1, 34, 13, 1, 
2014/12/2, 41, 11, 2, 
2014/12/3, 54, 9, 2, 
2014/12/4, 34, 8, 1, 
2014/12/5, 38, 12, 2, 
2014/12/6, 40, 5, 1, 
2014/12/7, 16, 16, 1, 
2014/12/8, 19, 14, 1, 
2014/12/9, 31, 10, 2, 
2014/12/10, 21, 8, 2, 
2014/12/11, 15, 7, 2, 
2014/12/12, 10, 9, 1, 
2014/12/13, 14, 6, 1, 
2014/12/14, 21, 8, 1, 
2014/12/15, 14, 11, 1, 
2014/12/16, 20, 12, 2, 
2014/12/17, 22, 12, 2, 
2014/12/18, 17, 14, 1, 
2014/12/19, 8, 8, 1, 
2014/12/20, 10, 7, 3, 
2014/12/21, 12, 11, 2, 
2014/12/22, 5, 17, 3, 
2014/12/23, 9, 6, 1, 
2014/12/24, 6, 4, 1, 
2014/12/25, 10, 13, 1, 
2014/12/26, 25, 11, 1, 
2014/12/27, 27, 27, 2, 
2014/12/28, 45, , , 
2014/9/15, 31, 5, , 
2014/9/16, 15, 6, 1, 
2014/9/17, 23, 6, 1, 
2014/9/18, 30, 9, 1, 
2014/9/19, 41, 11, 1, 
2014/9/20, 57, 9, 1, 
2014/9/21, 54, 14, 1, 
2014/9/22, 40, 9, 1, 
2014/9/23, 40, 4, 1, 
2014/9/24, 16, 12, 1, 
2014/9/25, 21, 10, 1, 
2014/9/26, 13, 10, 1, 
2014/9/27, 24, 8, , 
2014/9/28, 21, 16, 1, 
2014/9/29, 40, 12, 1, 
2014/9/30, 39, 5, , 
2023/1/1, , 8, , 
2022/10/15, , 5, , 
2022/10/16, , 6, , 
2022/9/24, , 12, , 
2021/7/26, , 7, , 1
2020/11/28, , 6, , 
2020/3/31, , 9, , 
2019/12/31, , 5, , 
2019/12/2, , 6, 1, 
2019/6/30, , 12, 3, 
2019/7/27, , 4, 3, 
2018/12/31, , 3, 2, 
2017/12/31, , 5, 3, 
2017/9/9, , 1, 3, 
2017/4/22, , 6, 2, 
2016/1/1, , 3, 2, 
2014/12/31, , 3, 1, 
2015/2/1, , 11, 2, 
2015/2/4, , 21, 2, 
2014/9/14, , 5, , 