date, pm10, no2, co
2023/1/2, 24, 6, 
2023/1/3, 17, 10, 
2023/1/4, 28, 2, 
2023/1/5, 6, 6, 
2023/1/6, 15, 12, 
2023/1/7, 26, 6, 
2023/1/8, 28, 11, 
2023/1/9, 31, 10, 
2023/1/10, 24, , 
2022/10/1, 35, 3, 
2022/10/2, 12, 6, 
2022/10/3, 12, 7, 
2022/10/4, 17, 9, 
2022/10/5, 27, 9, 
2022/10/6, 23, 17, 
2022/10/7, 41, 8, 
2022/10/8, 32, 7, 
2022/10/9, 21, 10, 
2022/10/10, 27, 14, 
2022/10/11, 33, 19, 
2022/10/12, 51, 18, 
2022/10/13, 48, 18, 
2022/10/14, 61, 8, 
2022/10/15, 46, 6, 
2022/10/16, 24, 15, 
2022/10/17, 45, 11, 
2022/10/18, 28, 9, 
2022/10/19, 17, 16, 
2022/10/21, 45, 7, 
2022/10/22, 26, 7, 
2022/10/23, 30, 12, 
2022/10/24, 34, 8, 
2022/10/25, 21, 12, 
2022/10/26, 26, 15, 
2022/10/27, 50, 12, 
2022/10/28, 41, 7, 
2022/10/29, 28, 11, 
2022/10/30, 43, 13, 
2022/10/31, 46, 8, 
2022/11/1, 37, 7, 
2022/11/2, 27, 13, 
2022/11/3, 32, 13, 
2022/11/4, 32, 7, 
2022/11/5, 25, 10, 
2022/11/6, 26, 8, 
2022/11/7, 25, 14, 
2022/11/8, 33, 12, 
2022/11/9, 38, 9, 
2022/11/10, 31, 9, 
2022/11/11, 27, 8, 
2022/11/12, 34, 6, 
2022/11/13, 28, 10, 
2022/11/14, 41, 13, 
2022/11/15, 42, 12, 
2022/11/16, 21, 8, 
2022/11/17, 17, 12, 
2022/11/18, 23, 9, 
2022/11/19, 25, 13, 
2022/11/20, 48, 15, 
2022/11/21, 56, 11, 
2022/11/22, 43, 11, 
2022/11/23, 38, 14, 
2022/11/24, 37, 11, 
2022/11/25, 53, 11, 
2022/11/26, 49, 9, 
2022/11/27, 49, 13, 
2022/11/28, 38, 10, 
2022/11/29, 33, 10, 
2022/11/30, 34, 11, 
2022/12/1, 30, 11, 
2022/12/2, 30, 8, 
2022/12/3, 44, 5, 
2022/12/4, 31, 9, 
2022/12/5, 35, 11, 
2022/12/6, 46, 6, 
2022/12/7, 14, 11, 
2022/12/8, 25, 18, 
2022/12/9, 48, 13, 
2022/12/10, 41, 7, 
2022/12/11, 23, 7, 
2022/12/12, 17, 6, 
2022/12/13, 16, 16, 
2022/12/14, 46, 15, 
2022/12/15, 54, 17, 
2022/12/16, 52, 10, 
2022/12/17, 43, 6, 
2022/12/18, 36, 16, 
2022/12/19, 37, 9, 
2022/12/20, 30, 11, 
2022/12/21, 37, 12, 
2022/12/22, 28, 10, 
2022/12/23, 17, 15, 
2022/12/24, 27, 6, 
2022/12/25, 23, 3, 
2022/12/26, 16, 3, 
2022/12/27, 11, 6, 
2022/12/28, 18, 5, 
2022/12/29, 16, 10, 
2022/12/30, 28, 3, 
2022/12/31, 16, 2, 
2023/1/1, 14, 9, 
2022/7/1, 33, 6, 
2022/7/2, 10, 9, 
2022/7/3, 15, 13, 
2022/7/4, 19, 18, 
2022/7/5, 23, 10, 
2022/7/6, 20, 7, 
2022/7/7, 18, 6, 
2022/7/8, 17, 4, 
2022/7/9, 13, 4, 
2022/7/10, 8, 6, 
2022/7/11, 12, 5, 
2022/7/12, 14, 5, 
2022/7/13, 14, 9, 
2022/7/14, 18, 6, 
2022/7/15, 18, 5, 
2022/7/16, 17, 5, 
2022/7/17, 12, 15, 
2022/7/18, 19, 21, 
2022/7/19, 30, 25, 
2022/7/20, 36, 14, 
2022/7/21, 29, 15, 
2022/7/22, 32, 16, 
2022/7/23, 34, 5, 
2022/7/24, 18, 12, 
2022/7/25, 20, 9, 
2022/7/26, 22, 7, 
2022/7/27, 17, 13, 
2022/7/28, 24, 11, 
2022/7/29, 24, 7, 
2022/7/30, 16, 4, 
2022/7/31, 5, 6, 
2022/8/1, 16, 12, 
2022/8/2, 26, 18, 
2022/8/3, 34, 15, 
2022/8/4, 35, 15, 
2022/8/5, 32, 9, 
2022/8/6, 19, 7, 
2022/8/7, 13, 18, 
2022/8/8, 19, 14, 
2022/8/9, 24, 19, 
2022/8/10, 27, 20, 
2022/8/11, 28, 14, 
2022/8/12, 16, 10, 
2022/8/16, 43, 21, 
2022/8/17, 43, 13, 
2022/8/18, 38, 10, 
2022/8/19, 38, 12, 
2022/8/20, 27, 6, 
2022/8/21, 20, 10, 
2022/8/22, 23, 14, 
2022/8/23, 29, 12, 
2022/8/24, 37, 17, 
2022/8/25, 40, 14, 
2022/8/26, 36, 11, 
2022/8/27, 34, 7, 
2022/8/28, 26, 5, 
2022/8/29, 16, 8, 
2022/8/30, 14, 13, 
2022/8/31, 21, 13, 
2022/9/1, 18, 12, 
2022/9/2, 17, 10, 
2022/9/3, 18, 10, 
2022/9/4, 16, 11, 
2022/9/5, 18, 11, 
2022/9/6, 23, 10, 
2022/9/7, 25, 9, 
2022/9/8, 36, 9, 
2022/9/9, 21, 8, 
2022/9/10, 19, 5, 
2022/9/11, 16, 11, 
2022/9/12, 19, 10, 
2022/9/13, 28, 6, 
2022/9/14, 17, 8, 
2022/9/15, 18, 4, 
2022/9/16, 14, 4, 
2022/9/17, 11, 3, 
2022/9/18, 11, 5, 
2022/9/19, 12, 8, 
2022/9/20, 16, 10, 
2022/9/21, 16, 12, 
2022/9/22, 19, 16, 
2022/9/23, 25, 15, 
2022/9/24, 38, 14, 
2022/9/25, 32, 14, 
2022/9/26, 36, 11, 
2022/9/27, 24, 8, 
2022/9/28, 14, 10, 
2022/9/29, 23, 16, 
2022/9/30, 34, 12, 
2022/4/1, 26, 12, 
2022/4/2, 29, 6, 
2022/4/3, 17, 3, 
2022/4/4, 23, 4, 
2022/4/5, 19, 7, 
2022/4/6, 15, 7, 
2022/4/7, 18, 5, 
2022/4/8, 12, 5, 
2022/4/9, 16, 2, 
2022/4/10, 15, 7, 
2022/4/11, 18, 23, 
2022/4/12, 45, 19, 
2022/4/13, 43, 22, 
2022/4/14, 50, 12, 
2022/4/15, 33, 6, 
2022/4/16, 16, 8, 
2022/4/17, 15, 10, 
2022/4/18, 18, 17, 
2022/4/19, 23, 10, 
2022/4/20, 21, 13, 
2022/4/21, 31, 20, 
2022/4/22, 33, 23, 
2022/4/23, 38, 17, 
2022/4/24, 33, 17, 
2022/4/25, 26, 11, 
2022/4/26, 22, 27, 
2022/4/27, 50, 27, 
2022/4/28, 65, 22, 
2022/4/29, 45, 23, 
2022/4/30, 52, 20, 
2022/5/1, 32, 23, 
2022/5/2, 47, 15, 
2022/5/3, 38, 15, 
2022/5/4, 30, 11, 
2022/5/5, 35, 13, 
2022/5/6, 33, 18, 
2022/5/7, 33, 16, 
2022/5/8, 34, 12, 
2022/5/9, 30, 15, 
2022/5/10, 32, 14, 
2022/5/11, 41, 9, 
2022/5/12, 49, 15, 
2022/5/13, 36, 7, 
2022/5/14, 26, 8, 
2022/5/15, 19, 19, 
2022/5/16, 26, 16, 
2022/5/17, 28, 13, 
2022/5/18, 25, 19, 
2022/5/19, 38, 14, 
2022/5/20, 36, 7, 
2022/5/21, 20, 5, 
2022/5/22, 11, 13, 
2022/5/23, 20, 11, 
2022/5/24, 28, 13, 
2022/5/25, 19, 5, 
2022/5/26, 18, 6, 
2022/5/27, 15, 3, 
2022/5/28, 12, 6, 
2022/5/29, 14, 11, 
2022/5/30, 19, 13, 
2022/5/31, 30, 11, 
2022/6/1, 22, 12, 
2022/6/2, 17, 19, 
2022/6/3, 28, 17, 
2022/6/4, 26, 10, 
2022/6/5, 17, 12, 
2022/6/6, 27, 15, 
2022/6/7, 26, 10, 
2022/6/8, 15, 19, 
2022/6/9, 23, 13, 
2022/6/10, 22, 16, 
2022/6/11, 22, 14, 
2022/6/12, 27, 14, 
2022/6/13, 22, 8, 
2022/6/14, 19, 9, 
2022/6/15, 18, 10, 
2022/6/16, 24, 10, 
2022/6/17, 18, 8, 
2022/6/18, 22, 2, 
2022/6/19, 25, 11, 
2022/6/20, 26, 6, 
2022/6/21, 14, 13, 
2022/6/22, 20, 21, 
2022/6/23, 37, 12, 
2022/6/24, 27, 7, 
2022/6/25, 27, 5, 
2022/6/26, 21, 9, 
2022/6/27, 29, 9, 
2022/6/28, 31, 12, 
2022/6/29, 26, 13, 
2022/6/30, 35, 10, 
2022/1/3, 11, 10, 4
2022/1/4, 17, 5, 2
2022/1/5, 13, 3, 2
2022/1/6, 9, 9, 2
2022/1/7, 22, 10, 3
2022/1/8, 32, 13, 5
2022/1/9, 50, 18, 5
2022/1/10, 45, 22, 7
2022/1/11, 57, 11, 4
2022/1/12, 57, 7, 3
2022/1/13, 25, 5, 3
2022/1/14, 16, 6, 2
2022/1/15, 25, 4, 3
2022/1/16, 32, 6, 2
2022/1/17, 15, 7, 2
2022/1/18, 21, 9, 3
2022/1/19, 27, 4, 2
2022/1/20, 14, 6, 2
2022/1/21, 12, 6, 2
2022/1/22, 13, 13, 4
2022/1/23, 34, 15, 5
2022/1/24, 54, 10, 3
2022/1/25, 23, 7, 3
2022/1/26, 14, 6, 3
2022/1/27, 16, 5, 2
2022/1/28, 9, 4, 2
2022/1/29, 14, 1, 2
2022/1/30, 10, 12, 3
2022/1/31, 21, 8, 3
2022/2/1, 21, 6, 3
2022/2/2, 12, 9, 3
2022/2/3, 22, 9, 3
2022/2/4, 23, 3, 2
2022/2/5, 13, 1, 2
2022/2/6, 10, 5, 2
2022/2/7, 10, 4, 2
2022/2/8, 17, 5, 3
2022/2/9, 12, 7, 3
2022/2/10, 21, 9, 3
2022/2/11, 15, 11, 4
2022/2/12, 22, 6, 3
2022/2/13, 23, 15, 4
2022/2/14, 42, 19, 7
2022/2/15, 48, 8, 3
2022/2/16, 27, 3, 3
2022/2/17, 7, 3, 3
2022/2/18, 14, 1, 2
2022/2/19, 14, 3, 3
2022/2/20, 11, 3, 3
2022/2/21, 8, 3, 3
2022/2/22, 13, 9, 3
2022/2/23, 18, 17, 4
2022/2/24, 40, 4, 2
2022/2/25, 15, 14, 5
2022/2/26, 35, 15, 5
2022/2/27, 39, 21, 4
2022/2/28, 50, 34, 8
2022/3/1, 87, 32, 7
2022/3/2, 83, 23, 5
2022/3/3, 72, 20, 4
2022/3/4, 35, 16, 3
2022/3/5, 26, 8, 2
2022/3/6, 23, 14, 3
2022/3/7, 35, 21, 3
2022/3/8, 40, 19, 4
2022/3/9, 49, 14, 3
2022/3/10, 34, 16, 3
2022/3/11, 45, 20, 5
2022/3/12, 48, 18, 5
2022/3/13, 48, 20, 5
2022/3/14, 55, 19, 5
2022/3/15, 50, 23, 5
2022/3/16, 62, 16, 4
2022/3/17, 60, 21, 4
2022/3/18, 49, 22, 4
2022/3/19, 52, 13, 3
2022/3/20, 40, 27, 4
2022/3/21, 54, 35, 6
2022/3/22, 72, 29, 6
2022/3/23, 75, 19, 4
2022/3/24, 53, , 
2022/3/27, 21, 10, 
2022/3/28, 59, 9, 
2022/3/29, 37, 16, 
2022/3/30, 52, 16, 
2022/3/31, 28, 14, 
2021/10/1, 39, 9, 4
2021/10/2, 33, 7, 4
2021/10/3, 28, 21, 8
2021/10/4, 44, 11, 5
2021/10/5, 62, 14, 5
2021/10/6, 29, 13, 4
2021/10/7, 43, 12, 3
2021/10/8, 43, 14, 3
2021/10/9, 30, 13, 3
2021/10/10, 29, 18, 5
2021/10/11, 46, 8, 3
2021/10/12, 23, 10, 4
2021/10/13, 21, 8, 4
2021/10/14, 25, 5, 3
2021/10/15, 14, 6, 3
2021/10/16, 21, 6, 3
2021/10/17, 25, 8, 4
2021/10/18, 28, 12, 5
2021/10/19, 29, 5, 4
2021/10/20, 22, 6, 3
2021/10/21, 47, 3, 2
2021/10/22, 18, 4, 3
2021/10/23, 13, 12, 5
2021/10/24, 28, 17, 5
2021/10/25, 37, 14, 4
2021/10/26, 35, 10, 4
2021/10/27, 30, 16, 5
2021/10/28, 38, 23, 6
2021/10/29, 53, 19, 5
2021/10/30, 41, 13, 4
2021/10/31, 32, 12, 5
2021/11/1, 33, 16, 6
2021/11/2, 38, 11, 4
2021/11/3, 25, 9, 4
2021/11/4, 17, 4, 3
2021/11/5, 12, 4, 3
2021/11/6, 15, 3, 3
2021/11/7, 16, 5, 3
2021/11/8, 15, 15, 4
2021/11/9, 26, 16, 6
2021/11/10, 39, 13, 5
2021/11/11, 42, 10, 5
2021/11/12, 39, 9, 5
2021/11/13, 39, 11, 5
2021/11/14, 43, 13, 5
2021/11/15, 43, 15, 6
2021/11/16, 56, 12, 5
2021/11/17, 44, 6, 3
2021/11/18, 22, 4, 3
2021/11/19, 11, 3, 3
2021/11/20, 12, 4, 3
2021/11/21, 19, 18, 4
2021/11/22, 30, 6, 3
2021/11/23, 16, 7, 3
2021/11/24, 23, 12, 4
2021/11/25, 41, 16, 5
2021/11/26, 41, 12, 5
2021/11/27, 25, 13, 6
2021/11/28, 36, 8, 4
2021/11/29, 21, 5, 3
2021/11/30, 12, 10, 4
2021/12/1, 16, 4, 2
2021/12/2, 12, 5, 3
2021/12/3, 18, 11, 4
2021/12/4, 25, 11, 5
2021/12/5, 39, 16, 6
2021/12/6, 35, 16, 4
2021/12/7, 28, 10, 3
2021/12/8, 28, 11, 4
2021/12/9, 34, 17, 7
2021/12/10, 44, 20, 10
2021/12/11, 69, 9, 2
2021/12/12, 47, 20, 7
2021/12/13, 67, 19, 9
2021/12/14, 74, 10, 5
2021/12/15, 35, 8, 3
2021/12/16, 22, 9, 3
2021/12/17, 22, 4, 3
2021/12/18, 18, 3, 3
2021/12/19, 9, 9, 3
2021/12/20, 11, 11, 3
2021/12/21, 16, 14, 5
2021/12/22, 34, 19, 6
2021/12/23, 55, , 
2021/12/26, 66, 17, 6
2021/12/27, 51, 9, 5
2021/12/28, 31, 15, 9
2021/12/29, 51, 12, 6
2021/12/30, 33, 3, 3
2021/12/31, 11, 6, 3
2022/1/1, 11, 4, 3
2022/1/2, 17, 4, 3
2021/7/1, 19, 7, 3
2021/7/2, 20, 6, 3
2021/7/3, 20, 7, 4
2021/7/4, 16, 10, 4
2021/7/5, 24, 14, 4
2021/7/6, 28, 11, 4
2021/7/7, 37, 12, 5
2021/7/8, 25, 15, 5
2021/7/9, 22, 7, 3
2021/7/10, 18, 8, 3
2021/7/11, 17, 11, 4
2021/7/12, 20, 14, 4
2021/7/13, 24, 16, 5
2021/7/14, 44, 14, 5
2021/7/15, 21, 20, 5
2021/7/16, 27, 12, 5
2021/7/17, 28, 5, 3
2021/7/18, 20, 11, 3
2021/7/19, 33, 13, 3
2021/7/20, 34, 10, 3
2021/7/21, 31, 12, 3
2021/7/22, 28, 18, 5
2021/7/23, 32, 15, 4
2021/7/24, 32, 6, 3
2021/7/25, 29, 15, 5
2021/7/26, 28, 17, 5
2021/7/27, 27, 15, 5
2021/7/28, 30, 6, 3
2021/7/29, 19, 14, 4
2021/7/30, 27, 15, 4
2021/7/31, 33, 12, 3
2021/8/1, 21, 4, 3
2021/8/2, 14, 9, 3
2021/8/3, 20, 19, 5
2021/8/4, 18, 15, 4
2021/8/5, 20, 8, 3
2021/8/6, 9, 11, 4
2021/8/7, 17, 7, 4
2021/8/8, 13, 14, 4
2021/8/9, 19, 18, 4
2021/8/10, 26, 11, 4
2021/8/11, 17, 17, 5
2021/8/12, 32, 22, 5
2021/8/13, 37, 16, 5
2021/8/14, 35, 14, 4
2021/8/15, 27, 10, 4
2021/8/16, 25, 4, 3
2021/8/17, 16, 5, 3
2021/8/18, 17, 5, 3
2021/8/19, 16, 10, 4
2021/8/20, 19, 11, 4
2021/8/21, 13, 9, 4
2021/8/22, 20, 14, 5
2021/8/23, 18, 15, 4
2021/8/24, 19, 11, 3
2021/8/25, 21, 7, 3
2021/8/26, 12, 12, 5
2021/8/27, 23, 11, 5
2021/8/28, 27, 16, 6
2021/8/29, 29, 14, 5
2021/8/30, 23, 13, 5
2021/8/31, 10, 10, 4
2021/9/1, 17, 15, 6
2021/9/2, 26, 12, 5
2021/9/3, 33, 11, 3
2021/9/4, 16, 9, 3
2021/9/5, 13, 14, 4
2021/9/6, 21, 16, 4
2021/9/7, 33, 23, 7
2021/9/8, 48, 21, 5
2021/9/9, 47, 22, 6
2021/9/10, 42, 21, 6
2021/9/11, 39, 9, 5
2021/9/12, 25, 16, 5
2021/9/13, 30, 18, 5
2021/9/14, 38, 18, 5
2021/9/15, 40, 10, 5
2021/9/16, 30, 8, 4
2021/9/17, 14, 7, 4
2021/9/18, 12, 5, 3
2021/9/19, 16, 15, 4
2021/9/20, 25, 12, 4
2021/9/21, 24, 15, 4
2021/9/22, 23, 6, 4
2021/9/23, 25, 6, 3
2021/9/24, 24, 6, 4
2021/9/25, 19, 9, 5
2021/9/26, 20, 10, 4
2021/9/27, 22, 9, 4
2021/9/28, 24, 9, 4
2021/9/29, 34, 14, 6
2021/9/30, 37, 15, 6
2021/4/1, 61, 12, 2
2021/4/2, 24, 9, 2
2021/4/3, 17, 4, 1
2021/4/4, 15, 2, 2
2021/4/5, 16, 4, 2
2021/4/6, 20, 6, 2
2021/4/7, 17, 5, 2
2021/4/8, 19, 11, 3
2021/4/9, 29, 17, 4
2021/4/10, 45, 10, 3
2021/4/11, 39, 10, 3
2021/4/12, 36, 14, 3
2021/4/13, 24, 17, 3
2021/4/14, 21, 14, 3
2021/4/15, 16, 12, 3
2021/4/16, 19, 10, 4
2021/4/17, 36, 14, 5
2021/4/18, 43, 28, 6
2021/4/19, 54, 24, 5
2021/4/20, 46, 12, 3
2021/4/21, 45, 6, 2
2021/4/22, 28, 6, 2
2021/4/23, 24, 5, 2
2021/4/24, 20, 9, 2
2021/4/25, 21, 12, 3
2021/4/26, 32, 19, 3
2021/4/27, 41, 15, 3
2021/4/28, 41, 14, 4
2021/4/29, 44, 9, 3
2021/4/30, 28, 11, 4
2021/5/1, 30, 4, 3
2021/5/2, 17, 2, 2
2021/5/3, 14, 7, 2
2021/5/4, 20, 3, 3
2021/5/5, 11, 7, 2
2021/5/6, 16, 16, 4
2021/5/7, 18, 7, 3
2021/5/8, 18, 9, 4
2021/5/9, 24, 14, 4
2021/5/10, 30, 14, 4
2021/5/11, 39, 12, 4
2021/5/12, 41, 19, 4
2021/5/13, 37, 7, 4
2021/5/14, 35, 6, 3
2021/5/15, 16, 5, 3
2021/5/16, 11, 9, 4
2021/5/17, 17, 10, 4
2021/5/18, 14, 13, 4
2021/5/19, 21, 13, 4
2021/5/20, 28, 5, 3
2021/5/21, 18, 6, 3
2021/5/22, 11, 4, 3
2021/5/23, 10, 11, 3
2021/5/24, 23, 6, 2
2021/5/25, 16, 3, 2
2021/5/26, 14, 10, 2
2021/5/27, 17, 8, 2
2021/5/28, 17, 9, 3
2021/5/29, 18, 7, 3
2021/5/30, 14, 22, 4
2021/5/31, 33, 20, 5
2021/6/1, 44, 17, 4
2021/6/2, 31, 20, 5
2021/6/3, 27, 19, 5
2021/6/4, 33, 14, 4
2021/6/5, 28, 16, 4
2021/6/6, 24, 24, 5
2021/6/7, 40, 19, 5
2021/6/8, 44, 17, 4
2021/6/9, 42, 22, 5
2021/6/10, 43, 21, 5
2021/6/11, 43, 10, 4
2021/6/12, 26, 2, 3
2021/6/13, 18, 13, 3
2021/6/14, 22, 17, 4
2021/6/15, 33, 15, 4
2021/6/16, 32, 11, 4
2021/6/17, 32, 13, 4
2021/6/18, 33, 9, 4
2021/6/19, 35, 4, 4
2021/6/20, 21, 9, 5
2021/6/21, 43, 17, 6
2021/6/22, 43, 14, 5
2021/6/23, 34, 13, 5
2021/6/24, 24, 10, 4
2021/6/25, 20, 11, 4
2021/6/26, 24, 13, 3
2021/6/27, 22, 17, 4
2021/6/28, 26, 18, 4
2021/6/29, 31, 9, 4
2021/6/30, 17, 9, 3
2021/1/4, 44, 11, 5
2021/1/5, 19, 8, 5
2021/1/6, 21, 7, 3
2021/1/7, 19, 14, 6
2021/1/8, 45, 8, 4
2021/1/9, 36, 6, 4
2021/1/10, 33, 10, 4
2021/1/11, 39, 11, 3
2021/1/12, 34, 8, 2
2021/1/13, 19, 17, 4
2021/1/14, 33, 13, 3
2021/1/15, 21, 6, 2
2021/1/16, 24, 12, 5
2021/1/18, 95, 21, 8
2021/1/19, 59, 12, 5
2021/1/20, 23, 15, 6
2021/1/21, 29, 16, 6
2021/1/22, 29, 11, 6
2021/1/23, 28, 10, 5
2021/1/24, 26, 10, 4
2021/1/25, 16, 7, 3
2021/1/26, 19, 10, 4
2021/1/27, 20, 15, 5
2021/1/28, 31, 13, 5
2021/1/29, 26, 11, 5
2021/1/30, 31, 10, 5
2021/1/31, 30, 21, 7
2021/2/1, 57, 15, 6
2021/2/2, 46, 14, 7
2021/2/3, 34, 13, 5
2021/2/4, 18, 19, 5
2021/2/5, 38, 14, 4
2021/2/6, 37, 5, 3
2021/2/7, 30, 12, 4
2021/2/8, 41, 15, 5
2021/2/9, 46, 24, 8
2021/2/10, 81, 18, 4
2021/2/11, 47, 17, 4
2021/2/12, 32, 10, 4
2021/2/13, 25, 6, 4
2021/2/14, 26, 10, 4
2021/2/15, 37, 22, 6
2021/2/16, 60, 23, 8
2021/2/17, 53, 21, 8
2021/2/18, 64, 18, 7
2021/2/19, 46, 23, 9
2021/2/20, 52, 12, 6
2021/2/21, 44, 28, 11
2021/2/22, 62, 19, 9
2021/2/23, 60, 23, 11
2021/2/24, 70, 27, 10
2021/2/25, 85, 19, 5
2021/2/26, 56, 7, 2
2021/2/27, 21, 4, 2
2021/2/28, 22, 8, 2
2021/3/1, 27, 14, 5
2021/3/2, 49, 24, 11
2021/3/3, 80, 12, 3
2021/3/4, 50, 16, 2
2021/3/5, 24, 7, 2
2021/3/6, 24, 1, 1
2021/3/7, 15, 17, 2
2021/3/8, 27, 24, 4
2021/3/9, 50, 21, 5
2021/3/10, 58, 15, 3
2021/3/11, 50, 7, 3
2021/3/12, 18, 3, 2
2021/3/13, 14, 1, 2
2021/3/14, 9, 17, 5
2021/3/15, 31, 22, 5
2021/3/16, 46, 17, 3
2021/3/17, 33, 18, 3
2021/3/18, 32, 19, 4
2021/3/19, 40, 5, 2
2021/3/20, 19, 4, 2
2021/3/21, 18, 20, 3
2021/3/22, 32, 10, 3
2021/3/23, 32, 11, 3
2021/3/24, 35, 20, 5
2021/3/25, 60, 24, 5
2021/3/26, 72, 7, 3
2021/3/27, 40, 9, 3
2021/3/28, 23, 10, 3
2021/3/29, 28, 18, 6
2021/3/30, 69, 25, 9
2021/3/31, 61, 19, 6
2020/10/1, 79, 9, 5
2020/10/2, 38, 5, 4
2020/10/3, 21, 7, 4
2020/10/4, 18, 13, 4
2020/10/5, 19, 11, 4
2020/10/6, 17, 15, 5
2020/10/7, 29, 12, 4
2020/10/8, 28, 14, 5
2020/10/9, 30, 9, 4
2020/10/10, 24, 12, 5
2020/10/11, 25, 22, 5
2020/10/12, 26, 14, 3
2020/10/13, 17, 10, 4
2020/10/14, 14, 12, 5
2020/10/15, 31, 15, 7
2020/10/16, 35, 10, 4
2020/10/17, 16, 3, 3
2020/10/18, 15, 7, 3
2020/10/19, 21, 14, 5
2020/10/20, 36, 11, 3
2020/10/21, 28, 12, 4
2020/10/22, 36, 14, 5
2020/10/23, 43, 9, 5
2020/10/24, 32, 8, 5
2020/10/25, 33, 11, 4
2020/10/26, 31, 11, 4
2020/10/27, 37, 14, 6
2020/10/28, 33, 7, 3
2020/10/29, 21, 10, 4
2020/10/30, 23, 12, 3
2020/10/31, 24, 8, 4
2020/11/1, 33, 8, 4
2020/11/2, 20, 15, 8
2020/11/3, 31, 17, 6
2020/11/4, 38, 8, 3
2020/11/5, 26, 6, 3
2020/11/6, 20, 8, 4
2020/11/7, 26, 10, 5
2020/11/8, 40, 11, 4
2020/11/9, 38, 12, 3
2020/11/10, 37, 9, 4
2020/11/11, 33, 13, 4
2020/11/12, 39, 13, 6
2020/11/13, 46, 8, 4
2020/11/14, 35, 10, 5
2020/11/15, 28, 10, 4
2020/11/16, 29, 12, 4
2020/11/17, 35, 9, 4
2020/11/18, 28, 6, 2
2020/11/19, 17, 11, 3
2020/11/20, 24, 6, 2
2020/11/21, 29, 3, 2
2020/11/22, 15, 6, 2
2020/11/23, 19, 9, 3
2020/11/24, 25, 16, 4
2020/11/25, 39, 11, 3
2020/11/26, 42, 9, 3
2020/11/27, 41, , 
2020/11/29, 18, 10, 4
2020/11/30, 35, 16, 5
2020/12/1, 47, 12, 3
2020/12/2, 39, 12, 4
2020/12/3, 40, 11, 4
2020/12/4, 32, 9, 3
2020/12/5, 25, 5, 3
2020/12/6, 22, 9, 2
2020/12/7, 29, 9, 3
2020/12/8, 32, 9, 3
2020/12/9, 37, 10, 4
2020/12/10, 32, 11, 5
2020/12/11, 43, 9, 4
2020/12/12, 21, 10, 5
2020/12/13, 28, 14, 6
2020/12/14, 44, 15, 5
2020/12/15, 42, 11, 4
2020/12/16, 36, 14, 6
2020/12/17, 48, 13, 6
2020/12/18, 40, 15, 7
2020/12/19, 47, 11, 5
2020/12/20, 41, 12, 5
2020/12/21, 35, 11, 4
2020/12/22, 28, 15, 4
2020/12/23, 25, 4, 2
2020/12/24, 13, 3, 1
2020/12/25, 8, 3, 2
2020/12/26, 12, 6, 2
2020/12/27, 22, 8, 3
2020/12/28, 17, 8, 3
2020/12/29, 14, 20, 7
2020/12/30, 41, 11, 4
2020/12/31, 37, 6, 3
2021/1/1, 31, 13, 7
2021/1/2, 53, 9, 5
2021/1/3, 42, 12, 5
2020/7/1, 19, 9, 4
2020/7/2, 16, 10, 4
2020/7/3, 16, 8, 4
2020/7/4, 19, 2, 3
2020/7/5, 14, 6, 4
2020/7/6, 15, 9, 3
2020/7/7, 20, 5, 2
2020/7/8, 17, 9, 3
2020/7/9, 18, 8, 4
2020/7/10, 21, 4, 3
2020/7/11, 13, 7, 3
2020/7/12, 16, 9, 3
2020/7/13, 16, 11, 4
2020/7/14, 21, 17, 4
2020/7/15, 28, 8, 3
2020/7/16, 15, 16, 5
2020/7/17, 18, 13, 4
2020/7/18, 23, 10, 4
2020/7/19, 18, 13, 4
2020/7/20, 24, 9, 2
2020/7/21, 17, 13, 3
2020/7/22, 21, 15, 3
2020/7/23, 25, 16, 3
2020/7/24, 27, 11, 3
2020/7/25, 17, 7, 2
2020/7/26, 16, 14, 4
2020/7/27, 20, 13, 4
2020/7/28, 25, 12, 3
2020/7/29, 20, 14, 2
2020/7/30, 28, 13, 2
2020/7/31, 31, 12, 4
2020/8/1, 18, 12, 3
2020/8/2, 23, 18, 4
2020/8/3, 28, 16, 4
2020/8/4, 17, 17, 4
2020/8/5, 22, 17, 4
2020/8/6, 31, 15, 4
2020/8/7, 31, 16, 4
2020/8/8, 30, 16, 4
2020/8/9, 23, 23, 5
2020/8/10, 31, 18, 4
2020/8/11, 37, 16, 3
2020/8/12, 30, 19, 3
2020/8/13, 34, 14, 2
2020/8/14, 33, 7, 2
2020/8/15, 21, 6, 2
2020/8/16, 14, 12, 3
2020/8/17, 23, 20, 4
2020/8/18, 23, 14, 3
2020/8/19, 33, 19, 4
2020/8/20, 35, 25, 5
2020/8/21, 38, 10, 4
2020/8/22, 25, 7, 3
2020/8/23, 15, 13, 3
2020/8/24, 18, 13, 3
2020/8/25, 18, 8, 3
2020/8/26, 22, 4, 2
2020/8/27, 14, 12, 3
2020/8/28, 17, 10, 4
2020/8/29, 17, 10, 4
2020/8/30, 12, 12, 4
2020/8/31, 17, 14, 4
2020/9/1, 12, 9, 4
2020/9/2, 12, 12, 4
2020/9/3, 21, 13, 4
2020/9/4, 23, 9, 4
2020/9/5, 17, 9, 4
2020/9/6, 18, 14, 4
2020/9/7, 27, 9, 3
2020/9/8, 23, 11, 3
2020/9/9, 30, 12, 3
2020/9/10, 29, 20, 4
2020/9/11, 37, 17, 5
2020/9/12, 32, 12, 4
2020/9/13, 24, 24, 6
2020/9/14, 40, 27, 6
2020/9/15, 41, 14, 4
2020/9/16, 55, 14, 3
2020/9/17, 34, 15, 3
2020/9/18, 57, 20, 5
2020/9/19, 39, 9, 3
2020/9/20, 22, 24, 5
2020/9/21, 42, 27, 5
2020/9/22, 61, 21, 5
2020/9/23, 55, 19, 6
2020/9/24, 47, 15, 5
2020/9/25, 27, 7, 4
2020/9/26, 15, 6, 3
2020/9/27, 12, 10, 3
2020/9/28, 15, 16, 5
2020/9/29, 31, 15, 4
2020/9/30, 34, 14, 5
2020/4/1, 27, 15, 4
2020/4/2, 40, 10, 3
2020/4/3, 36, 18, 5
2020/4/4, 44, 12, 5
2020/4/5, 40, 15, 3
2020/4/6, 39, 19, 4
2020/4/7, 51, 20, 4
2020/4/8, 39, 14, 4
2020/4/9, 50, 12, 3
2020/4/10, 28, 12, 4
2020/4/11, 37, 7, 3
2020/4/12, 23, 3, 2
2020/4/13, 26, 5, 2
2020/4/14, 19, 5, 2
2020/4/15, 34, 7, 2
2020/4/16, 42, 11, 2
2020/4/17, 27, 7, 2
2020/4/18, 19, 4, 2
2020/4/19, 17, 13, 3
2020/4/20, 27, 13, 3
2020/4/21, 29, 26, 5
2020/4/22, 47, 23, 5
2020/4/23, 46, 14, 4
2020/4/24, 44, 7, 3
2020/4/25, 39, 10, 3
2020/4/26, 22, 19, 5
2020/4/27, 38, 19, 4
2020/4/28, 40, 19, 5
2020/4/29, 40, 12, 4
2020/4/30, 22, 7, 4
2020/5/1, 21, 6, 4
2020/5/2, 17, 5, 3
2020/5/3, 14, 13, 5
2020/5/4, 25, 6, 3
2020/5/5, 14, 7, 3
2020/5/6, 17, 7, 3
2020/5/7, 18, 14, 4
2020/5/8, 29, 20, 5
2020/5/9, 30, 11, 4
2020/5/10, 20, 11, 4
2020/5/11, 27, 5, 2
2020/5/12, 9, 9, 3
2020/5/13, 24, 15, 4
2020/5/14, 23, 15, 4
2020/5/15, 24, 12, 4
2020/5/16, 28, 10, 4
2020/5/17, 23, 10, 3
2020/5/18, 18, 9, 4
2020/5/19, 24, 13, 3
2020/5/20, 17, 13, 3
2020/5/21, 16, 20, 4
2020/5/22, 25, 13, 4
2020/5/23, 26, 3, 3
2020/5/24, 16, 10, 4
2020/5/25, 13, 12, 4
2020/5/26, 24, 16, 4
2020/5/27, 25, 18, 5
2020/5/28, 32, 11, 3
2020/5/29, 21, 8, 3
2020/5/30, 19, 7, 4
2020/5/31, 18, 14, 3
2020/6/1, 23, 17, 4
2020/6/2, 21, 17, 4
2020/6/3, 25, 14, 4
2020/6/4, 30, 7, 4
2020/6/5, 18, 5, 3
2020/6/6, 13, 8, 4
2020/6/7, 13, 10, 4
2020/6/8, 17, 16, 4
2020/6/9, 29, 18, 6
2020/6/10, 27, 6, 5
2020/6/11, 21, 12, 5
2020/6/12, 21, 7, 5
2020/6/13, 27, 6, 4
2020/6/14, 13, 17, 4
2020/6/15, 26, 18, 4
2020/6/16, 28, 18, 5
2020/6/17, 27, 18, 6
2020/6/18, 25, 12, 5
2020/6/19, 23, 7, 5
2020/6/20, 24, 4, 5
2020/6/21, 18, , 
2020/6/23, 24, 15, 5
2020/6/24, 18, 9, 5
2020/6/25, 19, 12, 5
2020/6/26, 21, 11, 5
2020/6/27, 17, 3, 4
2020/6/28, 18, 8, 4
2020/6/29, 15, 7, 3
2020/6/30, 20, 9, 4
2020/1/1, 25, 17, 7
2020/1/2, 53, 10, 4
2020/1/3, 39, 3, 2
2020/1/4, 13, 9, 3
2020/1/5, 15, 7, 4
2020/1/7, 54, 8, 4
2020/1/8, 34, 11, 5
2020/1/9, 27, 8, 4
2020/1/10, 30, 7, 3
2020/1/11, 12, 4, 3
2020/1/12, 17, 8, 4
2020/1/13, 25, 13, 5
2020/1/14, 42, 11, 4
2020/1/15, 34, 15, 9
2020/1/16, 51, 18, 8
2020/1/17, 63, 10, 5
2020/1/18, 37, 14, 5
2020/1/19, 47, 8, 3
2020/1/20, 32, 6, 3
2020/1/21, 28, 8, 3
2020/1/22, 23, 7, 3
2020/1/23, 24, 11, 4
2020/1/24, 42, 7, 4
2020/1/25, 37, 10, 5
2020/1/26, 52, 16, 7
2020/1/27, 54, 15, 6
2020/1/28, 41, 5, 3
2020/1/29, 13, 5, 3
2020/1/30, 13, 6, 3
2020/1/31, 16, 5, 4
2020/2/1, 15, 2, 3
2020/2/2, 12, 5, 3
2020/2/3, 14, 12, 3
2020/2/4, 19, 13, 2
2020/2/5, 25, 8, 2
2020/2/6, 21, 23, 4
2020/2/7, 33, 20, 5
2020/2/8, 51, 6, 2
2020/2/9, 28, 3, 1
2020/2/10, 14, 3, 1
2020/2/11, 11, 2, 1
2020/2/12, 14, 10, 2
2020/2/13, 27, 14, 4
2020/2/14, 37, 12, 4
2020/2/15, 39, 4, 2
2020/2/16, 18, 7, 2
2020/2/17, 19, 5, 2
2020/2/18, 13, 5, 2
2020/2/19, 16, 12, 3
2020/2/20, 25, 9, 2
2020/2/21, 22, 5, 2
2020/2/22, 20, 6, 2
2020/2/23, 11, 7, 2
2020/2/24, 14, 5, 2
2020/2/25, 13, 12, 3
2020/2/26, 17, 10, 3
2020/2/27, 21, 13, 3
2020/2/28, 33, 11, 2
2020/2/29, 25, , 
2020/3/2, 30, 15, 5
2020/3/3, 30, 11, 3
2020/3/4, 26, 19, 6
2020/3/5, 56, 18, 5
2020/3/6, 40, 6, 3
2020/3/7, 18, 10, 4
2020/3/8, 25, 16, 4
2020/3/9, 43, 6, 3
2020/3/10, 22, 5, 2
2020/3/11, 13, 6, 3
2020/3/12, 18, 4, 2
2020/3/13, 14, 8, 2
2020/3/14, 13, 9, 2
2020/3/15, 24, 10, 3
2020/3/16, 35, 22, 7
2020/3/17, 61, 17, 6
2020/3/18, 58, 15, 4
2020/3/19, 46, 18, 5
2020/3/20, 41, 7, 2
2020/3/21, 20, 4, 2
2020/3/22, 15, 13, 2
2020/3/23, 29, 17, 3
2020/3/24, 35, 13, 2
2020/3/25, 37, 12, 3
2020/3/26, 45, 17, 3
2020/3/27, 54, 25, 5
2020/3/28, 56, 13, 5
2020/3/29, 52, 9, 2
2020/3/30, 16, 13, 3
2020/3/31, 28, 8, 2
2019/10/1, 15, 7, 3
2019/10/2, 15, 7, 3
2019/10/3, 18, 11, 4
2019/10/4, 22, 11, 4
2019/10/5, 23, 14, 5
2019/10/6, 21, 14, 5
2019/10/7, 39, 10, 4
2019/10/8, 31, 8, 4
2019/10/9, 19, 6, 3
2019/10/10, 12, 5, 3
2019/10/11, 16, 4, 3
2019/10/12, 14, 10, 5
2019/10/13, 22, 18, 7
2019/10/14, 36, 20, 6
2019/10/15, 49, 9, 4
2019/10/16, 27, 15, 5
2019/10/17, 24, 18, 6
2019/10/18, 40, 21, 7
2019/10/19, 42, 17, 7
2019/10/20, 41, 25, 8
2019/10/21, 47, 21, 9
2019/10/22, 62, 15, 6
2019/10/23, 49, 14, 7
2019/10/24, 52, 18, 8
2019/10/25, 57, 13, 7
2019/10/26, 47, 6, 3
2019/10/27, 23, 5, 3
2019/10/28, 17, 14, 4
2019/10/29, 35, 19, 7
2019/10/30, 44, 24, 14
2019/10/31, 79, 15, 7
2019/11/1, 58, 6, 3
2019/11/2, 30, 10, 5
2019/11/3, 25, 7, 4
2019/11/4, 16, 10, 4
2019/11/5, 20, 9, 4
2019/11/6, 25, 20, 8
2019/11/7, 47, 15, 6
2019/11/8, 41, 11, 5
2019/11/9, 27, 12, 5
2019/11/10, 29, 9, 4
2019/11/11, 39, 16, 6
2019/11/12, 32, 15, 7
2019/11/13, 36, 12, 4
2019/11/14, 23, 10, 5
2019/11/15, 37, 13, 5
2019/11/16, 33, 11, 6
2019/11/17, 35, 12, 5
2019/11/18, 36, 20, 6
2019/11/19, 36, 12, 5
2019/11/20, 41, 9, 3
2019/11/21, 26, 9, 3
2019/11/22, 26, 8, 3
2019/11/23, 31, 7, 4
2019/11/24, 27, 10, 4
2019/11/25, 31, 11, 5
2019/11/26, 34, 15, 6
2019/11/27, 43, 12, 4
2019/11/28, 31, 5, 2
2019/11/29, 13, 6, 2
2019/11/30, 14, 7, 3
2019/12/1, 27, 12, 4
2019/12/2, 39, 11, 3
2019/12/3, 26, 9, 4
2019/12/4, 28, 11, 3
2019/12/5, 35, 9, 4
2019/12/6, 38, 6, 3
2019/12/7, 19, 4, 3
2019/12/8, 11, 10, 5
2019/12/9, 23, 13, 4
2019/12/10, 25, 21, 7
2019/12/11, 53, 19, 7
2019/12/12, 51, 17, 6
2019/12/13, 36, 8, 4
2019/12/14, 20, 4, 3
2019/12/15, 11, 22, 8
2019/12/16, 44, 25, 10
2019/12/17, 60, 15, 5
2019/12/18, 30, 19, 8
2019/12/19, 50, 20, 6
2019/12/20, 48, 15, 6
2019/12/21, 40, 9, 4
2019/12/22, 18, 10, 4
2019/12/23, 24, 8, 4
2019/12/24, 16, 13, 6
2019/12/25, 36, 5, 3
2019/12/26, 15, 8, 3
2019/12/27, 13, 10, 3
2019/12/28, 15, 10, 4
2019/12/29, 22, , 
2019/7/1, 30, 7, 3
2019/7/2, 28, 7, 2
2019/7/3, 17, 11, 3
2019/7/4, 24, 8, 3
2019/7/5, 20, 9, 3
2019/7/6, 15, 3, 3
2019/7/7, 13, 5, 2
2019/7/8, 15, 5, 3
2019/7/9, 12, 8, 3
2019/7/10, 14, 9, 3
2019/7/11, 13, 15, 3
2019/7/12, 22, 18, 4
2019/7/13, 20, 10, 2
2019/7/14, 15, 20, 3
2019/7/15, 18, 6, 2
2019/7/16, 20, 12, 3
2019/7/17, 19, 19, 3
2019/7/18, 25, 15, 3
2019/7/19, 26, 12, 3
2019/7/20, 26, 5, 3
2019/7/21, 18, 10, 3
2019/7/22, 26, 9, 3
2019/7/23, 18, 15, 4
2019/7/24, 19, 18, 4
2019/7/25, 25, 14, 4
2019/7/26, 24, 12, 4
2019/7/27, 21, 12, 4
2019/7/28, 23, 15, 5
2019/7/29, 27, 11, 5
2019/7/30, 27, 14, 4
2019/7/31, 27, 13, 4
2019/8/1, 21, 15, 4
2019/8/2, 24, 16, 4
2019/8/3, 22, 7, 3
2019/8/4, 17, 17, 4
2019/8/5, 20, 12, 4
2019/8/6, 20, 12, 4
2019/8/7, 17, 5, 3
2019/8/8, 17, 18, 4
2019/8/9, 22, 8, 4
2019/8/10, 21, 10, 3
2019/8/11, 15, 14, 4
2019/8/12, 25, 12, 4
2019/8/13, 21, 16, 3
2019/8/14, 19, 14, 3
2019/8/15, 21, 13, 3
2019/8/16, 19, 11, 4
2019/8/17, 16, 10, 4
2019/8/18, 16, 11, 4
2019/8/19, 14, 16, 4
2019/8/20, 24, 13, 4
2019/8/21, 14, 17, 5
2019/8/22, 24, 15, 4
2019/8/23, 20, 13, 4
2019/8/24, 20, 8, 3
2019/8/25, 21, 15, 4
2019/8/26, 32, 16, 4
2019/8/27, 41, 13, 4
2019/8/28, 37, 19, 5
2019/8/29, 34, 24, 5
2019/8/30, 34, 12, 4
2019/8/31, 29, 9, 4
2019/9/1, 26, 9, 3
2019/9/2, 17, 8, 3
2019/9/3, 16, 18, 4
2019/9/4, 24, 13, 3
2019/9/5, 26, 15, 3
2019/9/6, 21, 10, 3
2019/9/7, 22, 7, 3
2019/9/8, 20, 14, 4
2019/9/9, 22, 9, 3
2019/9/10, 13, 24, 7
2019/9/11, 30, 17, 5
2019/9/12, 28, 9, 4
2019/9/13, 24, 11, 4
2019/9/14, 18, 7, 3
2019/9/15, 20, 7, 3
2019/9/16, 25, 6, 3
2019/9/17, 20, 5, 2
2019/9/18, 10, 10, 3
2019/9/19, 14, 11, 3
2019/9/20, 17, 12, 5
2019/9/21, 24, 18, 7
2019/9/22, 32, 17, 5
2019/9/23, 34, 12, 4
2019/9/24, 39, 17, 6
2019/9/25, 55, 14, 6
2019/9/26, 39, 13, 5
2019/9/27, 35, 5, 3
2019/9/28, 13, 4, 3
2019/9/29, 11, 4, 3
2019/9/30, 10, 4, 3
2019/4/1, 36, 11, 3
2019/4/2, 46, 14, 4
2019/4/3, 51, 17, 5
2019/4/4, 55, 22, 5
2019/4/5, 57, 16, 5
2019/4/6, 51, 20, 6
2019/4/7, 47, 31, 7
2019/4/8, 57, 19, 5
2019/4/9, 41, 20, 4
2019/4/10, 33, 21, 4
2019/4/11, 34, 24, 5
2019/4/12, 39, 20, 5
2019/4/13, 35, 14, 3
2019/4/14, 26, 24, 4
2019/4/15, 32, 24, 4
2019/4/16, 40, 29, 5
2019/4/17, 41, 40, 6
2019/4/18, 51, 31, 5
2019/4/19, 60, 16, 3
2019/4/20, 33, , 
2019/5/1, 26, 4, 3
2019/5/2, 25, 3, 2
2019/5/3, 15, 7, 3
2019/5/4, 20, 10, 3
2019/5/5, 12, 16, 3
2019/5/6, 21, 13, 3
2019/5/7, 20, 18, 5
2019/5/8, 38, 18, 5
2019/5/9, 29, 15, 5
2019/5/10, 26, 10, 4
2019/5/11, 17, 8, 4
2019/5/12, 19, 12, 3
2019/5/13, 12, 17, 4
2019/5/14, 17, 16, 6
2019/5/15, 19, 12, 5
2019/5/16, 24, 16, 6
2019/5/17, 33, 17, 6
2019/5/18, 22, 7, 4
2019/5/19, 19, 16, 6
2019/5/20, 26, 18, 6
2019/5/21, 24, 19, 5
2019/5/22, 24, 9, 4
2019/5/23, 26, 14, 4
2019/5/24, 24, 12, 4
2019/5/25, 26, 8, 4
2019/5/26, 17, 11, 4
2019/5/27, 21, 8, 4
2019/5/28, 18, 14, 4
2019/5/29, 16, 17, 4
2019/5/30, 22, 15, 5
2019/5/31, 32, 14, 5
2019/6/1, 22, 14, 5
2019/6/2, 21, 15, 5
2019/6/3, 23, 16, 5
2019/6/4, 26, 12, 4
2019/6/5, 27, 12, 4
2019/6/6, 26, 14, 5
2019/6/7, 32, 13, 5
2019/6/8, 34, 9, 3
2019/6/9, 17, 11, 4
2019/6/10, 29, 13, 5
2019/6/11, 35, 16, 5
2019/6/12, 38, 16, 6
2019/6/13, 39, 19, 6
2019/6/14, 31, 13, 5
2019/6/15, 32, 5, 4
2019/6/16, 19, 15, 4
2019/6/17, 18, 14, 4
2019/6/18, 20, 14, 5
2019/6/19, 29, 7, 4
2019/6/20, 23, 15, 4
2019/6/21, 20, 10, 4
2019/6/22, 18, 9, 3
2019/6/23, 14, 15, 4
2019/6/24, 24, 15, 4
2019/6/25, 29, 9, 4
2019/6/26, 31, 9, 4
2019/6/27, 29, 12, 3
2019/6/28, 22, 15, 3
2019/6/29, 20, 7, 3
2019/6/30, 20, 11, 4
2019/1/1, 17, 5, 3
2019/1/2, 7, 9, 3
2019/1/3, 10, 10, 4
2019/1/4, 18, 9, 3
2019/1/5, 10, 11, 4
2019/1/6, 18, 20, 10
2019/1/7, 66, 13, 5
2019/1/8, 31, 16, 7
2019/1/9, 32, 21, 7
2019/1/10, 54, 8, 3
2019/1/11, 36, 6, 2
2019/1/12, 18, 3, 2
2019/1/13, 8, 5, 2
2019/1/14, 7, 5, 2
2019/1/15, 12, 7, 3
2019/1/16, 14, 8, 3
2019/1/17, 19, 7, 2
2019/1/18, 12, 12, 5
2019/1/19, 34, 18, 6
2019/1/20, 58, 8, 3
2019/1/21, 41, 19, 6
2019/1/22, 66, 15, 4
2019/1/23, 45, 15, 4
2019/1/24, 37, 12, 3
2019/1/25, 34, 16, 6
2019/1/26, 60, 16, 7
2019/1/27, 59, 22, 7
2019/1/28, 55, 13, 4
2019/1/29, 29, 23, 7
2019/1/30, 49, 22, 8
2019/1/31, 59, 18, 7
2019/2/1, 53, 14, 5
2019/2/2, 25, 12, 6
2019/2/3, 39, 11, 4
2019/2/4, 12, 12, 4
2019/2/5, 35, 15, 4
2019/2/6, 36, 23, 6
2019/2/7, 49, 15, 5
2019/2/8, 38, 10, 4
2019/2/9, 33, 6, 4
2019/2/10, 26, 5, 3
2019/2/11, 16, 7, 3
2019/2/12, 12, 6, 3
2019/2/13, 23, 8, 4
2019/2/14, 22, 10, 5
2019/2/15, 48, 15, 7
2019/2/16, 44, 19, 9
2019/2/17, 58, 26, 10
2019/2/18, 87, 14, 6
2019/2/19, 54, 6, 3
2019/2/20, 18, 6, 4
2019/2/21, 29, 15, 4
2019/2/22, 31, 11, 3
2019/2/23, 33, 7, 4
2019/2/24, 36, 13, 4
2019/2/25, 47, 11, 3
2019/2/26, 37, 9, 3
2019/2/27, 27, 10, 3
2019/2/28, 42, 15, 4
2019/3/1, 50, 13, 4
2019/3/2, 31, 5, 4
2019/3/3, 35, 4, 3
2019/3/4, 18, 4, 3
2019/3/5, 13, 13, 4
2019/3/6, 27, 13, 4
2019/3/7, 33, 5, 3
2019/3/8, 19, 4, 3
2019/3/9, 13, 6, 3
2019/3/10, 12, 7, 3
2019/3/11, 12, 11, 3
2019/3/12, 21, 13, 4
2019/3/13, 30, 9, 4
2019/3/14, 20, 6, 3
2019/3/15, 12, 4, 3
2019/3/16, 14, 6, 4
2019/3/17, 16, 5, 3
2019/3/18, 12, 7, 3
2019/3/19, 23, 13, 5
2019/3/20, 41, 9, 4
2019/3/21, 34, 14, 5
2019/3/22, 40, 14, 8
2019/3/23, 49, 10, 3
2019/3/24, 23, 16, 5
2019/3/25, 35, 7, 3
2019/3/26, 19, 8, 3
2019/3/27, 17, 19, 5
2019/3/28, 32, 13, 7
2019/3/29, 41, 12, 6
2019/3/30, 34, 14, 6
2019/3/31, 45, 20, 4
2018/10/1, 45, 8, 3
2018/10/2, 25, 6, 2
2018/10/3, 11, 9, 3
2018/10/4, 22, 21, 5
2018/10/5, 40, 19, 5
2018/10/6, 45, 13, 4
2018/10/7, 37, 20, 5
2018/10/8, 30, 24, 8
2018/10/9, 57, 29, 8
2018/10/10, 61, 21, 5
2018/10/11, 51, 28, 7
2018/10/12, 59, 27, 7
2018/10/13, 55, 13, 5
2018/10/14, 49, 27, 6
2018/10/15, 51, 33, 8
2018/10/16, 65, 35, 8
2018/10/17, 79, 32, 8
2018/10/18, 66, 20, 6
2018/10/19, 67, 12, 4
2018/10/20, 44, 15, 4
2018/10/21, 24, 13, 5
2018/10/22, 35, 6, 2
2018/10/23, 18, 6, 2
2018/10/24, 11, 6, 2
2018/10/25, 14, 11, 3
2018/10/26, 23, 7, 3
2018/10/27, 29, 12, 4
2018/10/28, 20, 12, 5
2018/10/29, 18, 13, 4
2018/10/30, 35, 25, 7
2018/10/31, 40, 12, 4
2018/11/1, 43, 25, 9
2018/11/2, 68, 19, 6
2018/11/3, 39, 6, 3
2018/11/4, 26, 12, 5
2018/11/5, 52, 20, 6
2018/11/6, 52, 16, 5
2018/11/7, 55, 21, 9
2018/11/8, 74, 18, 9
2018/11/9, 72, 18, 9
2018/11/10, 64, 10, 7
2018/11/11, 55, 16, 7
2018/11/12, 56, 14, 6
2018/11/13, 51, 8, 2
2018/11/14, 23, 23, 6
2018/11/15, 46, 12, 4
2018/11/16, 29, 20, 5
2018/11/17, 44, 15, 6
2018/11/18, 59, 15, 4
2018/11/19, 27, 12, 2
2018/11/20, 30, 14, 3
2018/11/21, 33, 17, 3
2018/11/22, 34, 15, 5
2018/11/23, 56, 11, 7
2018/11/24, 52, 14, 9
2018/11/25, 66, 17, 6
2018/11/26, 47, 22, 5
2018/11/27, 46, 24, 5
2018/11/28, 49, 13, 3
2018/11/29, 42, 14, 4
2018/11/30, 42, 14, 5
2018/12/1, 60, 10, 4
2018/12/2, 43, 9, 5
2018/12/3, 29, 11, 5
2018/12/4, 25, 13, 5
2018/12/5, 27, 22, 8
2018/12/6, 57, 9, 4
2018/12/7, 21, 4, 3
2018/12/8, 17, 2, 3
2018/12/9, 11, 4, 3
2018/12/10, 11, 12, 5
2018/12/11, 23, 20, 7
2018/12/12, 49, 18, 6
2018/12/13, 28, 18, 6
2018/12/14, 42, 13, 6
2018/12/15, 28, 11, 5
2018/12/16, 28, 18, 9
2018/12/17, 61, 19, 9
2018/12/18, 71, 18, 6
2018/12/19, 53, 19, 7
2018/12/20, 54, 13, 6
2018/12/21, 38, 4, 4
2018/12/22, 11, 3, 4
2018/12/23, 14, 5, 3
2018/12/24, 11, 2, 3
2018/12/25, 11, 2, 3
2018/12/26, 11, 3, 4
2018/12/27, 13, 6, 4
2018/12/28, 11, 5, 4
2018/12/29, 13, 4, 4
2018/12/30, 13, , 
2018/7/1, 13, 8, 3
2018/7/2, 16, 9, 3
2018/7/3, 19, 23, 4
2018/7/4, 29, 26, 5
2018/7/5, 39, 18, 4
2018/7/6, 31, 6, 2
2018/7/7, 23, 9, 3
2018/7/8, 25, 17, 3
2018/7/9, 23, 18, 4
2018/7/10, 30, 19, 5
2018/7/11, 30, 6, 3
2018/7/12, 20, 7, 3
2018/7/13, 21, 5, 3
2018/7/14, 16, 7, 3
2018/7/15, 19, 13, 4
2018/7/16, 19, 14, 5
2018/7/17, 14, 13, 5
2018/7/18, 24, 8, 4
2018/7/19, 21, 8, 3
2018/7/20, 23, 20, 5
2018/7/21, 29, 24, 5
2018/7/22, 34, 23, 4
2018/7/23, 37, 24, 4
2018/7/24, 43, 21, 5
2018/7/25, 34, 22, 6
2018/7/26, 31, 25, 7
2018/7/27, 32, 19, 5
2018/7/28, 28, 21, 6
2018/7/29, 29, 23, 6
2018/7/30, 31, 18, 5
2018/7/31, 35, 19, 4
2018/8/1, 28, 29, 6
2018/8/2, 39, 26, 6
2018/8/3, 30, 24, 6
2018/8/4, 33, 10, 3
2018/8/5, 18, 13, 4
2018/8/6, 17, 20, 4
2018/8/7, 27, 15, 4
2018/8/8, 31, 22, 7
2018/8/9, 34, 11, 5
2018/8/10, 26, 9, 5
2018/8/11, 11, 12, 5
2018/8/12, 16, 23, 6
2018/8/13, 28, 15, 6
2018/8/14, 23, 9, 5
2018/8/15, 15, 19, 6
2018/8/16, 18, 17, 6
2018/8/17, 23, 21, 7
2018/8/18, 30, 20, 8
2018/8/19, 27, 20, 6
2018/8/20, 41, 16, 5
2018/8/21, 29, 19, 5
2018/8/22, 30, 16, 5
2018/8/23, 36, 19, 6
2018/8/24, 39, 9, 5
2018/8/25, 16, 9, 5
2018/8/26, 18, 18, 6
2018/8/27, 27, 16, 6
2018/8/28, 44, 19, 7
2018/8/29, 36, 16, 5
2018/8/30, 32, 16, 6
2018/8/31, 28, 23, 6
2018/9/1, 25, , 
2018/9/3, 35, 26, 7
2018/9/4, 40, 22, 6
2018/9/5, 38, 26, 6
2018/9/6, 42, 31, 9
2018/9/7, 56, 21, 6
2018/9/8, 41, 19, 4
2018/9/9, 26, 32, 6
2018/9/10, 38, 26, 5
2018/9/11, 45, 33, 8
2018/9/12, 47, 18, 4
2018/9/13, 33, 19, 5
2018/9/14, 23, 9, 3
2018/9/15, 25, 14, 3
2018/9/16, 20, 26, 5
2018/9/17, 35, 31, 6
2018/9/18, 48, 29, 6
2018/9/19, 44, 29, 7
2018/9/20, 51, 21, 5
2018/9/21, 56, 6, 2
2018/9/22, 26, 10, 2
2018/9/23, 17, 6, 2
2018/9/24, 10, 12, 2
2018/9/25, 14, 12, 3
2018/9/26, 25, 11, 4
2018/9/27, 24, 13, 4
2018/9/28, 30, 18, 6
2018/9/29, 27, 18, 5
2018/9/30, 31, 24, 6
2018/4/3, 44, 28, 7
2018/4/4, 62, 12, 3
2018/4/5, 33, 8, 2
2018/4/6, 18, , 
2018/4/9, 49, 28, 6
2018/4/10, 58, 21, 6
2018/4/11, 44, 19, 6
2018/4/12, 53, 19, 6
2018/4/13, 53, 14, 5
2018/4/14, 32, 16, 4
2018/4/15, 36, 21, 6
2018/4/16, 49, 9, 4
2018/4/17, 28, 17, 4
2018/4/18, 32, 22, 5
2018/4/19, 51, 18, 4
2018/4/20, 36, 13, 3
2018/4/21, 37, 13, 4
2018/4/22, 23, 18, 5
2018/4/23, 41, 9, 3
2018/4/24, 25, 7, 3
2018/4/25, 28, 7, 3
2018/4/26, 19, 10, 3
2018/4/27, 18, 17, 4
2018/4/28, 31, 12, 4
2018/4/29, 38, 9, 4
2018/4/30, 46, 8, 3
2018/5/1, 24, 14, 4
2018/5/2, 27, 9, 4
2018/5/3, 38, 14, 4
2018/5/4, 31, 15, 3
2018/5/5, 19, 14, 3
2018/5/6, 18, 27, 4
2018/5/7, 33, 26, 4
2018/5/8, 36, 20, 4
2018/5/9, 42, 15, 4
2018/5/10, 45, 20, 6
2018/5/11, 42, 14, 4
2018/5/12, 35, 11, 3
2018/5/13, 23, 17, 4
2018/5/14, 34, 17, 4
2018/5/15, 30, 11, 4
2018/5/16, 24, 12, 4
2018/5/17, 19, 10, 4
2018/5/18, 28, 12, 3
2018/5/19, 22, 14, 3
2018/5/20, 19, 17, 3
2018/5/21, 21, 16, 4
2018/5/22, 29, 25, 5
2018/5/23, 35, 22, 4
2018/5/24, 29, 24, 6
2018/5/25, 34, 14, 5
2018/5/26, 28, 8, 
2018/5/27, 24, 14, 4
2018/5/28, 33, 16, 4
2018/5/29, 34, 22, 5
2018/5/30, 37, 17, 6
2018/5/31, 39, 18, 5
2018/6/1, 39, 7, 4
2018/6/2, 25, 3, 4
2018/6/3, 30, 10, 4
2018/6/4, 28, 17, 4
2018/6/5, 34, 15, 2
2018/6/6, 21, 15, 3
2018/6/7, 25, 23, 4
2018/6/8, 33, 21, 4
2018/6/9, 32, 15, 4
2018/6/10, 29, 9, 4
2018/6/11, 26, 16, 4
2018/6/12, 29, 15, 4
2018/6/13, 24, 18, 4
2018/6/14, 29, 22, 5
2018/6/15, 49, 20, 5
2018/6/16, 30, 12, 4
2018/6/17, 23, 23, 5
2018/6/18, 41, 12, 3
2018/6/19, 28, 15, 4
2018/6/20, 26, 13, 4
2018/6/21, 40, 4, 2
2018/6/22, 15, 4, 2
2018/6/23, 17, 4, 3
2018/6/24, 13, 5, 3
2018/6/25, 19, 12, 4
2018/6/26, 18, 18, 5
2018/6/27, 28, 19, 5
2018/6/28, 29, 21, 5
2018/6/29, 37, 9, 3
2018/6/30, 18, 6, 2
2018/1/1, 18, 13, 5
2018/1/2, 36, 14, 4
2018/1/3, 19, 6, 3
2018/1/4, 10, 7, 3
2018/1/5, 17, 15, 9
2018/1/6, 42, 17, 8
2018/1/7, 36, 27, 6
2018/1/8, 44, 18, 4
2018/1/9, 39, 16, 6
2018/1/10, 36, 15, 6
2018/1/11, 36, 14, 4
2018/1/12, 24, 10, 3
2018/1/13, 20, 9, 3
2018/1/14, 20, 18, 4
2018/1/15, 38, 17, 5
2018/1/16, 41, 9, 3
2018/1/17, 19, 11, 3
2018/1/18, 18, 7, 3
2018/1/19, 15, 15, 6
2018/1/20, 40, 22, 9
2018/1/21, 62, 22, 6
2018/1/22, 37, 22, 6
2018/1/23, 45, 17, 6
2018/1/24, 47, 17, 4
2018/1/25, 34, 26, 8
2018/1/26, 58, 15, 7
2018/1/27, 53, 6, 3
2018/1/28, 20, 4, 2
2018/1/29, 7, 4, 1
2018/1/30, 8, 13, 3
2018/1/31, 29, 16, 3
2018/2/1, 26, 18, 5
2018/2/2, 41, 19, 6
2018/2/3, 55, 17, 4
2018/2/4, 41, 15, 2
2018/2/5, 31, 16, 4
2018/2/6, 43, 25, 7
2018/2/7, 64, 22, 6
2018/2/8, 71, 24, 6
2018/2/9, 71, 19, 6
2018/2/10, 71, 16, 6
2018/2/11, 69, 18, 7
2018/2/12, 61, 28, 11
2018/2/13, 77, 29, 8
2018/2/14, 61, 24, 4
2018/2/15, 44, 16, 5
2018/2/16, 51, 12, 3
2018/2/17, 41, 14, 3
2018/2/18, 34, 21, 5
2018/2/19, 49, 27, 5
2018/2/20, 49, 26, 6
2018/2/21, 51, 26, 5
2018/2/22, 51, 29, 6
2018/2/23, 57, 17, 4
2018/2/24, 45, 15, 3
2018/2/25, 42, 23, 5
2018/2/26, 48, 25, 5
2018/2/27, 53, 22, 5
2018/2/28, 52, 24, 5
2018/3/1, 60, 25, 5
2018/3/2, 65, 27, 6
2018/3/3, 68, 27, 8
2018/3/4, 80, 32, 8
2018/3/5, 95, 31, 8
2018/3/6, 77, 19, 7
2018/3/7, 61, 16, 6
2018/3/8, 43, 15, 4
2018/3/9, 32, 27, 7
2018/3/10, 53, 21, 6
2018/3/11, 47, 14, 5
2018/3/12, 33, 7, 3
2018/3/13, 18, 12, 4
2018/3/14, 26, 22, 6
2018/3/15, 41, 19, 4
2018/3/16, 29, 12, 3
2018/3/17, 29, 8, 2
2018/3/18, 24, 24, 4
2018/3/19, 40, 28, 5
2018/3/20, 46, 16, 3
2018/3/21, 31, 10, 3
2018/3/22, 35, 19, 6
2018/3/23, 51, 26, 6
2018/3/24, 60, 13, 4
2018/3/25, 42, 18, 5
2018/3/26, 48, 24, 5
2018/3/27, 43, 20, 4
2018/3/28, 37, 17, 5
2018/3/29, 33, 20, 5
2018/3/30, 39, 16, 5
2018/3/31, 54, , 
2017/10/1, 40, 13, 5
2017/10/2, 45, 9, 4
2017/10/3, 22, 5, 3
2017/10/4, 19, 10, 4
2017/10/5, 13, 7, 4
2017/10/6, 11, 5, 3
2017/10/7, 16, 5, 4
2017/10/8, 8, 4, 3
2017/10/9, 12, 6, 3
2017/10/10, 15, 7, 4
2017/10/11, 16, 6, 4
2017/10/12, 15, 8, 3
2017/10/13, 19, 8, 5
2017/10/14, 28, 8, 7
2017/10/15, 25, 18, 9
2017/10/16, 43, 21, 9
2017/10/17, 53, 29, 10
2017/10/18, 58, 25, 10
2017/10/19, 72, 15, 6
2017/10/20, 50, 13, 6
2017/10/21, 47, 11, 7
2017/10/22, 44, 17, 6
2017/10/23, 37, 15, 5
2017/10/24, 34, 14, 5
2017/10/25, 24, 6, 3
2017/10/26, 13, 11, 4
2017/10/27, 14, 3, 3
2017/10/28, 9, 3, 2
2017/10/29, 6, 7, 2
2017/10/30, 7, 9, 3
2017/10/31, 16, 4, 3
2017/11/1, 22, 8, 4
2017/11/2, 15, 8, 3
2017/11/3, 14, 14, 5
2017/11/4, 27, 14, 5
2017/11/5, 30, 16, 6
2017/11/6, 38, 16, 6
2017/11/7, 41, 13, 4
2017/11/8, 35, 11, 5
2017/11/9, 46, 9, 5
2017/11/10, 37, 3, 3
2017/11/11, 8, 8, 4
2017/11/12, 16, 14, 5
2017/11/13, 26, 10, 4
2017/11/14, 20, 10, 4
2017/11/15, 31, 17, 7
2017/11/16, 54, 16, 6
2017/11/17, 45, 7, 4
2017/11/18, 26, 3, 2
2017/11/19, 12, 6, 3
2017/11/20, 11, 14, 6
2017/11/21, 34, 16, 8
2017/11/22, 43, 22, 9
2017/11/23, 50, 20, 8
2017/11/24, 47, 15, 6
2017/11/25, 36, 7, 4
2017/11/26, 16, 15, 5
2017/11/27, 37, 19, 6
2017/11/28, 39, 18, 6
2017/11/29, 38, 22, 8
2017/11/30, 42, 9, 4
2017/12/1, 27, 15, 6
2017/12/2, 40, 14, 7
2017/12/3, 53, 9, 4
2017/12/4, 22, 7, 3
2017/12/5, 12, 5, 3
2017/12/6, 12, 8, 3
2017/12/7, 18, 11, 3
2017/12/8, 17, 7, 3
2017/12/9, 15, 9, 3
2017/12/10, 17, 15, 5
2017/12/11, 19, 8, 3
2017/12/12, 12, 17, 5
2017/12/13, 31, 11, 3
2017/12/14, 20, 21, 6
2017/12/15, 31, 10, 3
2017/12/16, 26, 11, 5
2017/12/17, 37, 19, 6
2017/12/18, 52, 12, 3
2017/12/19, 29, 15, 4
2017/12/20, 51, 13, 4
2017/12/21, 27, 9, 3
2017/12/22, 10, 4, 3
2017/12/23, 11, 3, 3
2017/12/24, 7, 2, 3
2017/12/25, 6, 7, 4
2017/12/26, 17, 17, 6
2017/12/27, 45, 17, 5
2017/12/28, 27, 9, 3
2017/12/29, 18, 18, 6
2017/12/30, 43, 6, 3
2017/12/31, 18, 6, 3
2017/7/1, 13, 3, 3
2017/7/2, 9, 6, 3
2017/7/3, 11, 11, 3
2017/7/4, 14, 12, 4
2017/7/5, 16, 17, 5
2017/7/6, 19, 29, 7
2017/7/7, 29, 11, 4
2017/7/8, 18, 11, 5
2017/7/9, 16, 17, 5
2017/7/10, 22, 9, 4
2017/7/11, 16, 10, 4
2017/7/12, 21, 8, 3
2017/7/13, 13, 13, 4
2017/7/14, 18, 18, 4
2017/7/15, 21, 14, 5
2017/7/16, 20, 12, 5
2017/7/17, 16, 17, 5
2017/7/18, 19, 18, 4
2017/7/19, 28, 21, 6
2017/7/20, 26, 19, 7
2017/7/21, 28, 14, 5
2017/7/22, 22, 5, 4
2017/7/23, 17, 16, 5
2017/7/24, 22, 13, 5
2017/7/25, 17, 8, 4
2017/7/26, 11, 6, 3
2017/7/27, 11, 9, 4
2017/7/28, 13, 11, 4
2017/7/29, 16, 13, 5
2017/7/30, 19, 18, 6
2017/7/31, 24, 16, 5
2017/8/1, 33, 18, 5
2017/8/2, 26, 17, 6
2017/8/3, 25, 8, 4
2017/8/4, 20, 13, 5
2017/8/5, 21, 7, 3
2017/8/6, 16, 18, 3
2017/8/7, 18, 13, 3
2017/8/8, 27, 17, 5
2017/8/9, 24, 13, 6
2017/8/10, 44, 16, 6
2017/8/11, 30, 6, 4
2017/8/12, 10, 6, 3
2017/8/13, 12, 15, 4
2017/8/14, 16, 6, 3
2017/8/15, 13, 13, 4
2017/8/16, 20, 17, 5
2017/8/17, 17, 18, 5
2017/8/18, 26, 10, 4
2017/8/19, 19, 9, 4
2017/8/20, 14, 9, 3
2017/8/21, 13, 6, 3
2017/8/22, 11, 10, 4
2017/8/23, 12, 18, 6
2017/8/24, 21, 18, 6
2017/8/25, 30, 21, 8
2017/8/26, 38, 9, 5
2017/8/27, 26, 14, 4
2017/8/28, 19, 25, 6
2017/8/29, 32, 27, 5
2017/8/30, 31, 31, 7
2017/8/31, 40, 19, 6
2017/9/1, 21, 8, 4
2017/9/2, 5, 9, 4
2017/9/3, 9, 7, 3
2017/9/4, 8, 6, 4
2017/9/5, 6, , 
2017/9/10, 18, 14, 6
2017/9/11, 20, 8, 5
2017/9/12, 11, 5, 4
2017/9/13, 13, 5, 4
2017/9/14, 13, 8, 4
2017/9/15, 12, 17, 6
2017/9/16, 26, 13, 5
2017/9/17, 16, 8, 4
2017/9/18, 18, 23, 7
2017/9/19, 37, 27, 7
2017/9/20, 33, 21, 5
2017/9/21, 28, 13, 5
2017/9/22, 14, 13, 6
2017/9/23, 25, 11, 5
2017/9/24, 27, 12, 5
2017/9/25, 19, 15, 5
2017/9/26, 44, 13, 4
2017/9/27, 36, 13, 4
2017/9/28, 32, 18, 5
2017/9/29, 40, 13, 5
2017/9/30, 34, 16, 5
2017/4/1, 38, 15, 5
2017/4/2, 39, 13, 4
2017/4/3, 32, 29, 7
2017/4/4, 54, 22, 5
2017/4/5, 48, 11, 3
2017/4/6, 15, 11, 3
2017/4/7, 11, 8, 3
2017/4/8, 18, 13, 6
2017/4/9, 39, 16, 6
2017/4/10, 43, 6, 3
2017/4/11, 23, 9, 3
2017/4/12, 20, 6, 3
2017/4/13, 12, 4, 3
2017/4/14, 12, 4, 4
2017/4/15, 21, 9, 4
2017/4/16, 14, 9, 3
2017/4/17, 27, 18, 4
2017/4/18, 22, 17, 4
2017/4/19, 24, 24, 5
2017/4/20, 31, 15, 5
2017/4/21, 42, 4, 3
2017/4/22, 16, 7, 3
2017/4/23, 14, 5, 3
2017/4/24, 18, 12, 4
2017/4/25, 32, 21, 5
2017/4/26, 20, 29, 6
2017/4/27, 28, 27, 7
2017/4/28, 26, 7, 3
2017/4/29, 14, 16, 4
2017/4/30, 21, 6, 3
2017/5/1, 15, 11, 4
2017/5/2, 17, 4, 3
2017/5/3, 15, 19, 7
2017/5/4, 36, 21, 7
2017/5/5, 42, 11, 6
2017/5/6, 37, 4, 5
2017/5/7, 27, 12, 4
2017/5/8, 16, 12, 3
2017/5/9, 15, 12, 4
2017/5/10, 29, 26, 7
2017/5/11, 47, 16, 5
2017/5/12, 33, 20, 6
2017/5/13, 66, 20, 6
2017/5/14, 37, 24, 6
2017/5/15, 38, 25, 6
2017/5/16, 32, 23, 5
2017/5/17, 34, 20, 5
2017/5/18, 33, 16, 4
2017/5/19, 34, 11, 4
2017/5/20, 37, 4, 4
2017/5/21, 20, 19, 5
2017/5/22, 27, 27, 6
2017/5/23, 43, 16, 5
2017/5/24, 26, 10, 4
2017/5/25, 19, 13, 4
2017/5/26, 20, 18, 5
2017/5/27, 17, 15, 5
2017/5/28, 27, 6, 4
2017/5/29, 19, 16, 5
2017/5/30, 27, 7, 4
2017/5/31, 19, 9, 3
2017/6/1, 20, 15, 4
2017/6/2, 21, 13, 4
2017/6/3, 21, 7, 4
2017/6/4, 20, 9, 3
2017/6/5, 16, 16, 5
2017/6/6, 21, 6, 3
2017/6/7, 11, 13, 4
2017/6/8, 18, 20, 5
2017/6/9, 26, 12, 4
2017/6/10, 19, 10, 4
2017/6/11, 14, 15, 5
2017/6/12, 22, 5, 3
2017/6/13, 17, 9, 3
2017/6/14, 14, 12, 4
2017/6/15, 18, 13, 4
2017/6/16, 17, 5, 3
2017/6/17, 11, 8, 4
2017/6/18, 12, 15, 5
2017/6/19, 20, 14, 5
2017/6/20, 26, 12, 3
2017/6/21, 23, 23, 6
2017/6/22, 30, 13, 4
2017/6/23, 21, 8, 4
2017/6/24, 21, 9, 4
2017/6/25, 18, 7, 4
2017/6/26, 10, 19, 5
2017/6/27, 21, 17, 5
2017/6/28, 17, 10, 4
2017/6/29, 20, 5, 3
2017/6/30, 11, 6, 3
2017/1/2, 33, 6, 3
2017/1/3, 15, 4, 3
2017/1/4, 8, 17, 4
2017/1/5, 15, 9, 4
2017/1/6, 20, , 9
2017/1/7, 73, , 13
2017/1/8, 86, , 21
2017/1/9, 153, 31, 13
2017/1/10, 100, 27, 9
2017/1/11, 70, 8, 4
2017/1/12, 21, 14, 5
2017/1/13, 29, 11, 4
2017/1/14, 21, 6, 4
2017/1/15, 23, 17, 5
2017/1/16, 39, 29, 9
2017/1/17, 63, 29, 9
2017/1/18, 70, 11, 4
2017/1/19, 51, 14, 5
2017/1/20, 53, 11, 4
2017/1/21, 32, 15, 5
2017/1/22, 37, 28, 7
2017/1/23, 58, 16, 7
2017/1/24, 70, 18, 6
2017/1/25, 55, 31, 9
2017/1/26, 64, 42, 14
2017/1/27, 94, 39, 13
2017/1/28, 101, 35, 12
2017/1/29, 99, 44, 13
2017/1/30, 103, 42, 11
2017/1/31, 89, 39, 12
2017/2/1, 95, 37, 13
2017/2/2, 93, 30, 7
2017/2/3, 47, 17, 6
2017/2/4, 40, 15, 6
2017/2/5, 44, 27, 7
2017/2/6, 44, 23, 5
2017/2/7, 36, 18, 4
2017/2/8, 23, 20, 5
2017/2/9, 40, 23, 5
2017/2/10, 57, 15, 4
2017/2/11, 43, 11, 4
2017/2/12, 33, 15, 4
2017/2/13, 41, 18, 6
2017/2/14, 66, 54, 20
2017/2/15, 139, 45, 15
2017/2/16, 105, 28, 9
2017/2/17, 72, 13, 5
2017/2/18, 31, 10, 4
2017/2/19, 25, 9, 4
2017/2/20, 26, 7, 3
2017/2/21, 9, 8, 3
2017/2/22, 13, 7, 3
2017/2/23, 12, 6, 3
2017/2/24, 7, 7, 3
2017/2/25, 15, 4, 3
2017/2/26, 13, 20, 5
2017/2/27, 39, 16, 5
2017/2/28, 42, 9, 4
2017/3/1, 17, 9, 4
2017/3/2, 18, 15, 5
2017/3/3, 21, 21, 6
2017/3/4, 44, 18, 7
2017/3/5, 35, 22, 7
2017/3/6, 33, 22, 7
2017/3/7, 49, 12, 4
2017/3/8, 32, 14, 6
2017/3/9, 51, 25, 6
2017/3/10, 50, 11, 4
2017/3/11, 27, 14, 5
2017/3/12, 25, 21, 6
2017/3/13, 45, 22, 7
2017/3/14, 57, 10, 3
2017/3/15, 36, 12, 4
2017/3/16, 26, 16, 7
2017/3/17, 53, 4, 3
2017/3/18, 11, 6, 3
2017/3/19, 14, 9, 4
2017/3/20, 13, 7, 4
2017/3/21, 23, 27, 6
2017/3/22, 29, 15, 4
2017/3/23, 30, 25, 6
2017/3/24, 39, 14, 5
2017/3/25, 41, 11, 3
2017/3/26, 17, 12, 4
2017/3/27, 34, 9, 3
2017/3/28, 33, 19, 5
2017/3/29, 50, 10, 4
2017/3/30, 19, 12, 5
2017/3/31, 31, 21, 6
2016/10/1, 27, 16, 5
2016/10/2, 28, 17, 5
2016/10/3, 15, 13, 4
2016/10/4, 26, 14, 4
2016/10/5, 11, 18, 7
2016/10/6, 22, 18, 6
2016/10/7, 34, 9, 4
2016/10/8, 13, 6, 4
2016/10/9, 18, 11, 4
2016/10/10, 22, 11, 5
2016/10/11, 16, 11, 5
2016/10/12, 16, 17, 5
2016/10/13, 27, 15, 5
2016/10/14, 32, 9, 4
2016/10/15, 28, 7, 4
2016/10/16, 22, 12, 4
2016/10/17, 25, 14, 7
2016/10/18, 41, 19, 8
2016/10/19, 44, 21, 8
2016/10/20, 42, 15, 7
2016/10/21, 35, 12, 7
2016/10/22, 45, 13, 6
2016/10/23, 38, 16, 7
2016/10/24, 40, 15, 7
2016/10/25, 39, 21, 6
2016/10/26, 36, 21, 8
2016/10/27, 54, 12, 5
2016/10/28, 43, 7, 3
2016/10/29, 13, 6, 3
2016/10/30, 14, 9, 3
2016/10/31, 20, 8, 5
2016/11/1, 30, 5, 3
2016/11/2, 11, 7, 3
2016/11/3, 11, 14, 5
2016/11/4, 36, 17, 6
2016/11/5, 41, 13, 5
2016/11/6, 36, 10, 4
2016/11/7, 31, 19, 7
2016/11/8, 40, 18, 7
2016/11/9, 55, 22, 7
2016/11/10, 57, 14, 5
2016/11/11, 44, 18, 6
2016/11/12, 35, 16, 5
2016/11/13, 40, 13, 5
2016/11/14, 37, 10, 4
2016/11/15, 38, 11, 4
2016/11/16, 24, 9, 5
2016/11/17, 23, 11, 5
2016/11/18, 32, 21, 10
2016/11/19, 51, 13, 5
2016/11/20, 26, 17, 6
2016/11/21, 37, 16, 6
2016/11/22, 40, 21, 8
2016/11/23, 58, 22, 10
2016/11/24, 69, 23, 8
2016/11/25, 50, 10, 4
2016/11/26, 32, 7, 3
2016/11/27, 21, 15, 3
2016/11/28, 15, 10, 3
2016/11/29, 18, 8, 3
2016/11/30, 21, 8, 3
2016/12/1, 13, 11, 3
2016/12/2, 10, 6, 3
2016/12/3, 14, 4, 3
2016/12/4, 30, 10, 4
2016/12/5, 42, 14, 4
2016/12/6, 38, 12, 5
2016/12/7, 38, 7, 4
2016/12/8, 17, 10, 6
2016/12/9, 26, 6, 4
2016/12/10, 20, 5, 4
2016/12/11, 14, 19, 5
2016/12/12, 22, 19, 7
2016/12/13, 61, 12, 4
2016/12/14, 29, 23, 6
2016/12/15, 23, 25, 11
2016/12/16, 70, 18, 9
2016/12/17, 69, 12, 5
2016/12/18, 40, 12, 5
2016/12/19, 22, 15, 7
2016/12/20, 37, 20, 7
2016/12/21, 53, 17, 7
2016/12/22, 49, 13, 5
2016/12/23, 35, 9, 5
2016/12/24, 24, 3, 3
2016/12/25, 12, 2, 3
2016/12/26, 6, 3, 2
2016/12/27, 10, 9, 3
2016/12/28, 14, 16, 5
2016/12/29, 35, 14, 5
2016/12/30, 42, 12, 5
2016/12/31, 44, 8, 4
2017/1/1, 39, 9, 4
2016/7/1, 17, 15, 5
2016/7/2, 30, 6, 3
2016/7/3, 13, 12, 3
2016/7/4, 16, 19, 4
2016/7/5, 24, 5, 3
2016/7/6, 12, 6, 2
2016/7/7, 13, 11, 3
2016/7/8, 18, 7, 4
2016/7/9, 13, 7, 4
2016/7/10, 11, 20, 6
2016/7/11, 23, 15, 6
2016/7/12, 21, 19, 5
2016/7/13, 18, 11, 4
2016/7/14, 14, 4, 3
2016/7/15, 9, 11, 4
2016/7/16, 15, 13, 4
2016/7/17, 17, 11, 4
2016/7/18, 14, 8, 3
2016/7/19, 11, 19, 5
2016/7/20, 22, 23, 5
2016/7/21, 36, 20, 4
2016/7/22, 24, 17, 5
2016/7/23, 25, 19, 6
2016/7/24, 29, 29, 7
2016/7/25, 30, 30, 9
2016/7/26, 34, 27, 8
2016/7/27, 40, 19, 5
2016/7/28, 27, 18, 6
2016/7/29, 33, 11, 4
2016/7/30, 15, 13, 4
2016/7/31, 15, 8, 3
2016/8/1, 12, 15, 3
2016/8/2, 19, 9, 3
2016/8/3, 18, 13, 4
2016/8/4, 16, 15, 4
2016/8/5, 28, 5, 3
2016/8/6, 13, 7, 2
2016/8/7, 10, 15, 4
2016/8/8, 22, 18, 4
2016/8/9, 28, 12, 3
2016/8/10, 16, 8, 2
2016/8/11, 15, 12, 3
2016/8/12, 23, 7, 3
2016/8/13, 18, 6, 3
2016/8/14, 14, 7, 2
2016/8/15, 11, 10, 3
2016/8/16, 14, 16, 4
2016/8/17, 20, 16, 4
2016/8/18, 27, 27, 6
2016/8/19, 44, 21, 5
2016/8/20, 32, 14, 5
2016/8/21, 25, 13, 5
2016/8/22, 22, 12, 5
2016/8/23, 25, 21, 6
2016/8/24, 24, 23, 7
2016/8/25, 32, 20, 4
2016/8/26, 23, 21, 5
2016/8/27, 28, 17, 5
2016/8/28, 31, 12, 4
2016/8/29, 27, 11, 3
2016/8/30, 18, 23, 5
2016/8/31, 32, 25, 5
2016/9/1, 33, 24, 5
2016/9/2, 37, 26, 7
2016/9/3, 39, 14, 5
2016/9/4, 30, 13, 4
2016/9/5, 12, 21, 6
2016/9/6, 24, 27, 8
2016/9/7, 37, 28, 8
2016/9/8, 43, 34, 8
2016/9/9, 44, 32, 7
2016/9/10, 45, 25, 7
2016/9/11, 49, 32, 5
2016/9/12, 45, 31, 4
2016/9/13, 41, 23, 3
2016/9/14, 33, 24, 4
2016/9/15, 33, 24, 5
2016/9/16, 44, 14, 4
2016/9/17, 39, 8, 4
2016/9/18, 20, 18, 4
2016/9/19, 35, 25, 5
2016/9/20, 38, 21, 5
2016/9/21, 25, 22, 5
2016/9/22, 27, 14, 4
2016/9/23, 28, 17, 5
2016/9/24, 32, 24, 7
2016/9/25, 32, 16, 4
2016/9/26, 25, 22, 6
2016/9/27, 34, 17, 6
2016/9/28, 49, 8, 3
2016/9/29, 24, 16, 5
2016/9/30, 31, 18, 5
2016/4/1, 18, 19, 5
2016/4/2, 27, 15, 5
2016/4/4, 47, 25, 7
2016/4/5, 53, 16, 5
2016/4/6, 39, 17, 5
2016/4/7, 37, 30, 6
2016/4/8, 36, 19, 5
2016/4/9, 24, 15, 5
2016/4/10, 24, 24, 5
2016/4/11, 34, 18, 5
2016/4/12, 47, 14, 5
2016/4/13, 53, 22, 7
2016/4/14, 53, 9, 3
2016/4/15, 27, 15, 5
2016/4/16, 25, 8, 5
2016/4/17, 25, 6, 3
2016/4/18, 14, 6, 3
2016/4/19, 22, 6, 2
2016/4/20, 21, 6, 3
2016/4/21, 23, 12, 4
2016/4/22, 34, 16, 5
2016/4/23, 39, 5, 3
2016/4/24, 11, 10, 3
2016/4/25, 20, 15, 5
2016/4/26, 37, 8, 4
2016/4/27, 11, 10, 4
2016/4/28, 28, 24, 5
2016/4/29, 67, 17, 5
2016/4/30, 22, 16, 5
2016/5/1, 27, 17, 5
2016/5/2, 27, 15, 5
2016/5/3, 16, 19, 6
2016/5/4, 21, 24, 5
2016/5/5, 25, 30, 6
2016/5/6, 30, 17, 5
2016/5/7, 23, 12, 5
2016/5/8, 16, 16, 5
2016/5/9, 16, 18, 5
2016/5/10, 21, 27, 5
2016/5/11, 29, 22, 5
2016/5/12, 26, 19, 5
2016/5/13, 25, 10, 5
2016/5/14, 20, 2, 3
2016/5/15, 10, 4, 3
2016/5/16, 9, 5, 3
2016/5/17, 12, 11, 4
2016/5/18, 16, 22, 5
2016/5/19, 28, 19, 5
2016/5/20, 31, 14, 5
2016/5/21, 22, 17, 6
2016/5/22, 26, 17, 5
2016/5/23, 28, 21, 5
2016/5/24, 30, 29, 6
2016/5/25, 40, 7, 4
2016/5/26, 32, 18, 5
2016/5/27, 32, 15, 5
2016/5/28, 27, 13, 5
2016/5/29, 23, 18, 5
2016/5/30, 25, 22, 6
2016/5/31, 24, 20, 5
2016/6/1, 20, 21, 6
2016/6/2, 24, 20, 5
2016/6/3, 27, 27, 7
2016/6/4, 35, 18, 5
2016/6/5, 21, 19, 4
2016/6/6, 25, 25, 4
2016/6/7, 26, 23, 4
2016/6/8, 37, 23, 4
2016/6/9, 25, 18, 4
2016/6/10, 32, 15, 3
2016/6/11, 14, 13, 3
2016/6/12, 12, 13, 3
2016/6/13, 20, 19, 3
2016/6/14, 23, 16, 4
2016/6/15, 20, 11, 4
2016/6/16, 13, 8, 4
2016/6/17, 21, 9, 4
2016/6/18, 11, 22, 5
2016/6/19, 21, 18, 5
2016/6/20, 14, 11, 4
2016/6/21, 18, 27, 5
2016/6/22, 22, 34, 5
2016/6/23, 31, 20, 5
2016/6/24, 31, 14, 5
2016/6/25, 40, 6, 4
2016/6/26, 25, 13, 4
2016/6/27, 18, 16, 4
2016/6/28, 19, 21, 5
2016/6/29, 27, 26, 6
2016/6/30, 26, 17, 5
2016/1/23, 79, 11, 6
2016/1/24, 52, 11, 6
2016/1/25, 32, 13, 7
2016/1/26, 33, 9, 4
2016/1/27, 21, 8, 3
2016/1/28, 13, 10, 4
2016/1/29, 22, 4, 3
2016/1/30, 14, 2, 2
2016/1/31, 11, 6, 3
2016/2/1, 13, 4, 3
2016/2/2, 8, 3, 2
2016/2/3, 11, 5, 3
2016/2/4, 12, 8, 3
2016/2/5, 18, 13, 5
2016/2/6, 35, 13, 5
2016/2/7, 32, 8, 3
2016/2/8, 18, 10, 4
2016/2/9, 18, 14, 4
2016/2/10, 16, 5, 3
2016/2/11, 21, , 
2016/2/15, 56, 18, 5
2016/2/16, 30, 13, 4
2016/2/17, 24, 19, 9
2016/2/18, 44, 13, 6
2016/2/19, 22, 7, 4
2016/2/20, 34, 3, 3
2016/2/21, 6, 5, 3
2016/2/22, 6, 5, 3
2016/2/23, 14, 7, 3
2016/2/24, 16, 13, 4
2016/2/25, 32, 15, 5
2016/2/26, 47, 17, 5
2016/2/27, 48, 19, 6
2016/2/28, 57, 22, 5
2016/2/29, 44, 19, 5
2016/3/1, 20, 14, 5
2016/3/2, 37, 24, 8
2016/3/3, 50, 21, 6
2016/3/4, 46, 14, 6
2016/3/5, 42, 11, 5
2016/3/6, 28, 25, 8
2016/3/7, 56, 25, 6
2016/3/8, 58, 20, 5
2016/3/9, 42, 20, 6
2016/3/10, 38, 15, 7
2016/3/11, 28, 12, 6
2016/3/12, 32, 16, 5
2016/3/13, 25, 20, 5
2016/3/14, 49, 21, 5
2016/3/15, 24, 23, 5
2016/3/16, 40, 16, 6
2016/3/17, 55, 11, 4
2016/3/18, 40, 5, 2
2016/3/19, 13, 4, 3
2016/3/20, 22, 5, 3
2016/3/21, 20, 9, 3
2016/3/22, 13, 19, 4
2016/3/23, 32, 27, 6
2016/3/24, 49, 16, 6
2016/3/25, 55, 13, 5
2016/3/26, 39, 10, 4
2016/3/27, 33, 10, 4
2016/3/28, 32, 10, 3
2016/3/29, 22, 7, 3
2016/3/30, 12, 17, 4
2016/3/31, 24, 16, 4
2022/10/20, , 14, 
2022/8/13, , 6, 
2022/8/14, , 5, 
2022/8/15, , 14, 
2022/3/26, , 12, 
2021/12/25, , 23, 9
2021/1/17, , 25, 9
2020/11/28, , 10, 3
2020/6/22, , 11, 4
2019/12/31, , 2, 2
2020/1/6, , 15, 5
2020/3/1, , 15, 4
2019/4/30, , 4, 4
2018/12/31, , 1, 3
2018/9/2, , 25, 7
2018/4/2, , 19, 21
2018/4/8, , 21, 5
2017/9/9, , 7, 5
2016/4/3, , 22, 5
2016/1/22, , 29, 9
2016/2/14, , 15, 7