date, pm25, pm10, o3, no2, so2, co
2023/1/2, 73, 21, 17, 5, 2, 
2023/1/3, 67, 31, 17, 9, 2, 
2023/1/4, 89, 8, 15, 3, 3, 
2023/1/5, 31, 16, 18, 2, 1, 
2023/1/6, 55, 26, 9, 3, 2, 
2023/1/7, 80, , , , , 
2022/10/21, 82, 29, 12, 14, 3, 
2022/10/22, 80, 26, 15, 8, 4, 
2022/10/23, 77, 34, 19, 7, 2, 
2022/10/24, 90, 27, 8, 11, 3, 
2022/10/25, 75, 29, 13, 8, 3, 
2022/10/26, 79, 45, 16, 9, 2, 
2022/10/27, 113, 40, 9, 14, 2, 
2022/10/28, 100, 28, 10, 13, 3, 
2022/10/29, 73, 27, 15, 6, 3, 
2022/10/30, 76, 41, 23, 6, 3, 
2022/10/31, 103, 28, 7, 11, 3, 
2022/11/1, 80, 36, 8, 6, 3, 
2022/11/2, 96, 36, 11, 8, 3, 
2022/11/3, 85, 36, 20, 11, 3, 
2022/11/4, 88, 44, 12, 11, 5, 
2022/11/5, 116, 29, 10, 8, 5, 
2022/11/6, 82, 29, 19, 6, 3, 
2022/11/7, 80, 30, 9, 9, 3, 
2022/11/8, 83, 29, 13, 10, 4, 
2022/11/9, 82, 30, 12, 10, 4, 
2022/11/10, 90, 28, 9, 9, 3, 
2022/11/11, 79, 28, 13, 6, 2, 
2022/11/12, 83, 21, 14, 4, 2, 
2022/11/13, 71, 20, 11, 6, 3, 
2022/11/14, 64, 33, 13, 8, 3, 
2022/11/15, 91, 14, 12, 9, 5, 
2022/11/16, 51, 12, 11, 5, 4, 
2022/11/17, 45, 27, 19, 3, 4, 
2022/11/18, 82, 34, 18, 6, 4, 
2022/11/19, 99, 42, 12, 7, 3, 
2022/11/20, 118, 33, 10, 9, 4, 
2022/11/21, 99, 38, 8, 9, 5, 
2022/11/22, 105, 29, 9, 9, 5, 
2022/11/23, 83, 20, 12, 6, 3, 
2022/11/24, 69, 36, 12, 7, 1, 
2022/11/25, 106, 49, 5, 11, 1, 
2022/11/26, 132, 29, 2, 12, , 
2022/11/27, 92, 30, 6, 7, , 
2022/11/28, 90, 28, 7, 8, 2, 
2022/11/29, 81, 23, 8, 8, 3, 
2022/11/30, 73, 25, 8, 7, 1, 
2022/12/1, 79, 39, 7, 4, , 
2022/12/2, 101, 39, 8, 5, 2, 
2022/12/3, 107, 22, 6, 6, 5, 
2022/12/4, 73, 23, 8, 4, 7, 
2022/12/5, 74, 33, 7, 7, 9, 
2022/12/6, 93, 17, 3, 8, 7, 
2022/12/7, 62, 30, 6, 8, 2, 
2022/12/8, 91, 43, 7, 10, 2, 
2022/12/9, 113, 24, 6, 12, 3, 
2022/12/10, 79, 19, 8, 6, 2, 
2022/12/11, 68, 29, 5, 3, 2, 
2022/12/12, 90, 22, 6, 4, 3, 
2022/12/13, 75, 53, 7, 4, 2, 
2022/12/14, 144, 34, 4, 11, 2, 
2022/12/15, 102, 34, 4, 7, 2, 
2022/12/16, 104, 31, 4, 5, 2, 
2022/12/17, 97, 30, 6, 3, 1, 
2022/12/18, 94, 40, 8, 4, , 
2022/12/19, 115, 26, 9, 10, , 
2022/12/20, 82, 29, 12, 7, 1, 
2022/12/21, 90, 38, 13, 10, 2, 
2022/12/22, 110, 34, 12, 11, 3, 
2022/12/23, 100, 41, 11, 9, 3, 
2022/12/24, 120, 40, 3, 9, 2, 
2022/12/25, 107, 23, 7, 7, 1, 
2022/12/26, 76, 15, 10, 4, 2, 
2022/12/27, 53, 20, 20, 4, 2, 
2022/12/28, 65, 20, 15, 7, 1, 
2022/12/29, 66, 33, 16, 5, 3, 
2022/12/30, 97, 20, 13, 9, 3, 
2022/12/31, 70, 18, 12, 5, 2, 
2023/1/1, 64, 22, 12, 3, 2, 
2022/7/1, 56, 16, 37, 2, , 
2022/7/2, 52, 11, 28, 2, , 
2022/7/3, 42, 16, 44, 8, 1, 
2022/7/4, 48, 20, 36, 12, 1, 
2022/7/5, 63, 7, 33, 2, 1, 
2022/7/6, 22, 11, 34, 6, 1, 
2022/7/7, 33, 15, 37, 10, 1, 
2022/7/8, 41, 12, 29, 2, 1, 
2022/7/9, 32, 8, 25, 2, 1, 
2022/7/10, 27, 8, 20, 3, 1, 
2022/7/11, 29, 11, 25, 3, 1, 
2022/7/12, 33, 10, 35, 2, 2, 
2022/7/13, 23, 14, 42, 5, 2, 
2022/7/14, 38, 12, 30, 4, 1, 
2022/7/15, 32, 9, 32, 4, 1, 
2022/7/16, 23, 6, 26, 2, 1, 
2022/7/17, 20, 9, 31, 6, 1, 
2022/7/18, 29, 13, 40, 10, 1, 
2022/7/19, 37, 14, 38, 5, 1, 
2022/7/20, 39, 13, 33, 5, 1, 
2022/7/21, 29, 23, 47, 13, 2, 
2022/7/22, 50, 21, 58, 3, 2, 
2022/7/23, 53, 13, 34, 1, 1, 
2022/7/24, 40, 12, 37, 4, 2, 
2022/7/25, 33, 19, 41, 5, 2, 
2022/7/26, 44, 17, 34, 5, 2, 
2022/7/27, 50, 14, 39, 7, 2, 
2022/7/28, 36, 12, 30, 5, 1, 
2022/7/29, 27, 12, 27, 3, 2, 
2022/7/30, 37, 11, 23, 2, 2, 
2022/7/31, 44, 9, 37, 4, 1, 
2022/8/1, 28, 16, 37, 10, , 
2022/8/2, 42, 15, 37, 9, , 
2022/8/3, 38, 19, 35, 12, , 
2022/8/4, 44, 24, 39, 9, , 
2022/8/5, 55, 21, 39, 6, , 
2022/8/6, 47, 5, 29, 2, , 
2022/8/7, 16, 11, 29, 5, , 
2022/8/8, 21, 12, 29, 4, , 
2022/8/9, 28, 12, 28, 5, , 
2022/8/10, 29, 11, 22, 5, , 
2022/8/11, 30, 14, 23, 6, , 
2022/8/12, 51, 13, 26, 3, , 
2022/8/13, 52, 17, 27, 2, 1, 
2022/8/14, 58, 20, 24, 3, 1, 
2022/8/15, 61, 24, 26, 6, 1, 
2022/8/16, 66, 23, 31, 6, 1, 
2022/8/17, 67, 24, 40, 11, 1, 
2022/8/18, 66, 26, 33, 10, 2, 
2022/8/19, 62, 20, 32, 5, 1, 
2022/8/20, 56, 12, 24, 2, 1, 
2022/8/21, 45, 19, 28, 3, 1, 
2022/8/22, 57, 62, 31, 6, 1, 
2022/8/23, 102, 61, 36, 9, 1, 
2022/8/24, 98, 31, 36, 9, 1, 
2022/8/25, 54, 25, 36, 13, 2, 
2022/8/26, 52, 30, 38, 8, 2, 
2022/8/27, 57, 26, 43, 10, 3, 
2022/8/28, 57, 20, 30, 5, 1, 
2022/8/29, 52, 23, 28, 5, 1, 
2022/8/30, 43, 23, 26, 6, 1, 
2022/8/31, 27, 17, 26, 7, 1, 
2022/9/1, 28, 11, 27, 8, 1, 
2022/9/2, 24, 16, 29, 6, 1, 
2022/9/3, 46, 15, 28, 7, 1, 
2022/9/4, 51, 12, 28, 7, 1, 
2022/9/5, 28, 12, 28, 6, 1, 
2022/9/6, 27, 23, 32, 10, 1, 
2022/9/7, 52, 25, 31, 8, 2, 
2022/9/8, 54, 20, 23, 7, 3, 
2022/9/9, 64, 11, 12, 4, 2, 
2022/9/10, 47, 8, 22, 2, 2, 
2022/9/11, 33, 9, 19, 3, 2, 
2022/9/12, 35, 16, 28, 9, 2, 
2022/9/13, 52, 23, 30, 8, 3, 
2022/9/14, 63, 17, 22, 11, 3, 
2022/9/15, 63, 6, 24, 6, 3, 
2022/9/16, 25, 7, 24, 5, 3, 
2022/9/17, 29, 9, 20, 3, 3, 
2022/9/18, 36, 5, 20, 6, 2, 
2022/9/19, 23, 10, 15, 5, 2, 
2022/9/20, 41, 8, 14, 5, 2, 
2022/9/21, 35, 6, 15, 5, 1, 
2022/9/22, 28, 8, 24, 6, 1, 
2022/9/23, 32, 14, 26, 8, 2, 
2022/9/24, 53, 25, 23, 11, 2, 
2022/9/25, 84, 19, 15, 11, 3, 
2022/9/26, 69, 11, 21, 10, 4, 
2022/9/27, 46, 9, 18, 9, 4, 
2022/9/28, 38, , 16, 8, 3, 
2022/4/1, 45, 11, 26, 3, 10, 
2022/4/2, 46, 16, 30, 3, 8, 
2022/4/3, 57, 22, 25, 6, 9, 
2022/4/4, 70, 17, 23, 7, 11, 
2022/4/5, 61, 18, 15, 8, 11, 
2022/4/6, 62, 17, 25, 7, 13, 
2022/4/7, 48, 10, 25, 5, 13, 
2022/4/8, 29, 12, 23, 5, 12, 
2022/4/9, 47, 15, 26, 4, 9, 
2022/4/10, 53, 20, 25, 6, 8, 
2022/4/11, 66, 22, 28, 8, 7, 
2022/4/12, 64, 47, 30, 16, 8, 
2022/4/13, 107, 41, 29, 18, 9, 
2022/4/14, 94, 28, 22, 9, 10, 
2022/4/15, 74, 8, 25, 2, 7, 
2022/4/16, 32, 9, 26, 2, 7, 
2022/4/17, 36, 8, 27, 2, 9, 
2022/4/18, 30, 14, 22, 6, 10, 
2022/4/19, 52, 23, 17, 7, 10, 
2022/4/20, 73, 17, 16, 6, 11, 
2022/4/21, 63, 17, 20, 7, 11, 
2022/4/22, 57, 27, 22, 10, 11, 
2022/4/23, 81, 22, 27, 4, 13, 
2022/4/24, 69, 18, 27, 6, 14, 
2022/4/25, 60, 18, 15, 5, 6, 
2022/4/26, 62, 20, 31, 7, , 
2022/4/27, 62, 17, 39, 6, , 
2022/4/28, 47, 22, 39, 9, 1, 
2022/4/29, 53, 35, 44, 13, 1, 
2022/4/30, 86, 38, 49, 9, 1, 
2022/5/1, 99, 30, 47, 14, 1, 
2022/5/2, 73, 33, 45, 9, 1, 
2022/5/3, 83, 17, 36, 6, , 
2022/5/4, 44, 21, 41, 7, 1, 
2022/5/5, 39, 31, 45, 10, , 
2022/5/6, 73, 29, 43, 7, , 
2022/5/7, 75, 28, 39, 9, , 
2022/5/8, 80, 11, 20, 3, , 
2022/5/9, 32, 18, , , , 
2022/5/10, 34, 27, , , , 
2022/5/11, 53, 46, 32, 6, 1, 
2022/5/12, 62, 21, 40, 6, 2, 
2022/5/13, 40, 18, 33, 3, 2, 
2022/5/14, 55, 14, 37, 3, 1, 
2022/5/15, 40, 11, 35, 8, 1, 
2022/5/16, 29, 14, 32, 7, 1, 
2022/5/17, 26, 13, 31, 3, , 
2022/5/18, 20, 24, 40, 11, 1, 
2022/5/19, 41, 26, 44, 7, 2, 
2022/5/20, 45, 20, 35, 5, 2, 
2022/5/21, 45, 7, 34, 1, 2, 
2022/5/22, 24, 12, 29, 6, 1, 
2022/5/23, 38, 21, 33, 12, 2, 
2022/5/24, 52, 15, 30, 6, 2, 
2022/5/25, 51, 15, 35, 3, 1, 
2022/5/26, 42, 9, 27, 5, 2, 
2022/5/27, 30, 6, 29, 2, 1, 
2022/5/28, 20, 8, 30, 3, 2, 
2022/5/29, 30, 7, 30, 4, 1, 
2022/5/30, 29, 14, 39, 7, , 
2022/5/31, 44, 16, 37, 7, 1, 
2022/6/1, 50, 16, 38, 9, 1, 
2022/6/2, 57, 17, 43, 11, 1, 
2022/6/3, 48, 21, 25, 9, 1, 
2022/6/4, 69, 22, 37, 6, , 
2022/6/5, 72, 18, 36, 11, 2, 
2022/6/6, 55, 20, 39, 9, 2, 
2022/6/7, 57, 27, 41, 7, 1, 
2022/6/8, 76, 23, 40, 6, 2, 
2022/6/9, 59, 28, 39, 3, 1, 
2022/6/10, 79, 11, 36, 1, , 
2022/6/11, 34, 11, 39, 3, , 
2022/6/12, 35, 18, 37, 8, 1, 
2022/6/13, 53, 13, 31, 2, 1, 
2022/6/14, 38, 13, 28, 4, , 
2022/6/15, 40, 12, 39, 5, 1, 
2022/6/16, 38, 9, 31, 4, , 
2022/6/17, 31, 11, 37, 4, , 
2022/6/18, 36, 15, 38, 3, 1, 
2022/6/19, 41, 20, 43, 5, 2, 
2022/6/20, 50, 10, 29, 2, 1, 
2022/6/21, 26, 8, 31, 3, 1, 
2022/6/22, 25, 12, 32, 7, 1, 
2022/6/23, 33, 15, 33, 9, , 
2022/6/24, 36, 19, 35, 6, 1, 
2022/6/25, 44, 15, 40, 5, 1, 
2022/6/26, 41, 19, 36, 8, 2, 
2022/6/27, 46, 20, 40, 7, 2, 
2022/6/28, 49, 24, 52, 4, 1, 
2022/6/29, 65, 27, 46, 7, 1, 
2022/6/30, 66, 23, 41, 5, 1, 
2022/1/3, 41, 18, 14, 9, 10, 1
2022/1/4, 65, 14, 19, 9, 10, 2
2022/1/5, 53, 9, 17, 3, 8, 1
2022/1/6, 39, 18, 18, 8, 5, 2
2022/1/7, 57, 34, 14, 9, 7, 3
2022/1/8, 94, 42, 15, 10, 10, 4
2022/1/9, 117, 25, 15, 8, 6, 2
2022/1/10, 79, 31, 17, 8, 2, 2
2022/1/11, 92, 31, 19, 7, 2, 2
2022/1/12, 85, 23, 13, 7, 4, 2
2022/1/13, 77, 9, 23, 4, 6, 1
2022/1/14, 37, 14, 20, 5, 5, 1
2022/1/15, 53, 30, 16, 6, 6, 2
2022/1/16, 93, 10, 24, 4, 8, 1
2022/1/17, 39, 12, 21, 5, 4, 2
2022/1/18, 43, 25, 17, 10, 6, 2
2022/1/19, 79, 14, 22, 5, 9, 1
2022/1/20, 50, 9, 21, 4, 7, 1
2022/1/21, 31, 10, 21, 3, 6, 1
2022/1/22, 43, 18, 20, 7, 4, 2
2022/1/23, 63, 46, 13, 14, 3, 5
2022/1/24, 129, 35, 11, 10, 5, 3
2022/1/25, 106, 21, 16, 8, 5, 2
2022/1/26, 72, 17, 12, 7, 7, 1
2022/1/27, 63, 6, 23, 4, 8, 1
2022/1/28, 28, 11, 20, 4, 7, 1
2022/1/29, 44, 5, 25, 2, 11, 1
2022/1/30, 21, 14, 22, 7, 10, 1
2022/1/31, 48, 23, 18, 8, 9, 2
2022/2/1, 73, 12, 18, 6, 11, 1
2022/2/2, 47, 18, 19, 7, 7, 2
2022/2/3, 63, 29, 14, 11, 6, 3
2022/2/4, 89, 14, 24, 4, 2, 1
2022/2/5, 51, 13, 23, 3, 3, 2
2022/2/6, 52, 9, 20, 7, 4, 1
2022/2/7, 37, 11, 17, 5, 1, 1
2022/2/8, 46, 11, 19, 5, , 1
2022/2/9, 46, 21, 14, 8, 2, 2
2022/2/10, 69, 18, 21, 8, 1, 2
2022/2/11, 64, 25, 22, 8, , 3
2022/2/12, 71, 25, 22, 7, 1, 2
2022/2/13, 76, 36, 20, 11, 3, 3
2022/2/14, 95, 37, 20, 11, 4, 3
2022/2/15, 101, 33, 20, 7, 4, 3
2022/2/16, 91, 8, 23, 4, 8, 1
2022/2/17, 33, 14, 23, 6, 5, 2
2022/2/18, 41, 8, 25, 2, 5, 1
2022/2/19, 21, 11, 19, 4, 4, 1
2022/2/20, 43, 7, 20, 5, 6, 2
2022/2/21, 28, 11, 20, 4, 4, 2
2022/2/22, 42, 11, 25, 5, 3, 1
2022/2/23, 45, 19, 22, 8, 2, 2
2022/2/24, 59, 19, 21, 8, 3, 2
2022/2/25, 61, 32, 19, 10, 1, 3
2022/2/26, 94, 25, 19, 6, , 2
2022/2/27, 79, 20, 20, 8, 3, 2
2022/2/28, 58, 28, 21, 9, 3, 2
2022/3/1, 75, 31, 20, 8, 5, 2
2022/3/2, 83, 36, 25, 7, 6, 2
2022/3/3, 98, 24, 20, 6, 5, 2
2022/3/4, 71, 23, 22, 7, 5, 2
2022/3/5, 73, 21, 23, 3, 4, 1
2022/3/6, 71, 27, 22, 6, 5, 2
2022/3/7, 81, 17, 19, 6, 4, 2
2022/3/8, 61, 23, 19, 9, 4, 2
2022/3/9, 77, 23, 25, 6, 2, 2
2022/3/10, 70, 26, 24, 11, 1, 2
2022/3/11, 68, 49, 26, 15, 3, 6
2022/3/12, 119, 31, 24, 6, 4, 1
2022/3/13, 87, 45, 22, 15, 4, 4
2022/3/14, 105, 57, 22, 18, 6, 7
2022/3/15, 133, 62, 21, 14, 6, 6
2022/3/16, 155, 43, 22, 12, 3, 3
2022/3/17, 99, 52, 27, 17, 2, 5
2022/3/18, 110, 57, 31, 16, 2, 6
2022/3/19, 132, 45, 33, 12, 1, 4
2022/3/20, 118, 59, 31, 22, 1, 6
2022/3/21, 121, 72, 24, 25, 3, 11
2022/3/22, 133, 67, 30, 18, 5, 7
2022/3/23, 132, 37, 30, 5, 4, 1
2022/3/24, 81, , , , , 
2022/3/27, 35, 27, 26, 7, 7, 
2022/3/28, 56, 28, 26, 6, 9, 
2022/3/29, 73, 36, 26, 7, 10, 
2022/3/30, 90, 16, 18, 5, 9, 
2022/3/31, 57, 10, 18, 5, 10, 
2021/10/1, 59, 23, 13, 8, 3, 2
2021/10/2, 72, 24, 16, 6, 4, 1
2021/10/3, 67, 23, 14, 11, 5, 1
2021/10/4, 62, 39, 17, 8, 7, 1
2021/10/5, 67, 41, 13, 8, 6, 1
2021/10/6, 63, 42, 14, 7, 3, 1
2021/10/7, 69, 37, 13, 9, 3, 2
2021/10/8, 80, 35, 15, 9, 4, 3
2021/10/9, 90, 41, 17, 10, 5, 3
2021/10/10, 100, 50, 12, 14, 8, 2
2021/10/11, 107, 34, 6, 10, 8, 2
2021/10/12, 97, 20, 9, 8, 7, 1
2021/10/13, 68, 23, 11, 8, 6, 2
2021/10/14, 72, 19, 10, 7, 8, 1
2021/10/15, 61, 20, 13, 5, 7, 1
2021/10/16, 64, 20, 11, 6, 7, 1
2021/10/17, 64, 26, 9, 8, 7, 1
2021/10/18, 78, 28, 9, 12, 7, 3
2021/10/19, 87, 19, 17, 6, 9, 1
2021/10/20, 56, 33, 15, 5, 8, 1
2021/10/21, 63, 14, 16, 6, 1, 
2021/10/22, 27, 10, 15, 3, , 
2021/10/23, 35, 27, 8, 7, , 3
2021/10/24, 82, 34, 11, 11, 4, 4
2021/10/25, 95, 33, 11, 13, 5, 3
2021/10/26, 85, 34, 9, 11, 5, 2
2021/10/27, 92, 49, 10, 16, 5, 6
2021/10/28, 121, 44, 12, 16, 6, 3
2021/10/29, 111, 41, 16, 9, 7, 2
2021/10/30, 106, 32, 17, 10, 6, 2
2021/10/31, 88, 29, 14, 8, 8, 2
2021/11/1, 84, 50, 4, 15, 9, 4
2021/11/2, 128, 27, 9, 11, 8, 3
2021/11/3, 82, 21, 8, 11, 9, 2
2021/11/4, 65, 11, 10, 7, 6, 1
2021/11/5, 40, 13, 13, 5, 5, 1
2021/11/6, 51, 21, 12, 6, 7, 2
2021/11/7, 71, 14, 8, 7, 6, 1
2021/11/8, 56, 27, 8, 9, 3, 3
2021/11/9, 81, 36, 7, 13, 4, 4
2021/11/10, 103, 27, 8, 8, 6, 2
2021/11/11, 85, 42, 3, 9, 5, 3
2021/11/12, 122, 40, 6, 10, 7, 2
2021/11/13, 115, 41, 5, 8, 5, 4
2021/11/14, 120, 37, 3, 7, 3, 3
2021/11/15, 107, 51, 4, 12, 4, 4
2021/11/16, 136, 40, 4, 11, 5, 3
2021/11/17, 109, 25, 9, 9, 6, 2
2021/11/18, 80, 10, 11, 6, 7, 1
2021/11/19, 40, 10, 14, 4, 7, 1
2021/11/20, 40, 17, 12, 5, 9, 1
2021/11/21, 62, 21, 10, 9, 7, 1
2021/11/22, 70, 20, 13, 7, 5, 1
2021/11/23, 68, 19, 12, 10, 6, 2
2021/11/24, 67, 29, 15, 11, 8, 3
2021/11/25, 86, 39, 10, 11, 11, 2
2021/11/26, 111, 27, 9, 10, 12, 3
2021/11/27, 87, 38, 7, 9, 12, 4
2021/11/28, 113, 17, 12, 6, 12, 2
2021/11/29, 65, 13, 14, 6, 7, 2
2021/11/30, 50, 18, 13, 8, 4, 2
2021/12/1, 64, 10, 17, 8, 5, 2
2021/12/2, 35, 14, 15, 7, 3, 1
2021/12/3, 51, 27, 13, 9, 3, 2
2021/12/4, 82, 34, 8, 10, 3, 3
2021/12/5, 102, 44, 5, 8, 3, 4
2021/12/6, 127, 31, 14, 7, , 2
2021/12/7, 95, 23, 14, 6, 1, 1
2021/12/8, 78, 27, 8, 8, 2, 1
2021/12/9, 85, 34, 4, 12, 4, 4
2021/12/10, 101, 52, 3, 12, 2, 6
2021/12/11, 148, 38, 13, 8, , 3
2021/12/12, 115, 30, 12, 8, , 3
2021/12/13, 93, 31, 10, 10, 1, 2
2021/12/14, 91, 39, 2, 13, 2, 4
2021/12/15, 113, 20, 18, 8, 3, 2
2021/12/16, 70, 11, 18, 5, 2, 1
2021/12/17, 48, 13, 19, 4, 2, 1
2021/12/18, 47, 9, 22, 3, 6, 
2021/12/19, 37, 7, 18, 3, 5, 
2021/12/20, 27, 17, 17, 6, 3, 1
2021/12/21, 53, 33, 11, 11, 3, 3
2021/12/22, 98, 43, 9, 11, 4, 3
2021/12/23, 120, , , , , 
2021/12/26, 101, 52, 16, 12, 6, 6
2021/12/27, 132, 25, 15, 9, 8, 2
2021/12/28, 81, 37, 14, 12, 9, 2
2021/12/29, 106, 47, 4, 13, 7, 5
2021/12/30, 133, 15, 12, 7, 7, 2
2021/12/31, 56, 9, 20, 2, 6, 1
2022/1/1, 39, 17, 13, 6, 6, 2
2022/1/2, 63, 10, 19, 5, 9, 1
2021/7/1, 57, 20, 23, 4, 6, 
2021/7/2, 59, 12, 11, 2, 7, 
2021/7/3, 42, 19, 8, 2, 6, 
2021/7/4, 60, 20, 15, 5, 6, 
2021/7/5, 58, 27, 29, 9, 6, 
2021/7/6, 67, 27, 23, 11, 5, 
2021/7/7, 65, 22, 22, 7, 5, 
2021/7/8, 53, 27, 21, 6, 6, 
2021/7/9, 62, 12, 20, 3, 6, 
2021/7/10, 40, 20, 17, 3, 6, 
2021/7/11, 60, 29, 25, 8, 7, 
2021/7/12, 68, 28, 29, 7, 8, 
2021/7/13, 68, 36, 32, 9, 8, 
2021/7/14, 77, 29, 31, 6, 8, 
2021/7/15, 67, 21, 27, 3, 5, 
2021/7/16, 60, 23, 20, 3, 5, 
2021/7/17, 60, 24, 23, 2, 5, 
2021/7/18, 64, 19, 25, 2, 5, 3
2021/7/19, 52, 16, 22, 4, 5, 1
2021/7/20, 43, 17, 24, 3, 5, 
2021/7/21, 36, 15, 23, 3, 5, 
2021/7/22, 35, 19, 23, 6, 5, 
2021/7/23, 51, 23, 27, 7, 5, 
2021/7/24, 54, 21, 28, 6, 6, 
2021/7/25, 57, 23, 17, 7, 6, 1
2021/7/26, 67, 22, 26, 7, 6, 1
2021/7/27, 66, 22, 30, 8, 6, 1
2021/7/28, 55, 17, 25, 6, 7, 1
2021/7/29, 49, 23, 31, 9, 7, 1
2021/7/30, 46, 22, 25, 9, 8, 1
2021/7/31, 55, 16, 18, 4, 8, 
2021/8/1, 48, 13, 19, 4, 8, 1
2021/8/2, 48, 11, 23, 5, 7, 
2021/8/3, 34, 13, 21, 5, 8, 2
2021/8/4, 40, 13, 18, 3, 11, 1
2021/8/5, 47, 9, 19, 3, 15, 1
2021/8/6, 33, 11, 24, 4, 12, 
2021/8/7, 32, 11, 19, 6, 11, 1
2021/8/8, 38, 12, 20, 8, 10, 1
2021/8/9, 36, 18, 21, 7, 11, 3
2021/8/10, 46, 13, 22, 4, 11, 1
2021/8/11, 44, 15, 25, 7, 10, 1
2021/8/12, 46, 24, 23, 11, 10, 1
2021/8/13, 49, 26, 28, 7, 11, 1
2021/8/14, 61, 21, 25, 8, 12, 1
2021/8/15, 59, 31, 21, 11, 13, 2
2021/8/16, 76, 15, 20, 4, 14, 1
2021/8/17, 47, 19, 21, 7, 13, 1
2021/8/18, 56, 16, 21, 6, 13, 1
2021/8/19, 45, 19, 21, 6, 13, 1
2021/8/20, 50, 16, 22, 4, 12, 1
2021/8/21, 53, 14, 23, 5, 12, 1
2021/8/22, 44, 16, 18, 6, 13, 1
2021/8/23, 55, 6, 21, 2, 13, 
2021/8/24, 23, 14, 24, 6, 13, 2
2021/8/25, 42, 16, 16, 7, 15, 2
2021/8/26, 57, 15, 15, 7, 15, 2
2021/8/27, 56, 19, 19, 5, 14, 3
2021/8/28, 64, 23, 16, 4, 15, 2
2021/8/29, 73, 13, 13, 6, 15, 1
2021/8/30, 50, 12, 18, 10, 9, 2
2021/8/31, 47, 9, 20, 3, 2, 1
2021/9/1, 32, 10, 22, 6, 2, 1
2021/9/2, 33, 14, 25, 5, 2, 1
2021/9/3, 42, 11, 25, 6, 2, 
2021/9/4, 34, 13, 25, 7, 1, 1
2021/9/5, 38, 18, 24, 11, , 2
2021/9/6, 44, 30, 28, 14, 2, 3
2021/9/7, 71, 37, 32, 15, 2, 4
2021/9/8, 91, 34, 23, 16, 3, 2
2021/9/9, 84, 34, 21, 17, 3, 3
2021/9/10, 74, 36, 23, 15, 4, 3
2021/9/11, 89, 25, 24, 7, 4, 1
2021/9/12, 74, 27, 13, 8, 4, 2
2021/9/13, 74, 21, 15, 8, 4, 2
2021/9/14, 62, 28, 18, 15, 3, 4
2021/9/15, 73, 34, 15, 12, 4, 3
2021/9/16, 92, 19, 10, 5, 4, 2
2021/9/17, 66, 5, 5, 2, 4, 1
2021/9/18, 23, 4, 9, 1, 4, 1
2021/9/19, 19, 6, 6, 3, 2, 1
2021/9/20, 25, 14, 14, 5, 2, 1
2021/9/21, 47, 12, 15, 4, 2, 2
2021/9/22, 44, 20, 13, 7, 4, 1
2021/9/23, 64, 13, 17, 3, 6, 
2021/9/24, 38, 17, 12, 4, 4, 
2021/9/25, 58, 17, 17, 6, 3, 2
2021/9/26, 57, 13, 12, 6, 3, 2
2021/9/27, 44, 16, 11, 7, 2, 2
2021/9/28, 49, 28, 14, 6, 2, 1
2021/9/29, 65, 23, 11, 9, 2, 2
2021/9/30, 71, 17, 11, 10, 2, 2
2021/4/1, 112, 13, 27, 3, 2, 3
2021/4/2, 40, 15, 24, 3, 2, 2
2021/4/3, 53, 12, 25, 1, 1, 1
2021/4/4, 48, 18, 31, 1, 4, 3
2021/4/5, 57, 15, 23, 4, 3, 2
2021/4/6, 50, 18, 27, 3, 3, 2
2021/4/7, 62, 18, 19, 5, 2, 2
2021/4/8, 62, 22, 27, 5, 2, 3
2021/4/9, 60, 20, 34, 3, 2, 3
2021/4/10, 53, 23, 37, 3, 2, 1
2021/4/11, 56, 35, 28, 9, 3, 3
2021/4/12, 75, 12, 26, 1, 2, 1
2021/4/13, 46, 9, 23, 2, 2, 1
2021/4/14, 39, 18, 16, 5, 2, 2
2021/4/15, 65, 13, 13, 3, 3, 2
2021/4/16, 51, 24, 11, 3, 3, 2
2021/4/17, 78, 23, 24, 2, 3, 3
2021/4/18, 74, 19, 29, 3, 4, 1
2021/4/19, 58, 21, 30, 7, 4, 2
2021/4/20, 66, 30, 26, 8, 5, 3
2021/4/21, 83, 25, 28, 4, 4, 2
2021/4/22, 73, 14, 28, 3, 3, 1
2021/4/23, 43, 14, 30, 2, 3, 2
2021/4/24, 47, 13, 30, 2, 3, 2
2021/4/25, 44, 19, 24, 6, 3, 2
2021/4/26, 58, 38, 24, 11, 1, 4
2021/4/27, 96, 36, 31, 10, 2, 3
2021/4/28, 81, 32, 19, 8, 4, 1
2021/4/29, 78, 24, 33, 6, 4, 1
2021/4/30, 68, 34, 22, 5, 3, 3
2021/5/1, 97, 20, 26, 2, 3, 2
2021/5/2, 61, 7, 29, 1, 2, 1
2021/5/3, 28, 16, 31, 5, 4, 2
2021/5/4, 46, 16, 30, 5, 9, 2
2021/5/5, 36, 11, 26, 5, 8, 2
2021/5/6, 34, 14, 22, 6, 8, 2
2021/5/7, 50, 15, 27, 6, 6, 1
2021/5/8, 49, 18, 32, 6, 6, 2
2021/5/9, 53, 18, 31, 8, 7, 1
2021/5/10, 35, 26, 30, 7, 8, 2
2021/5/11, 43, 28, 33, 6, 9, 2
2021/5/12, 41, 20, 24, 5, 10, 1
2021/5/13, 47, 16, 18, 6, 11, 2
2021/5/14, 55, 18, 29, 6, 10, 1
2021/5/15, 54, 13, 26, 4, 10, 1
2021/5/16, 42, 17, 28, 8, 11, 2
2021/5/17, 53, 28, 17, 6, 11, 1
2021/5/18, 82, 10, 25, 3, 10, 1
2021/5/19, 38, 13, 31, 4, 6, 2
2021/5/20, 38, 19, 31, 8, 3, 2
2021/5/21, 48, 11, 26, 4, 5, 3
2021/5/22, 30, 8, 27, 3, 4, 1
2021/5/23, 24, 12, 26, 6, 3, 1
2021/5/24, 33, 12, 20, 5, 5, 1
2021/5/25, 37, 13, 25, 6, 4, 1
2021/5/26, 33, 13, 26, 5, 5, 1
2021/5/27, 29, 16, 26, 8, 4, 2
2021/5/28, 52, 13, 27, 3, 5, 
2021/5/29, 45, 11, 17, 1, 4, 
2021/5/30, 39, 16, 23, 6, 4, 
2021/5/31, 39, 25, 28, 10, 5, 
2021/6/1, 54, 19, 25, 6, 4, 
2021/6/2, 44, 20, 30, 3, 4, 
2021/6/3, 45, 25, 25, 10, 4, 
2021/6/4, 53, 24, 25, 8, 5, 
2021/6/5, 65, 17, 30, 2, 5, 
2021/6/6, 46, 23, 30, 5, 6, 
2021/6/7, 51, 26, 28, 5, 6, 
2021/6/8, 59, 22, 30, 4, 4, 
2021/6/9, 53, 19, 30, 4, 4, 
2021/6/10, 48, 20, 27, 7, 4, 
2021/6/11, 53, 17, 26, 4, 5, 
2021/6/12, 54, 15, 17, 1, 5, 
2021/6/13, 48, 9, 22, 3, 4, 
2021/6/14, 21, 17, 32, 9, 4, 
2021/6/15, 43, 27, 30, 8, 5, 
2021/6/16, 70, 18, 28, 10, 4, 
2021/6/17, 37, 26, 25, 10, 5, 
2021/6/18, 61, 24, 24, 7, 5, 
2021/6/19, 61, 24, 23, 6, 6, 
2021/6/20, 61, 29, 23, 7, 7, 
2021/6/21, 55, 30, 25, 8, 8, 
2021/6/22, 66, 35, 23, 6, 7, 
2021/6/23, 74, 44, 25, 6, 5, 
2021/6/24, 85, 18, 12, 6, 3, 
2021/6/25, 55, 21, 16, 3, 3, 
2021/6/26, 62, 16, 25, 3, 3, 
2021/6/27, 50, 16, 25, 5, 4, 
2021/6/28, 46, 17, 24, 10, 5, 
2021/6/29, 44, 22, 25, 7, 6, 
2021/6/30, 62, 17, 17, 4, 6, 
2021/1/4, 114, 10, 9, 5, 4, 2
2021/1/5, 44, 24, 11, 6, 4, 4
2021/1/6, 81, 26, 5, 8, 4, 5
2021/1/7, 86, 29, 6, 8, 4, 3
2021/1/8, 92, 38, 7, 8, 3, 4
2021/1/9, 115, 36, 6, 5, 3, 3
2021/1/10, 109, 34, 8, 10, 3, 5
2021/1/11, 99, 33, 14, 9, 4, 5
2021/1/12, 98, 25, 16, 6, 5, 3
2021/1/13, 82, 31, 16, 4, 4, 1
2021/1/14, 95, 20, 14, 5, 3, 2
2021/1/15, 71, 27, 14, 4, 3, 2
2021/1/16, 87, 42, 11, 3, 2, 3
2021/1/17, 124, 71, 8, 11, 4, 8
2021/1/18, 171, 75, 6, 13, 4, 9
2021/1/19, 175, 36, 13, 9, 4, 5
2021/1/20, 110, 26, 14, 8, 5, 3
2021/1/21, 85, 21, 17, 7, 5, 3
2021/1/22, 74, 26, 18, 9, 6, 4
2021/1/23, 85, 29, 13, 8, 6, 4
2021/1/24, 90, 24, 17, 7, 6, 4
2021/1/25, 80, 22, 16, 4, 5, 3
2021/1/26, 76, 21, 15, 6, 4, 1
2021/1/27, 72, 22, 16, 7, 5, 2
2021/1/28, 74, 27, 14, 8, 6, 3
2021/1/29, 86, 59, 12, 9, 6, 6
2021/1/30, 150, 46, 13, 7, 5, 5
2021/1/31, 116, 77, 10, 12, 5, 9
2021/2/1, 180, 22, 11, 9, 5, 4
2021/2/2, 73, 3, 13, 8, 6, 3
2021/2/3, 12, 9, 21, 4, 6, 2
2021/2/4, 41, 35, 19, 8, 4, 6
2021/2/5, 94, 41, 21, 8, 4, 6
2021/2/6, 118, 25, 20, 2, 4, 3
2021/2/7, 74, 26, 17, 3, 5, 3
2021/2/8, 73, 43, 8, 7, 4, 5
2021/2/9, 123, 65, 7, 8, 5, 5
2021/2/10, 161, 38, 11, 5, 3, 3
2021/2/11, 103, 18, 12, 2, 3, 1
2021/2/12, 61, 23, 13, 3, 2, 1
2021/2/13, 76, 18, 15, 3, 1, 2
2021/2/14, 64, 34, 12, 5, , 2
2021/2/15, 103, 40, 13, 7, 1, 3
2021/2/16, 118, 48, 12, 9, 2, 4
2021/2/17, 135, 43, 18, 7, 1, 3
2021/2/18, 124, 45, 13, 12, 2, 4
2021/2/19, 129, 49, 12, 12, , 5
2021/2/20, 132, 35, 26, 8, 1, 4
2021/2/21, 105, 55, 20, 20, 1, 9
2021/2/22, 133, 66, 10, 22, , 9
2021/2/23, 163, 63, 15, 22, 1, 7
2021/2/24, 153, 67, 13, 21, 1, 8
2021/2/25, 157, 45, 10, 16, 1, 8
2021/2/26, 117, 13, , , , 
2021/2/27, 50, 22, , , , 
2021/2/28, 72, 21, 18, , 10, 
2021/3/1, 71, 34, 19, , 10, 
2021/3/2, 94, 53, 10, , 10, 
2021/3/3, 127, 47, 16, , 12, 
2021/3/4, 124, 16, 23, , 9, 
2021/3/5, 50, 21, 26, , , 
2021/3/6, 62, 22, 26, , , 
2021/3/7, 64, 15, 27, , , 
2021/3/8, 43, 33, 26, , , 
2021/3/9, 82, 63, 25, , 1, 
2021/3/10, 133, 56, 27, , 1, 
2021/3/11, 126, 23, 28, , 1, 
2021/3/12, 74, 21, 25, , 1, 
2021/3/13, 66, 10, 27, , 2, 
2021/3/14, 38, 33, 25, , 1, 
2021/3/15, 89, 31, 25, 6, 1, 21
2021/3/16, 81, 19, 19, 3, , 7
2021/3/17, 66, 16, 25, 4, , 3
2021/3/18, 55, 26, 21, 8, , 3
2021/3/19, 81, 28, 16, 5, , 2
2021/3/20, 86, 28, 21, 2, 1, 3
2021/3/21, 83, 16, 28, 4, 1, 2
2021/3/22, 51, 21, 23, 4, , 2
2021/3/23, 64, 33, 30, 9, , 3
2021/3/24, 87, 62, 17, 12, 1, 7
2021/3/25, 141, 60, 25, 14, 1, 5
2021/3/26, 132, 49, 31, 9, 1, 5
2021/3/27, 120, 18, 26, 3, , 1
2021/3/28, 63, 34, 23, 10, , 3
2021/3/29, 88, 40, 9, 9, , 2
2021/3/30, 112, 35, 24, 9, 1, 1
2021/3/31, 92, 44, 35, 8, 3, 2
2020/10/1, 47, 14, 5, 7, 2, 3
2020/10/2, 54, 12, 18, 4, 3, 2
2020/10/3, 44, 17, 20, 5, 3, 2
2020/10/4, 44, 15, 10, 7, 3, 3
2020/10/5, 48, 10, 12, 8, 3, 3
2020/10/6, 37, 15, 9, 8, 3, 2
2020/10/7, 51, 24, 4, 7, 2, 3
2020/10/8, 82, 17, 11, 7, 2, 4
2020/10/9, 59, 23, 14, 7, 2, 4
2020/10/10, 74, 14, 12, 2, 2, 2
2020/10/11, 54, 11, 12, 4, 2, 2
2020/10/12, 45, 7, 14, 3, 2, 2
2020/10/13, 29, 6, 8, 6, 3, 3
2020/10/14, 24, 13, 5, 6, 2, 4
2020/10/15, 47, 20, 7, 4, 1, 4
2020/10/16, 71, 17, 6, 3, 2, 3
2020/10/17, 64, 10, 17, 2, 1, 1
2020/10/18, 45, 11, 16, 5, , 2
2020/10/19, 43, 20, 18, 8, , 3
2020/10/20, 69, 17, 15, 7, 1, 2
2020/10/21, 55, 20, 17, 8, 1, 2
2020/10/22, 62, 27, 11, 9, 1, 3
2020/10/23, 81, 35, 6, 7, 2, 6
2020/10/24, 108, 29, 7, 5, , 5
2020/10/25, 93, 20, 11, 5, 3, 3
2020/10/26, 70, 27, 11, 9, , 4
2020/10/27, 85, 29, 5, 7, , 4
2020/10/28, 91, 25, 12, 7, , 4
2020/10/29, 81, 22, 11, 7, 1, 3
2020/10/30, 73, 26, 16, 5, , 4
2020/10/31, 85, 40, 10, 6, , 6
2020/11/1, 113, 24, 5, 7, 1, 5
2020/11/2, 78, 20, 7, 5, 1, 4
2020/11/3, 71, 13, 12, 4, , 2
2020/11/4, 53, 16, 14, 6, , 1
2020/11/5, 60, 14, 12, 5, 1, 2
2020/11/6, 55, 18, 9, 3, 3, 3
2020/11/7, 66, 26, 12, 5, 4, 4
2020/11/8, 87, 24, 14, 6, 4, 3
2020/11/9, 80, 16, 12, 9, 4, 2
2020/11/10, 55, 21, 12, 5, 4, 2
2020/11/11, 73, 18, 7, 7, 4, 4
2020/11/12, 64, 23, 5, 7, 4, 2
2020/11/13, 77, 23, 7, 6, 5, 3
2020/11/14, 78, 23, 7, 5, 5, 4
2020/11/15, 78, 25, 10, 9, 5, 4
2020/11/16, 81, 28, 4, 8, 5, 4
2020/11/17, 90, 31, 11, 9, 4, 4
2020/11/18, 97, 16, 13, 5, 5, 2
2020/11/19, 60, 12, 18, 6, 4, 2
2020/11/20, 45, 23, 15, 5, 3, 3
2020/11/21, 77, 20, 19, 4, 4, 3
2020/11/22, 67, 17, 17, 7, , 3
2020/11/23, 61, 13, 16, 6, 1, 3
2020/11/24, 48, 37, 6, 10, 2, 6
2020/11/25, 107, 45, 4, 10, 2, 5
2020/11/26, 132, 41, 7, 10, 2, 4
2020/11/27, 122, 18, 11, 4, 2, 2
2020/11/28, 63, 26, 6, 5, 3, 3
2020/11/29, 86, 30, 6, 8, 8, 4
2020/11/30, 94, 37, 4, 11, 6, 6
2020/12/1, 111, 21, 10, 7, 2, 3
2020/12/2, 73, 25, 11, 7, 3, 3
2020/12/3, 82, 22, 9, 8, 3, 3
2020/12/4, 74, 22, 13, 6, 4, 2
2020/12/5, 76, 12, 18, 3, 2, 
2020/12/6, 49, 15, 17, 5, 3, 2
2020/12/7, 50, 22, 16, 5, 3, 2
2020/12/8, 69, 29, 13, 6, 3, 3
2020/12/9, 90, 25, 8, 6, 3, 3
2020/12/10, 81, 23, 10, 6, 4, 3
2020/12/11, 78, 22, 8, 5, 4, 2
2020/12/12, 75, 29, 7, 4, 3, 3
2020/12/13, 92, 26, 11, 6, 2, 4
2020/12/14, 84, 26, 8, 7, 2, 4
2020/12/15, 83, 34, 7, 9, 2, 5
2020/12/16, 105, 46, 4, 9, 2, 7
2020/12/17, 136, 38, 2, 9, 2, 4
2020/12/18, 115, 35, 6, 9, 2, 5
2020/12/19, 105, 24, 13, 5, 1, 4
2020/12/20, 80, 32, 11, 8, 1, 4
2020/12/21, 100, 26, 7, 8, 2, 4
2020/12/22, 84, 30, 10, 10, 3, 6
2020/12/23, 86, 13, 13, 5, 4, 4
2020/12/24, 51, 9, 19, 2, 4, 1
2020/12/25, 39, 13, 16, 2, 2, 1
2020/12/26, 51, 22, 11, 4, 3, 3
2020/12/27, 75, 13, 9, 6, 6, 2
2020/12/28, 54, 10, 17, 6, 7, 1
2020/12/29, 42, 17, 13, 11, 5, 3
2020/12/30, 60, 33, 13, 5, 4, 2
2020/12/31, 103, 24, 16, 2, 4, 2
2021/1/1, 81, 44, 6, 10, 3, 6
2021/1/2, 126, 42, 6, 6, 4, 5
2021/1/3, 125, 38, 6, 7, 4, 4
2020/7/1, 28, 10, 19, 8, 2, 2
2020/7/2, 39, 12, 26, 6, 2, 2
2020/7/3, 46, 11, 41, 5, , 1
2020/7/4, 39, 10, 43, 3, 1, 1
2020/7/5, 33, 11, 31, 3, 1, 1
2020/7/6, 28, 9, 27, 3, , 
2020/7/7, 24, 8, 29, 5, , 1
2020/7/8, 25, 10, 32, 5, , 2
2020/7/9, 36, 13, 39, 4, 1, 2
2020/7/10, 33, 8, 26, 2, , 
2020/7/11, 26, 7, 27, 1, , 1
2020/7/12, 25, 7, 24, 3, , 1
2020/7/13, 20, 11, 28, 6, 1, 2
2020/7/14, 30, 13, 36, 11, 2, 2
2020/7/15, 38, 13, 32, 7, 2, 1
2020/7/16, 42, 15, 34, 3, 1, 1
2020/7/17, 53, 12, 35, 4, 1, 2
2020/7/18, 41, 12, 32, 5, 2, 2
2020/7/19, 38, 13, 36, 7, 2, 1
2020/7/20, 38, 14, 32, 4, 1, 2
2020/7/21, 44, 9, 32, 5, 1, 1
2020/7/22, 22, 12, 31, 8, 2, 2
2020/7/23, 32, 13, 39, 9, 1, 2
2020/7/24, 32, 13, 53, 4, 2, 2
2020/7/25, 39, 12, 44, 3, 1, 1
2020/7/26, 34, 17, 36, 8, 2, 2
2020/7/27, 48, 16, 39, 9, 2, 2
2020/7/28, 42, 14, 36, 6, 2, 2
2020/7/29, 40, 19, 45, 8, 1, 
2020/7/30, 39, 21, 37, 7, 1, 2
2020/7/31, 32, 9, 27, 2, 1, 1
2020/8/1, 24, 14, 37, 8, 1, 1
2020/8/2, 38, 17, 35, 8, 2, 2
2020/8/3, 31, 22, 34, 8, 2, 3
2020/8/4, 56, 7, 21, 5, , 1
2020/8/5, 28, 13, 36, 4, 1, 2
2020/8/6, 39, 17, 38, 6, 1, 2
2020/8/7, 49, 16, 37, 5, 1, 2
2020/8/8, 42, 13, 31, 8, 1, 3
2020/8/9, 41, 16, 33, 9, 2, 3
2020/8/10, 45, 16, 33, 7, 1, 3
2020/8/11, 40, 18, 31, 8, , 2
2020/8/12, 35, 21, 42, 11, 1, 3
2020/8/13, 44, 21, 41, 8, 1, 3
2020/8/14, 43, 12, 30, 4, 1, 1
2020/8/15, 32, 12, 38, 4, , 2
2020/8/16, 30, 17, 32, 10, 2, 3
2020/8/17, 44, 18, 32, 10, 2, 3
2020/8/18, 59, 19, 38, 8, 2, 2
2020/8/19, 62, 19, 24, 8, 1, 5
2020/8/20, 58, 17, 32, 11, 1, 4
2020/8/21, 43, 17, 32, 8, 1, 1
2020/8/22, 49, 10, 11, 3, 1, 2
2020/8/23, 42, 11, 17, 8, 1, 2
2020/8/24, 41, 13, 22, 8, 1, 3
2020/8/25, 46, 10, 22, 6, 1, 1
2020/8/26, 28, 5, 21, 3, 1, 
2020/8/27, 17, 9, 18, 7, , 1
2020/8/28, 27, 11, 21, 6, 1, 2
2020/8/29, 38, 12, 27, 5, 1, 2
2020/8/30, 39, 10, 22, 4, 1, 2
2020/8/31, 22, 3, 12, 3, , 2
2020/9/1, 14, 10, 11, 5, , 2
2020/9/2, 39, 10, 23, 7, , 3
2020/9/3, 36, 12, 27, 7, , 1
2020/9/4, 40, 11, 19, 5, 1, 1
2020/9/5, 41, 13, 11, 4, , 1
2020/9/6, 51, 8, 14, 5, , 2
2020/9/7, 36, 9, 23, 5, 2, 4
2020/9/8, 33, 11, 22, 7, 5, 3
2020/9/9, 40, 13, 18, 6, 7, 3
2020/9/10, 46, 14, 20, 10, 7, 3
2020/9/11, 45, 19, 25, 9, 7, 4
2020/9/12, 59, 12, 28, 4, 7, 2
2020/9/13, 45, 17, 24, 11, 7, 3
2020/9/14, 54, 26, 20, 12, 7, 4
2020/9/15, 74, 27, 21, 10, 9, 3
2020/9/16, 77, 13, 18, 3, 8, 1
2020/9/17, 38, 10, 21, 5, 4, 2
2020/9/18, 23, 21, 22, 8, 3, 5
2020/9/19, 62, 19, 22, 7, 3, 4
2020/9/20, 57, 20, 17, 11, 3, 5
2020/9/21, 54, 23, 19, 14, 3, 4
2020/9/22, 65, 24, 18, 14, 2, 4
2020/9/23, 63, 22, 19, 11, 3, 3
2020/9/24, 64, 19, 20, 8, 3, 2
2020/9/25, 48, 20, 22, 5, 4, 2
2020/9/26, 57, 5, 15, 3, 2, 
2020/9/27, 20, 8, 8, 4, 1, 2
2020/9/28, 34, 10, 7, 5, 2, 2
2020/9/29, 44, 12, 7, 3, 2, 1
2020/9/30, 50, 13, 9, 3, 3, 2
2020/4/1, 61, 35, 35, 7, 5, 2
2020/4/2, 89, 33, 32, 5, 4, 1
2020/4/3, 81, 30, 34, 7, 3, 2
2020/4/4, 74, 47, 35, 9, 3, 6
2020/4/5, 111, 37, 38, 10, 3, 3
2020/4/6, 85, 50, 46, 13, 2, 3
2020/4/7, 101, 33, 40, 11, 2, 3
2020/4/8, 73, 39, 51, 7, 3, 2
2020/4/9, 71, 21, 35, 6, 1, 2
2020/4/10, 44, 27, 34, 6, 2, 3
2020/4/11, 71, 24, 41, 4, 3, 2
2020/4/12, 60, 22, 40, 1, 3, 1
2020/4/13, 44, 20, 32, 1, 2, 1
2020/4/14, 31, 26, 31, 3, 2, 1
2020/4/15, 53, 45, 45, 2, 3, 
2020/4/16, 59, 26, 40, 3, 3, 
2020/4/17, 44, 18, 35, 4, 2, 2
2020/4/18, 45, 23, 35, 5, 2, 2
2020/4/19, 60, 17, 33, 4, 2, 2
2020/4/20, 44, 17, 37, 4, 2, 1
2020/4/21, 44, 31, 37, 8, 2, 2
2020/4/22, 61, 34, 42, 8, 2, 1
2020/4/23, 60, 29, 44, 10, 4, 2
2020/4/24, 55, 33, 41, 2, 4, 
2020/4/25, 48, 9, 37, 1, 3, 1
2020/4/26, 26, 21, 40, 10, 3, 2
2020/4/27, 45, 25, 45, 6, 4, 1
2020/4/28, 46, 21, 45, 4, 4, 1
2020/4/29, 51, 12, 24, 2, 4, 
2020/4/30, 48, 16, 31, 2, 4, 
2020/5/1, 59, 14, 33, 4, 4, 1
2020/5/2, 49, 14, 34, 2, 3, 
2020/5/3, 54, 14, 32, 6, 3, 1
2020/5/4, 42, 14, 28, 5, 2, 1
2020/5/5, 49, 5, 33, 2, 2, 
2020/5/6, 24, 11, 35, 4, 1, 1
2020/5/7, 36, 16, 40, 10, 1, 2
2020/5/8, 50, 20, 42, 10, 1, 2
2020/5/9, 60, 18, 47, 7, 2, 2
2020/5/10, 55, 18, 41, 5, 3, 1
2020/5/11, 38, 6, 25, 2, 1, 
2020/5/12, 19, 13, 37, 5, 1, 
2020/5/13, 39, 13, 32, 7, 1, 1
2020/5/14, 51, 20, 32, 7, 1, 1
2020/5/15, 67, 15, 38, 5, 1, 
2020/5/16, 45, 12, 43, 3, 2, 
2020/5/17, 40, 15, 34, 4, 1, 1
2020/5/18, 37, 18, 38, 5, 2, 
2020/5/19, 53, 10, 31, 4, 2, 
2020/5/20, 29, 17, 33, 2, 1, 2
2020/5/21, 24, 14, 31, 5, 2, 2
2020/5/22, 34, 15, 36, 7, 3, 1
2020/5/23, 43, 7, 29, 2, 3, 1
2020/5/24, 29, 12, 22, 6, 3, 2
2020/5/25, 47, 7, 26, 4, 3, 1
2020/5/26, 29, 10, 36, 5, 2, 1
2020/5/27, 32, 9, 34, 5, 3, 2
2020/5/28, 29, 10, 31, 2, 3, 2
2020/5/29, 20, 5, 25, 1, 3, 1
2020/5/30, 17, 11, 20, 2, 3, 1
2020/5/31, 39, 13, 29, 4, 3, 6
2020/6/1, 27, 10, 23, 4, 3, 4
2020/6/2, 25, 7, 26, 2, 3, 2
2020/6/3, 24, 11, 33, 7, 4, 1
2020/6/4, 38, 16, 32, 5, 4, 1
2020/6/5, 42, 7, 30, 4, 4, 1
2020/6/6, 24, 12, 32, 6, 4, 2
2020/6/7, 40, 13, 30, 6, 4, 2
2020/6/8, 46, 14, 25, 3, 3, 1
2020/6/9, 56, 17, 22, 9, 4, 3
2020/6/10, 57, 11, 29, 3, 4, 2
2020/6/11, 42, 15, 29, 3, 4, 1
2020/6/12, 44, 15, 28, 1, 4, 2
2020/6/13, 50, 9, 21, 1, 4, 1
2020/6/14, 34, 10, 31, 3, 4, 1
2020/6/15, 37, 11, 33, 3, 1, 2
2020/6/16, 38, 14, 33, 4, 2, 2
2020/6/17, 50, 12, 37, 6, 2, 1
2020/6/18, 38, 15, 25, 9, 2, 2
2020/6/19, 52, 15, 32, 5, 2, 2
2020/6/20, 54, 11, 32, 1, 1, 2
2020/6/21, 40, 12, 27, 2, 1, 1
2020/6/22, 47, 7, 22, 1, , 2
2020/6/23, 30, 7, 16, 5, 1, 2
2020/6/24, 30, 13, 36, 6, , 1
2020/6/25, 39, 14, 35, 5, , 2
2020/6/26, 38, 13, 37, 3, 1, 1
2020/6/27, 45, 13, 46, 2, 1, 1
2020/6/28, 47, 14, 37, 5, 2, 2
2020/6/29, 45, 10, 38, 3, 1, 2
2020/6/30, 31, 13, 40, 6, 1, 1
2020/1/1, 55, 27, 20, 7, 3, 2
2020/1/2, 84, 43, 11, 13, 4, 4
2020/1/3, 120, 16, 28, 4, 3, 1
2020/1/4, 57, 9, 27, 1, 2, 
2020/1/5, 35, 31, 12, 6, 2, 2
2020/1/6, 96, 48, 11, 15, 4, 5
2020/1/7, 129, 48, 13, 12, 3, 4
2020/1/8, 138, 34, 13, 10, 3, 4
2020/1/9, 104, 34, 11, 10, 3, 3
2020/1/10, 103, 16, 18, 4, 3, 1
2020/1/11, 58, 18, 18, 4, 2, 1
2020/1/12, 65, 27, 12, 10, 3, 3
2020/1/13, 84, 27, 14, 8, 3, 3
2020/1/14, 82, 32, 27, 8, 3, 3
2020/1/15, 91, 43, 21, 12, 4, 6
2020/1/16, 111, 48, 14, 12, 2, 6
2020/1/17, 125, 42, 12, 12, 2, 4
2020/1/18, 123, 65, 4, 8, 2, 6
2020/1/19, 160, 30, 21, 7, 1, 2
2020/1/20, 92, 17, 19, 5, 2, 2
2020/1/21, 60, 18, 24, 5, 2, 2
2020/1/22, 66, 17, 22, 6, 2, 2
2020/1/23, 60, 39, 15, 11, 3, 4
2020/1/24, 112, 34, 12, 7, 3, 2
2020/1/25, 104, 49, 14, 11, 4, 4
2020/1/26, 132, 62, 5, 16, 4, 6
2020/1/27, 161, 29, 13, 12, 4, 3
2020/1/28, 91, 14, 19, 7, 3, 2
2020/1/29, 54, 12, 18, 6, 3, 1
2020/1/30, 49, 10, 24, 5, 3, 1
2020/1/31, 43, 13, 21, 5, 3, 1
2020/2/1, 53, 8, 26, 2, 3, 
2020/2/2, 33, 13, 21, 6, 3, 
2020/2/3, 49, 16, 21, 7, 3, 
2020/2/4, 62, 11, 23, 4, 2, 
2020/2/5, 43, 19, 24, 5, 2, 1
2020/2/6, 67, 10, 25, 4, 1, 1
2020/2/7, 37, 41, 21, 12, 2, 5
2020/2/8, 106, 28, 29, 6, 3, 3
2020/2/9, 83, 17, 28, 5, 4, 1
2020/2/10, 53, 7, 27, 5, 3, 1
2020/2/11, 31, 8, 26, 4, 3, 1
2020/2/12, 29, 22, 22, 9, 3, 3
2020/2/13, 62, 23, 17, 9, 2, 3
2020/2/14, 75, 32, 22, 7, 2, 3
2020/2/15, 101, 24, 29, 4, 2, 2
2020/2/16, 77, 24, 28, 8, 3, 1
2020/2/17, 68, 16, 24, 6, 3, 1
2020/2/18, 52, 23, 19, 10, 3, 2
2020/2/19, 66, 32, 20, 10, 2, 5
2020/2/20, 87, 23, 16, 10, 2, 2
2020/2/21, 75, 16, 26, 4, 2, 1
2020/2/22, 56, 7, 29, 3, 3, 
2020/2/23, 30, 9, 23, 4, 3, 1
2020/2/24, 37, 16, 17, 8, 3, 2
2020/2/25, 60, 18, 26, 9, 4, 2
2020/2/26, 62, 15, 24, 7, 3, 2
2020/2/27, 52, 32, 20, 12, 1, 4
2020/2/28, 92, 20, 27, 5, , 1
2020/2/29, 64, 19, 25, 4, 1, 1
2020/3/1, 66, 21, 13, 15, 2, 2
2020/3/2, 73, 28, 20, 12, 2, 3
2020/3/3, 72, 14, 24, 5, 1, 1
2020/3/4, 57, 34, 27, 13, 1, 4
2020/3/5, 95, 32, 17, 12, 1, 3
2020/3/6, 89, 22, 18, 6, 1, 2
2020/3/7, 71, 23, 17, 7, , 2
2020/3/8, 78, 48, 11, 14, 1, 6
2020/3/9, 129, 47, 20, 14, 1, 5
2020/3/10, 126, 12, 28, 5, 1, 2
2020/3/11, 43, 17, 28, 5, 1, 1
2020/3/12, 44, 10, 30, 4, , 1
2020/3/13, 31, 7, 30, , , 
2020/3/14, 26, 26, 31, 6, , 3
2020/3/15, 77, 21, 32, 5, , 2
2020/3/16, 57, 44, 30, 10, , 4
2020/3/17, 98, 52, 34, 13, , 3
2020/3/18, 119, 36, 29, 6, , 1
2020/3/19, 92, 16, 23, 5, , 1
2020/3/20, 52, 12, 24, 1, , 1
2020/3/21, 45, 16, 25, 1, , 1
2020/3/22, 51, 23, 31, 5, 2, 2
2020/3/23, 70, 34, 33, 7, 2, 4
2020/3/24, 90, 34, 35, 7, 2, 3
2020/3/25, 88, 39, 37, 6, 3, 2
2020/3/26, 91, 54, 42, 11, 5, 3
2020/3/27, 127, 61, 41, 8, 5, 4
2020/3/28, 155, , , , , 
2019/10/1, 25, 9, 23, 6, 1, 
2019/10/2, 38, 15, 23, 9, 1, 1
2019/10/3, 43, 13, 19, 7, 1, 
2019/10/4, 64, 19, 16, 8, , 1
2019/10/5, 79, 24, 16, 7, 1, 2
2019/10/6, 34, 9, 23, 3, , 
2019/10/7, 65, 23, 23, 10, , 2
2019/10/8, 68, 16, 21, 9, , 2
2019/10/9, 55, 13, 15, 9, , 1
2019/10/10, 49, 12, 17, 7, , 
2019/10/11, 42, 10, 26, 4, , 
2019/10/12, 32, 12, 27, 6, 1, 
2019/10/13, 42, 25, 23, 14, 1, 2
2019/10/14, 73, 39, 22, 16, 2, 3
2019/10/15, 95, 25, 23, 10, 1, 1
2019/10/16, 74, 56, , 24, , 7
2019/10/17, 148, 47, 21, 19, 1, 6
2019/10/18, 117, 42, 13, 13, 19, 4
2019/10/19, 112, 25, 18, 11, , 2
2019/10/20, 75, 45, 18, 21, 2, 8
2019/10/21, 107, 64, 20, 20, 2, 8
2019/10/22, 154, 56, 8, 13, 2, 4
2019/10/23, 150, 49, 11, 15, 2, 3
2019/10/24, 132, 47, 26, 13, 2, 2
2019/10/25, 122, 37, 24, 9, 1, 2
2019/10/26, 109, 27, 26, 5, 2, 1
2019/10/27, 78, 13, 19, 6, 1, 
2019/10/28, 45, 15, 16, 6, 1, 1
2019/10/29, 55, 21, 17, 9, , 2
2019/10/30, 67, 35, 16, 13, , 3
2019/10/31, 97, 39, 19, 11, 1, 5
2019/11/1, 110, 18, 17, 5, 2, 2
2019/11/2, 60, 11, 16, 5, 6, 1
2019/11/3, 44, 15, 13, 8, 6, 1
2019/11/4, 56, 14, 12, 9, 3, 2
2019/11/5, 51, 21, 6, 7, 2, 1
2019/11/6, 72, 28, 10, 10, 1, 5
2019/11/7, 88, 18, 12, 8, , 2
2019/11/8, 65, 25, 14, 10, 1, 3
2019/11/9, 82, 16, 15, 3, 1, 2
2019/11/10, 63, 34, 13, 7, , 5
2019/11/11, 94, 19, 14, 10, 1, 3
2019/11/12, 65, 24, 18, 10, 2, 2
2019/11/13, 75, 22, 13, 6, , 3
2019/11/14, 71, 31, 6, 7, , 1
2019/11/15, 94, 24, 11, 7, , 2
2019/11/16, 77, 26, 9, 6, , 2
2019/11/17, 83, 27, 10, 9, , 1
2019/11/18, 84, 35, 8, 16, , 4
2019/11/19, 98, 25, 14, 6, , 2
2019/11/20, 82, 12, 10, 4, , 2
2019/11/21, 48, 14, 11, 5, , 3
2019/11/22, 53, 17, 9, 4, , 4
2019/11/23, 62, 23, 6, 3, , 5
2019/11/24, 77, 23, 4, 6, 2, 4
2019/11/25, 78, 23, 3, 6, 4, 2
2019/11/26, 74, 24, 10, 9, 5, 3
2019/11/27, 76, 24, 6, 10, 6, 3
2019/11/28, 78, 14, 19, 8, 6, 2
2019/11/29, 52, 13, 21, 4, 4, 1
2019/11/30, 47, 28, 16, 6, 3, 3
2019/12/1, 89, 28, 16, 10, 4, 3
2019/12/2, 85, 20, 19, 7, 3, 2
2019/12/3, 68, 33, 12, 11, 4, 3
2019/12/4, 98, 31, 15, 11, 3, 3
2019/12/5, 90, 31, 15, 9, 5, 3
2019/12/6, 89, 21, 14, 6, 5, 3
2019/12/7, 71, 17, 15, 4, 5, 1
2019/12/8, 63, 24, 14, 10, 2, 3
2019/12/9, 79, 23, 17, 8, 2, 2
2019/12/10, 74, 25, 14, 10, 2, 3
2019/12/11, 81, 30, 14, 12, 3, 3
2019/12/12, 92, 16, 13, 7, 4, 2
2019/12/13, 62, 25, 21, 7, 4, 2
2019/12/14, 81, 11, 24, 5, 3, 1
2019/12/15, 43, 34, 12, 13, 3, 5
2019/12/16, 100, 28, 14, 13, 4, 3
2019/12/17, 86, 21, 15, 10, 4, 2
2019/12/18, 69, 50, 3, 14, 4, 8
2019/12/19, 140, 31, 14, 14, 4, 3
2019/12/20, 90, 29, 13, 12, 5, 4
2019/12/21, 87, 19, 14, 6, 4, 2
2019/12/22, 68, 18, 7, 8, 4, 2
2019/12/23, 66, 9, 18, 3, 3, 1
2019/12/24, 34, 20, 15, 3, 2, 1
2019/12/25, 71, 15, 16, 2, 3, 1
2019/12/26, 57, 11, 15, 1, 2, 1
2019/12/27, 45, 9, 20, , 2, 1
2019/12/28, 36, 11, 21, 1, 1, 1
2019/12/29, 45, , , , , 
2019/7/25, 23, 22, 45, 6, 2, 
2019/7/26, 31, 18, 32, 4, 1, 
2019/7/27, 51, 23, 39, 5, 2, 
2019/7/28, 62, 28, 43, 6, 3, 
2019/7/29, 70, 32, 36, 8, 3, 
2019/7/30, 63, 22, 46, 5, 3, 
2019/7/31, 44, 20, 35, 3, 2, 
2019/8/1, 37, 18, 41, 5, 2, 
2019/8/2, 48, 19, 31, 5, 2, 
2019/8/3, 39, 15, 35, 3, 2, 
2019/8/4, 42, 14, 33, 3, 2, 
2019/8/5, 43, 17, 33, 8, 2, 
2019/8/6, 54, 26, 47, 11, 3, 
2019/8/7, 53, 18, 31, 8, 3, 
2019/8/8, 49, 17, 38, 7, 2, 
2019/8/9, 46, 19, 44, 9, 2, 
2019/8/10, 51, 22, 35, 12, 2, 
2019/8/11, 25, 9, 36, 5, 2, 
2019/8/12, 52, 22, 35, 14, 4, 
2019/8/13, 51, 17, 32, 8, 3, 
2019/8/14, 49, 16, 23, 11, 2, 
2019/8/15, 37, 13, 39, 9, 2, 
2019/8/16, 32, 13, 40, 14, 2, 1
2019/8/17, 52, 21, 43, 12, 2, 2
2019/8/18, 45, 17, 38, 7, 2, 
2019/8/19, 30, 15, 38, 6, 2, 1
2019/8/20, 31, 10, 28, 4, 1, 
2019/8/21, 44, 13, 24, 5, 1, 
2019/8/22, 32, 12, 34, 6, , 
2019/8/23, 34, 15, 38, 9, 1, 
2019/8/24, 46, 19, 38, 11, , 
2019/8/25, 40, 15, 38, 5, 1, 
2019/8/26, 43, 22, 41, 7, 1, 
2019/8/27, 54, 27, 43, 8, 2, 
2019/8/28, 59, 33, 43, 12, 3, 
2019/8/29, 66, 39, 43, 16, 2, 
2019/8/30, 70, 28, 39, 14, 1, 
2019/8/31, 60, 20, 45, 6, , 
2019/9/1, 54, 19, 45, 10, 1, 
2019/9/2, 66, 23, 40, 7, 1, 
2019/9/3, 28, 9, 23, 5, , 
2019/9/4, 36, 16, 38, 11, 1, 
2019/9/5, 52, 22, 35, 15, 2, 1
2019/9/6, 38, 18, 34, 8, , 
2019/9/7, 51, 22, 37, 10, 1, 
2019/9/8, 55, 19, 35, 6, 1, 
2019/9/9, 55, 34, 34, 9, 1, 1
2019/9/10, 24, 11, 29, 9, , 
2019/9/11, 52, 23, 36, 16, , 
2019/9/12, 57, 25, 43, 15, , 
2019/9/13, 56, 21, 31, 10, , 
2019/9/14, 27, 10, 29, 3, , 
2019/9/15, 38, 13, 33, 7, , 
2019/9/16, 37, 15, 26, 5, 1, 
2019/9/17, 37, 14, 26, 5, , 
2019/9/18, 14, 5, 23, 3, , 
2019/9/19, 30, 9, 23, 4, , 
2019/9/20, 40, 14, 21, 7, , 
2019/9/21, 47, 13, 17, 7, , 
2019/9/22, 55, 17, 32, 12, , 
2019/9/23, 60, 18, 12, 10, , 
2019/9/24, 74, 29, 23, 10, , 
2019/9/25, 96, 37, 13, 14, 2, 
2019/9/26, 89, 28, 9, 10, 1, 
2019/9/27, 90, 30, 18, 8, , 2
2019/9/28, 49, 14, 22, 8, 1, 1
2019/9/29, 40, 12, 21, 5, 1, 1
2019/9/30, 19, 7, 25, 4, 2, 1
2019/4/1, 45, 33, 36, 9, 3, 1
2019/4/2, 62, 35, 40, 8, 4, 
2019/4/3, 64, 41, 35, 9, 6, 
2019/4/4, 78, 44, 37, 10, 6, 1
2019/4/5, 88, 38, 37, 7, 4, 1
2019/4/6, 83, 31, 43, 9, 4, 2
2019/4/7, 81, 52, 47, 18, 5, 5
2019/4/8, 122, 42, 37, 9, 4, 1
2019/4/9, 92, 27, 37, 6, 4, 2
2019/4/10, 67, 23, 26, 9, 3, 2
2019/4/11, 67, 21, 32, 6, 3, 
2019/4/12, 57, 25, 32, 5, 3, 1
2019/4/13, 65, 20, 41, 4, 3, 1
2019/4/14, 55, 21, 40, 8, 3, 
2019/4/15, 49, 25, 31, 10, 3, 1
2019/4/16, 63, 25, 44, 11, 3, 1
2019/4/17, 63, 34, 49, 14, 3, 3
2019/4/18, 76, 27, 47, 9, 3, 
2019/4/19, 56, 36, 52, 12, 3, 2
2019/4/20, 76, 17, 44, 2, 4, 
2019/4/21, 48, 20, 45, 4, 4, 
2019/4/22, 59, 35, 50, 6, 4, 
2019/4/23, 62, 26, 37, 9, 8, 
2019/4/24, 55, 35, 38, 11, 6, 
2019/4/25, 64, 41, 42, 15, 3, 
2019/4/26, 71, 43, 36, 6, 3, 
2019/4/27, 78, 22, 24, 2, 2, 
2019/4/28, 66, 24, 17, 5, 1, 1
2019/4/29, 70, 16, 28, 5, 1, 
2019/4/30, 49, 17, 41, 5, 1, 
2019/5/1, 51, 22, 47, 3, 2, 
2019/5/2, 53, 21, 32, 5, 2, 
2019/5/3, 57, 17, 41, 5, 2, 
2019/5/4, 52, 18, 31, 4, 1, 
2019/5/5, 52, 10, 36, 3, 1, 
2019/5/6, 23, 14, 38, 3, 1, 
2019/5/7, 29, 20, 34, 10, 1, 
2019/5/8, 47, 18, 37, 8, 3, 1
2019/5/9, 40, 23, 26, 12, 2, 3
2019/5/10, 68, 28, 35, 10, 2, 3
2019/5/11, 78, 20, 43, 10, 1, 2
2019/5/12, 55, 11, 29, 3, , 
2019/5/13, 34, 13, 27, 3, , 
2019/5/14, 39, 16, 11, 7, 1, 
2019/5/15, 50, 17, 20, 6, 2, 
2019/5/16, 55, 17, 24, 10, 3, 
2019/5/17, 49, 19, 24, 11, 3, 
2019/5/18, 57, 15, 31, 4, 3, 
2019/5/19, 44, 18, 22, 8, 4, 
2019/5/20, 48, 12, 28, 6, 4, 3
2019/5/21, 35, 6, 28, 10, 4, 3
2019/5/22, 16, 11, 27, 7, 3, 2
2019/5/23, 31, 21, 22, 6, , 1
2019/5/24, 62, 20, 49, 5, , 
2019/5/25, 54, 17, 40, 6, , 
2019/5/26, 45, 22, 40, 10, 1, 
2019/5/27, 56, 15, 29, 7, 2, 
2019/5/28, 41, 13, 22, 6, 1, 
2019/5/29, 39, 11, 25, 4, , 
2019/5/30, 21, 13, 48, 9, , 
2019/5/31, 31, 19, 33, 13, , 1
2019/6/1, 49, 16, 38, 9, , 2
2019/6/2, 42, 13, 37, 6, , 
2019/6/3, 35, 17, 36, 7, 1, 
2019/6/4, 41, 20, 38, 7, 2, 
2019/6/5, 46, 20, 28, 9, 4, 
2019/6/6, 51, 16, 33, 9, 2, 
2019/6/7, 40, 20, 41, 9, 1, 
2019/6/8, 57, , , , , 
2019/6/10, 39, 21, 37, 9, 2, 
2019/6/11, 53, 23, 41, 11, 4, 
2019/6/12, 54, 26, 43, 9, 3, 
2019/6/13, 55, 24, 47, 6, 2, 
2019/6/14, 50, 15, 52, 6, 2, 
2019/6/15, 46, , , , , 
2019/6/17, 25, 11, 35, 8, 2, 
2019/6/18, 31, 17, 23, 13, 3, 1
2019/6/19, 48, 15, 32, 5, 4, 
2019/6/20, 45, 12, 34, 8, 3, 
2019/6/21, 40, 11, 34, 3, 2, 
2019/6/22, 33, 4, 38, 2, 2, 
2019/6/23, 8, 5, 34, 5, 2, 
2019/6/24, 13, 6, 37, 7, 2, 
2019/6/25, 12, 8, 48, 8, 3, 1
2019/6/26, 22, 6, 45, 3, 4, 
2019/6/27, 11, 1, 29, 2, 3, 
2019/6/29, 3, 1, 52, 6, 5, 
2019/6/30, 3, 2, 72, 6, 5, 1
2019/1/1, 70, 8, 28, 3, 3, 
2019/1/2, 32, 8, 29, 2, 2, 1
2019/1/3, 29, 17, 22, 7, 2, 2
2019/1/4, 62, 19, 25, 6, 4, 1
2019/1/5, 68, 13, 24, 1, 2, 1
2019/1/6, 54, 36, 14, 9, 1, 4
2019/1/7, 105, 38, 16, 12, 5, 3
2019/1/8, 111, 38, 17, 11, 7, 3
2019/1/9, 114, 49, 16, 10, 4, 4
2019/1/10, 137, 49, 15, 12, 4, 4
2019/1/11, 139, 25, 22, 8, 5, 1
2019/1/12, 82, 23, 17, 8, 5, 3
2019/1/13, 79, 8, 28, 6, 5, 
2019/1/14, 37, 15, 25, 5, 4, 1
2019/1/15, 55, 18, 25, 10, 4, 2
2019/1/16, 60, 28, 18, 11, 5, 1
2019/1/17, 87, 19, 20, 8, 4, 1
2019/1/18, 65, 38, 15, 12, 4, 2
2019/1/19, 109, 68, 14, 20, 7, 7
2019/1/20, 166, 56, 8, 14, 4, 3
2019/1/21, 151, 50, 22, 15, 7, 3
2019/1/22, 138, 31, 25, 6, 5, 
2019/1/23, 94, 25, 25, 5, 5, 
2019/1/24, 79, 31, 23, 11, 5, 2
2019/1/25, 94, 64, 14, 14, 8, 5
2019/1/26, 161, 66, 23, 14, 8, 8
2019/1/27, 161, 55, 17, 24, 11, 6
2019/1/28, 145, 44, 12, 16, 7, 4
2019/1/29, 124, 52, 13, 14, 6, 5
2019/1/30, 144, 37, 12, 12, 5, 5
2019/1/31, 111, 36, 17, 16, 6, 4
2019/2/1, 107, 29, 21, 13, 8, 3
2019/2/2, 90, 43, 16, 13, 7, 4
2019/2/3, 122, 23, 10, 8, 3, 2
2019/2/4, 75, 35, 14, 14, 3, 3
2019/2/5, 101, 38, 18, 12, 4, 2
2019/2/6, 107, 45, 22, 17, 6, 4
2019/2/7, 115, 52, 20, 18, 6, 5
2019/2/8, 131, 43, 25, 11, 6, 3
2019/2/9, 119, 31, 29, 6, 5, 2
2019/2/10, 91, 20, 25, 8, 3, 2
2019/2/11, 68, 10, 27, 3, 1, 
2019/2/12, 41, 23, 19, 7, , 
2019/2/13, 75, 26, 25, 7, , 1
2019/2/14, 80, 46, 9, 18, 1, 4
2019/2/15, 127, 49, 8, 12, , 3
2019/2/16, 131, 43, 27, 8, 3, 2
2019/2/17, 118, 54, 17, 19, 2, 4
2019/2/18, 129, 59, 26, 16, 3, 4
2019/2/19, 146, 18, 30, 5, 2, 
2019/2/20, 62, 21, 23, 8, 1, 1
2019/2/21, 70, 10, 29, 3, , 
2019/2/22, 33, 17, 29, 4, , 2
2019/2/23, 52, 36, 24, 9, 1, 2
2019/2/24, 99, 46, 19, 10, 2, 1
2019/2/25, 117, 28, 32, 6, 1, 
2019/2/26, 70, 21, 26, 7, 1, 
2019/2/27, 60, 41, 30, 8, 3, 1
2019/2/28, 87, 23, 30, 7, 2, 
2019/3/1, 63, 26, 34, 8, 1, 2
2019/3/2, 72, 42, 22, 7, 3, 3
2019/3/3, 109, 28, 27, 9, 4, 1
2019/3/4, 71, 11, 33, 6, 3, 1
2019/3/5, 34, 26, 25, 10, 2, 2
2019/3/6, 74, 26, 29, 9, 3, 1
2019/3/7, 62, 17, 30, 7, 3, 1
2019/3/8, 40, 12, 30, 5, 2, 
2019/3/9, 39, 7, 37, 4, 3, 1
2019/3/10, 24, 11, 31, 5, 3, 1
2019/3/11, 38, 19, 29, 7, 2, 1
2019/3/12, 58, 32, 23, 12, 3, 2
2019/3/13, 81, 25, 24, 11, 4, 2
2019/3/14, 66, 15, 25, 9, 4, 2
2019/3/15, 49, 9, 34, 3, 3, 1
2019/3/16, 30, 22, 30, 6, 4, 1
2019/3/17, 64, 18, 28, 9, 3, 1
2019/3/18, 54, 25, 29, 8, 2, 1
2019/3/19, 65, 34, 30, 11, 2, 2
2019/3/20, 82, 35, 28, 8, 2, 1
2019/3/21, 86, 30, 24, 8, 1, 
2019/3/22, 76, 34, 36, 15, 2, 3
2019/3/23, 77, 22, 35, 5, 2, 1
2019/3/24, 60, 32, 32, 12, 3, 2
2019/3/25, 77, 23, 33, 5, 2, 
2019/3/26, 56, 18, 33, 5, , 1
2019/3/27, 44, 28, 28, 10, 2, 3
2019/3/28, 75, 51, 28, 10, 2, 3
2019/3/29, 101, 35, 28, 9, 3, 2
2019/3/30, 91, 39, 43, 7, 5, 1
2019/3/31, 104, 18, 34, 6, 2, 1
2018/10/1, 87, 27, 17, 10, 3, 2
2018/10/2, 79, 11, 22, 6, 11, 2
2018/10/3, 40, 16, 20, 8, 8, 2
2018/10/4, 53, 38, 19, 20, 1, 5
2018/10/5, 100, 33, 28, 16, 2, 4
2018/10/6, 88, 33, 28, 9, 2, 2
2018/10/7, 85, 15, 20, 8, 1, 1
2018/10/8, 45, 40, 24, 18, 1, 7
2018/10/9, 105, 65, 26, 23, 1, 10
2018/10/10, 153, 54, 26, 17, 1, 4
2018/10/11, 133, 49, 25, 20, 1, 4
2018/10/12, 118, 52, 30, 18, 1, 4
2018/10/13, 136, 43, 29, 15, 1, 4
2018/10/14, 110, 48, 23, 24, 2, 6
2018/10/15, 105, 63, 27, 28, 2, 10
2018/10/16, 138, 79, 22, 32, 2, 12
2018/10/17, 161, 90, 19, 30, 2, 11
2018/10/18, 184, 70, 30, 15, 2, 5
2018/10/19, 165, 48, 27, 8, 2, 1
2018/10/20, 130, 29, 24, 9, 1, 3
2018/10/21, 89, 35, 22, 17, 1, 3
2018/10/22, 99, 19, 19, 8, 3, 1
2018/10/23, 63, 6, 26, 3, 4, 
2018/10/24, 15, 10, 25, 8, 3, 
2018/10/25, 40, 8, 23, 6, 3, 
2018/10/26, 31, , , , , 
2018/10/28, 67, 36, 12, 13, 3, 5
2018/10/29, 100, 34, 17, 15, 3, 2
2018/10/30, 82, 39, 19, 22, 1, 2
2018/10/31, 92, 45, 14, 10, 1, 
2018/11/1, 112, 48, 9, 12, 1, 
2018/11/2, 119, 45, 13, 7, 1, 
2018/11/3, 123, 24, 11, 4, 1, 
2018/11/4, 77, 42, 6, 10, 1, 
2018/11/5, 111, 46, 11, 14, 2, 3
2018/11/6, 120, 47, 11, 12, 5, 3
2018/11/7, 120, 77, 5, 23, 4, 14
2018/11/8, 169, 89, 1, 15, 2, 14
2018/11/9, 190, 68, 7, 14, 3, 13
2018/11/10, 165, 49, 12, 9, 3, 4
2018/11/11, 137, 50, 10, 10, 5, 3
2018/11/12, 138, 47, 8, 11, 3, 2
2018/11/13, 130, 18, 17, 7, 1, 
2018/11/14, 65, 18, 15, 7, 1, 
2018/11/15, 64, 30, 8, 8, , 2
2018/11/16, 93, 38, 14, 11, 1, 4
2018/11/17, 110, 52, 12, 13, 1, 5
2018/11/18, 144, 29, 17, 7, 2, 4
2018/11/19, 93, 26, 20, 7, 1, 4
2018/11/20, 83, 26, 19, 7, 1, 4
2018/11/21, 82, 29, 20, 10, 2, 5
2018/11/22, 88, 37, 12, 14, 4, 6
2018/11/23, 105, 41, 7, 13, 5, 9
2018/11/24, 117, 52, 4, 9, 3, 9
2018/11/25, 142, 28, 18, 6, 2, 4
2018/11/26, 87, 28, 18, 12, 2, 2
2018/11/27, 85, 37, 18, 13, 1, 4
2018/11/28, 108, 26, 18, 8, 1, 2
2018/11/29, 69, 28, 16, 11, 5, 4
2018/11/30, 77, 59, 11, 15, 5, 9
2018/12/1, 148, 45, 18, 10, 4, 6
2018/12/2, 126, 34, 17, 10, 5, 3
2018/12/3, 101, 23, 18, 10, 3, 2
2018/12/4, 76, 26, 18, 9, 1, 1
2018/12/5, 83, 36, 13, 14, 2, 2
2018/12/6, 105, 27, 15, 10, 3, 2
2018/12/7, 85, 23, 15, 9, 4, 2
2018/12/8, 76, 22, 17, 7, 4, 2
2018/12/9, 75, 15, 17, 7, 4, 1
2018/12/10, 54, 40, 16, 15, 4, 5
2018/12/11, 108, 42, 8, 10, 3, 4
2018/12/12, 112, 15, 14, 7, 2, 1
2018/12/13, 58, 29, 11, 6, 2, 2
2018/12/14, 92, 25, 17, 5, 2, 1
2018/12/15, 81, 25, 13, 8, 4, 1
2018/12/16, 79, 37, 6, 15, 4, 4
2018/12/17, 108, 72, 7, 20, 5, 8
2018/12/18, 170, 33, 15, 11, 5, 2
2018/12/19, 100, 41, 14, 16, 16, 1
2018/12/20, 113, 36, 21, 13, 6, 3
2018/12/21, 108, 17, 20, 7, 5, 1
2018/12/22, 63, 20, 19, 6, 3, 2
2018/12/23, 70, 15, 18, 3, 3, 1
2018/12/24, 58, 18, 22, 4, 2, 
2018/12/25, 65, 15, 21, 2, 2, 1
2018/12/26, 57, 19, 21, 6, 2, 1
2018/12/27, 67, 12, 22, 4, 3, 
2018/12/28, 48, 18, 24, 6, 2, 
2018/12/29, 63, 25, 7, 8, 3, 
2018/12/30, 82, , , , , 
2018/7/1, 19, 9, 20, 5, 2, 1
2018/7/2, 27, 12, 34, 7, 2, 1
2018/7/3, 33, 19, 44, 12, 3, 2
2018/7/4, 39, 23, 76, 17, 3, 2
2018/7/5, 49, 26, 52, 13, 3, 2
2018/7/6, 61, 22, 43, 5, 3, 1
2018/7/7, 59, 12, 34, 3, 2, 1
2018/7/8, 38, 11, 39, 6, 2, 1
2018/7/9, 29, 22, 37, 17, 3, 2
2018/7/10, 47, 28, 34, 16, 3, 2
2018/7/11, 58, 23, 41, 10, 2, 2
2018/7/12, 66, 18, 41, 7, 3, 1
2018/7/13, 56, 16, 27, 3, 3, 1
2018/7/14, 57, 16, 26, 2, 3, 1
2018/7/15, 56, 16, 32, 9, 3, 2
2018/7/16, 52, 16, 30, 8, 3, 2
2018/7/17, 49, 17, 30, 6, 4, 2
2018/7/18, 53, 26, 29, 5, 3, 2
2018/7/19, 70, 32, 31, 6, 4, 2
2018/7/20, 83, 24, 40, 6, 3, 2
2018/7/21, 66, 22, 50, 9, 3, 2
2018/7/22, 58, 23, 35, 5, 3, 1
2018/7/23, 56, 19, 38, 4, 3, 1
2018/7/24, 53, 15, 28, 6, 3, 2
2018/7/25, 48, 17, 31, 8, 3, 2
2018/7/26, 54, 22, 34, 8, 3, 2
2018/7/27, 55, 22, 36, 6, 4, 2
2018/7/28, 59, 26, 36, 8, 3, 2
2018/7/29, 62, 26, 33, 7, 3, 2
2018/7/30, 56, 25, 31, 9, 3, 2
2018/7/31, 58, 24, 32, 10, 3, 2
2018/8/1, 59, 26, 36, 11, 3, 2
2018/8/2, 57, 32, 45, 19, 3, 3
2018/8/3, 65, 31, 52, 10, 4, 2
2018/8/4, 69, 16, 50, 7, 4, 1
2018/8/5, 46, 12, 30, 6, 4, 1
2018/8/6, 32, 17, 43, 13, 4, 2
2018/8/7, 36, 27, 37, 18, 4, 2
2018/8/8, 46, 30, 39, 11, 7, 2
2018/8/9, 50, 27, 41, 8, 5, 2
2018/8/10, 53, 20, 26, 7, 3, 2
2018/8/11, 66, 14, 39, 9, 5, 2
2018/8/12, 44, 21, 46, 19, 5, 3
2018/8/13, 54, 33, 40, 14, 5, 2
2018/8/14, 74, 17, 36, 5, 4, 1
2018/8/15, 55, 17, 34, 12, 4, 2
2018/8/16, 48, 17, 34, 12, 4, 2
2018/8/17, 44, 21, 39, 16, 4, 2
2018/8/18, 57, 24, 53, 16, 4, 3
2018/8/19, 66, 24, 47, 14, 5, 2
2018/8/20, 58, 19, 33, 6, 5, 1
2018/8/21, 49, 20, 32, 13, 4, 1
2018/8/22, 38, 29, 37, 15, 7, 2
2018/8/23, 64, 25, 48, 12, 6, 1
2018/8/24, 61, 18, 37, 8, 5, 1
2018/8/25, 60, 12, 23, 5, 5, 2
2018/8/26, 45, 16, 33, 10, 5, 3
2018/8/27, 52, 25, 38, 13, 5, 2
2018/8/28, 67, 23, 35, 14, 5, 3
2018/8/29, 63, 38, 39, 22, 6, 5
2018/8/30, 93, 30, 36, 11, 5, 3
2018/8/31, 83, 24, 42, 10, 5, 2
2018/9/1, 69, 28, 39, 8, 5, 2
2018/9/2, 78, 26, 36, 9, 5, 1
2018/9/3, 69, 28, 23, 22, 6, 4
2018/9/4, 74, 29, 37, 10, 6, 2
2018/9/5, 76, 31, 35, 15, 4, 3
2018/9/6, 77, 41, 23, 16, 2, 4
2018/9/7, 87, 38, 32, 12, 2, 3
2018/9/8, 82, 26, 35, 8, 2, 2
2018/9/9, 70, 27, 38, 8, 2, 2
2018/9/10, 65, 25, 48, 14, 2, 2
2018/9/11, 62, 34, 47, 17, 3, 3
2018/9/12, 68, 29, 36, 10, 2, 2
2018/9/13, 63, 18, 24, 8, 2, 1
2018/9/14, 46, 19, 22, 6, 2, 1
2018/9/15, 63, 21, 29, 9, 3, 4
2018/9/16, 65, 24, 29, 19, 1, 5
2018/9/17, 63, 37, 33, 20, 2, 3
2018/9/18, 90, 35, 39, 20, 2, 3
2018/9/19, 85, 45, 45, 26, 2, 4
2018/9/20, 99, 49, 37, 24, 2, 3
2018/9/21, 112, 25, 30, 8, 2, 2
2018/9/22, 59, 14, 20, 8, 2, 2
2018/9/23, 49, 7, 23, 4, 2, 1
2018/9/24, 25, 10, 25, 6, 1, 2
2018/9/25, 36, 14, 26, 11, , 1
2018/9/26, 45, 15, 21, 7, 1, 
2018/9/27, 46, 19, 25, 9, 2, 
2018/9/28, 58, 20, 25, 9, 1, 4
2018/9/29, 56, 30, 23, 14, 2, 4
2018/9/30, 83, 32, 23, 16, 3, 3
2018/4/1, 75, 19, 36, 7, 3, 2
2018/4/2, 44, 41, 34, 18, 4, 5
2018/4/3, 90, 46, 38, 19, 5, 4
2018/4/4, 76, 43, 38, 15, 5, 3
2018/4/5, 66, 23, 35, 9, 3, 2
2018/4/6, 53, 48, 40, 15, 3, 5
2018/4/7, 94, 37, 38, 7, 4, 2
2018/4/8, 70, 44, 35, 13, 5, 3
2018/4/9, 64, 48, 46, 14, 5, 3
2018/4/10, 68, 29, 36, 9, 4, 2
2018/4/11, 64, 40, 38, 7, 4, 2
2018/4/12, 78, 51, 39, 10, 4, 3
2018/4/13, 86, 29, 49, 13, 3, 3
2018/4/14, 51, 34, 47, 17, 4, 3
2018/4/15, 67, 60, 32, 24, 4, 5
2018/4/16, 84, 41, 33, 7, 3, 2
2018/4/17, 65, 28, 40, 7, 3, 2
2018/4/18, 40, 36, 42, 4, 3, 1
2018/4/19, 42, 26, 43, 13, 3, 3
2018/4/20, 29, 46, 62, 8, 4, 2
2018/4/21, 54, 20, 44, 6, 4, 1
2018/4/22, 21, 41, 42, 20, 4, 4
2018/4/23, 48, 27, 42, 8, 4, 2
2018/4/24, 56, 38, 48, 9, 5, 2
2018/4/25, 49, 17, 36, 7, 4, 2
2018/4/26, 31, 18, 37, 9, 4, 2
2018/4/27, 39, 29, 44, 13, 7, 2
2018/4/28, 51, 26, 24, 8, 8, 2
2018/4/29, 50, 41, 36, 16, 6, 2
2018/4/30, 57, 35, , 8, , 1
2018/5/1, 60, 32, 46, 7, 2, 1
2018/5/2, 60, 31, 48, 10, 3, 1
2018/5/3, 47, 35, 41, 8, 2, 1
2018/5/4, 54, 23, 42, 6, 1, 
2018/5/5, 23, 19, 39, 4, 1, 
2018/5/6, 20, 24, 39, 10, 1, 1
2018/5/7, 24, 28, 39, 7, 1, 1
2018/5/8, 33, 35, 37, 9, 2, 1
2018/5/9, 61, 37, 31, 11, 1, 2
2018/5/10, 75, 34, 42, 12, , 2
2018/5/11, 62, 29, 41, 8, 1, 2
2018/5/12, 51, 27, 40, 6, 1, 2
2018/5/13, 52, 20, 20, 10, , 2
2018/5/14, 52, 24, , , , 
2018/5/15, 67, 22, , , , 
2018/5/16, 72, 15, , , , 
2018/5/17, 54, 19, 28, 6, 1, 1
2018/5/18, 62, 21, 32, 4, 1, 1
2018/5/19, 62, 16, 36, 6, , 1
2018/5/20, 37, 19, 32, 9, , 2
2018/5/21, 38, 20, 34, 10, 2, 2
2018/5/22, 47, 22, 46, 11, 1, 2
2018/5/23, 56, 24, 42, 9, 1, 1
2018/5/24, 47, 29, 43, 11, 1, 2
2018/5/25, 57, 30, 44, 9, 1, 2
2018/5/26, 68, 25, 42, 9, 1, 2
2018/5/27, 52, 44, 42, 17, 1, 3
2018/5/28, 58, 44, 48, 15, 2, 2
2018/5/29, 55, 37, 44, 19, 2, 3
2018/5/30, 56, 29, 49, 12, 2, 3
2018/5/31, 62, 31, 42, 9, 1, 2
2018/6/1, 51, 30, 47, 8, 2, 2
2018/6/2, 63, 21, 50, 5, 2, 2
2018/6/3, 61, 34, 49, 8, 2, 2
2018/6/4, 83, 29, 49, 5, 2, 2
2018/6/5, 66, 18, 32, 5, 1, 1
2018/6/6, 22, 19, 40, 9, 1, 1
2018/6/7, 30, 36, 50, 15, 3, 2
2018/6/8, 51, 27, 45, 10, 2, 2
2018/6/9, 46, 25, 45, 11, 3, 2
2018/6/10, 52, 29, 43, 13, 3, 3
2018/6/11, 72, 33, 40, 10, 4, 2
2018/6/12, 88, 14, 35, 7, 3, 1
2018/6/13, 42, 13, 37, 6, 2, 1
2018/6/14, 45, 17, 36, 9, 2, 2
2018/6/15, 46, 19, 39, 13, 2, 2
2018/6/16, 50, 22, 40, 11, 2, 3
2018/6/17, 57, 15, 41, 9, 2, 1
2018/6/18, 46, 26, 50, 7, 2, 1
2018/6/19, 66, 20, 42, 10, 1, 
2018/6/20, 51, 33, 49, 10, 2, 1
2018/6/21, 68, 11, 32, 5, 2, 
2018/6/22, 26, 14, 25, 8, 2, 
2018/6/23, 43, 11, 27, 5, 2, 
2018/6/24, 37, 14, 25, 9, 1, 1
2018/6/25, 46, 11, 27, 7, 1, 1
2018/6/26, 36, 16, 36, 7, 1, 1
2018/6/27, 44, 21, 35, 5, 2, 1
2018/6/28, 56, 22, 47, 4, 2, 1
2018/6/29, 57, 14, 27, 2, 2, 
2018/6/30, 22, 8, 23, 2, 2, 
2018/1/1, 76, 41, 6, 13, 6, 6
2018/1/2, 111, 28, 17, 11, 7, 4
2018/1/3, 67, 21, 17, 11, 7, 3
2018/1/4, 54, 23, 16, 10, 7, 4
2018/1/5, 63, 29, 15, 9, 7, 5
2018/1/6, 81, 38, 14, 10, 5, 6
2018/1/7, 96, 55, 14, 21, 5, 12
2018/1/8, 107, 96, 12, 18, 7, 15
2018/1/9, 175, 32, 14, 11, 9, 3
2018/1/10, 62, 29, 12, 7, 6, 3
2018/1/11, 74, 20, 20, 5, 3, 2
2018/1/12, 62, 18, 19, 4, 1, 1
2018/1/13, 46, 18, 19, 4, 1, 1
2018/1/14, 53, 31, 19, 9, 5, 2
2018/1/15, 63, 40, 14, 10, 10, 3
2018/1/16, 78, 25, 21, 12, 7, 3
2018/1/17, 65, 31, 21, 13, 5, 3
2018/1/18, 83, 14, 23, 6, 3, 2
2018/1/19, 43, 47, 18, 16, 4, 5
2018/1/20, 109, 44, 19, 10, 5, 4
2018/1/21, 111, 36, 22, 12, 2, 4
2018/1/22, 95, 41, 19, 13, 3, 3
2018/1/23, 97, 40, 24, 11, 2, 4
2018/1/24, 97, 34, 20, 11, 4, 4
2018/1/25, 91, 48, 21, 21, 4, 6
2018/1/26, 118, 73, 15, 16, 4, 7
2018/1/27, 161, 42, 13, 12, 2, 6
2018/1/28, 114, 12, 17, 8, 2, 2
2018/1/29, 37, 13, 29, 4, 2, 1
2018/1/30, 29, 31, 24, 12, 3, 3
2018/1/31, 55, 31, 19, 15, 4, 4
2018/2/1, 78, 38, 18, 18, 3, 5
2018/2/2, 101, 43, 19, 13, 4, 4
2018/2/3, 107, 16, 25, 3, 2, 1
2018/2/4, 53, 19, 26, 5, 1, 2
2018/2/5, 47, 40, 23, 13, 3, 4
2018/2/6, 91, 57, 20, 15, 5, 5
2018/2/7, 126, 41, 11, 9, 2, 4
2018/2/8, 107, 45, 12, 7, 2, 3
2018/2/9, 113, 41, 20, 5, 2, 3
2018/2/10, 100, 49, 22, 9, 3, 3
2018/2/11, 120, 56, 15, 18, 4, 6
2018/2/12, 135, 65, 13, 14, 3, 6
2018/2/13, 156, 35, 24, 6, 1, 3
2018/2/14, 96, 38, 28, 9, 1, 3
2018/2/15, 97, 46, 23, 13, 3, 4
2018/2/16, 115, 48, 24, 9, 2, 3
2018/2/17, 111, 28, 28, 4, , 2
2018/2/18, 75, 46, 25, 19, 2, 5
2018/2/19, 101, 49, 31, 10, 3, 4
2018/2/20, 106, 38, 29, 9, 3, 4
2018/2/21, 95, 33, 26, 5, 1, 2
2018/2/22, 81, 40, 24, 7, 1, 3
2018/2/23, 96, 39, 28, 6, 1, 3
2018/2/24, 98, 33, 28, 7, , 3
2018/2/25, 81, 46, 26, 9, 2, 5
2018/2/26, 109, 40, 28, 6, 2, 5
2018/2/27, 104, 37, 27, 7, 2, 3
2018/2/28, 90, 52, 27, 16, 2, 7
2018/3/1, 121, 124, 29, 18, 8, 15
2018/3/2, 223, 53, 29, 9, 5, 4
2018/3/3, 132, 75, 33, 15, 5, 9
2018/3/4, 160, 111, 42, 26, 11, 12
2018/3/5, 194, 56, 38, 14, 8, 5
2018/3/6, 131, 54, 26, 18, 6, 6
2018/3/7, 130, 57, 21, 18, 7, 7
2018/3/8, 132, 42, 20, 21, 5, 6
2018/3/9, 109, 43, 31, 14, 4, 4
2018/3/10, 98, 31, 30, 7, 5, 3
2018/3/11, 76, 26, 27, 12, 6, 3
2018/3/12, 59, 25, 25, 10, 5, 3
2018/3/13, 55, 26, 21, 8, 4, 3
2018/3/14, 69, 22, 19, 4, 2, 3
2018/3/15, 62, 22, 27, 3, 3, 3
2018/3/16, 63, 19, 33, 1, 3, 2
2018/3/17, 54, 19, 36, 2, 3, 2
2018/3/18, 56, 18, 35, 7, 5, 2
2018/3/19, 48, 29, 28, 8, 8, 4
2018/3/20, 79, 29, 32, 17, 3, 3
2018/3/21, 70, 53, 36, 20, 6, 6
2018/3/22, 114, 47, 43, 24, 6, 4
2018/3/23, 107, 55, 44, 22, 7, 5
2018/3/24, 115, 53, 46, 18, 7, 6
2018/3/25, 122, 46, 33, 19, 5, 5
2018/3/26, 99, 39, 29, 9, 3, 3
2018/3/27, 98, 23, 25, 11, 3, 3
2018/3/28, 65, 35, 24, 18, 4, 5
2018/3/29, 93, 42, 37, 20, 4, 5
2018/3/30, 96, 39, 20, 12, 5, 4
2018/3/31, 100, 27, 26, 6, 5, 3
2017/4/1, 87, 38, 23, 14, 4, 4
2017/4/2, 71, 34, 19, 8, 3, 3
2017/4/3, 62, 26, 19, 11, 3, 3
2017/4/4, 51, 36, 21, 15, 3, 3
2017/4/5, 61, 16, 17, 6, 3, 2
2017/4/6, 39, 14, 30, 6, 2, 2
2017/4/7, 34, 22, 35, 5, 1, 2
2017/4/8, 44, 36, 28, 13, 1, 4
2017/4/9, 89, 34, 37, 15, 2, 3
2017/4/10, 72, 30, 31, 6, 2, 2
2017/4/11, 41, 23, 24, 11, 2, 2
2017/4/12, 56, 16, 30, 6, 3, 2
2017/4/13, 35, 16, 32, 5, 5, 1
2017/4/14, 36, 22, 33, 7, 8, 2
2017/4/15, 55, 14, 32, 3, , 1
2017/4/16, 33, 26, 35, 8, , 3
2017/4/17, 71, 16, 36, 4, 5, 1
2017/4/18, 29, 16, 34, 5, 2, 2
2017/4/19, 45, 15, 34, 5, 1, 1
2017/4/20, 32, 34, 36, 9, 3, 2
2017/4/21, 75, 23, 34, 5, 3, 1
2017/4/22, 54, 16, 34, 8, 2, 2
2017/4/23, 48, 19, 34, 8, 2, 2
2017/4/24, 42, 26, 37, 10, 4, 2
2017/4/25, 50, 19, 31, 10, 3, 2
2017/4/26, 54, 13, 24, 10, 3, 2
2017/4/27, 33, 17, 20, 8, 3, 3
2017/4/28, 44, 20, 33, 10, 3, 3
2017/4/29, 38, 38, 35, 12, 3, 4
2017/4/30, 96, 18, 37, 6, 3, 2
2017/5/1, 45, 16, 34, 4, 2, 2
2017/5/2, 39, 13, 25, 3, 2, 2
2017/5/3, 34, 27, 29, 12, 3, 2
2017/5/4, 50, 22, 24, 11, 3, 3
2017/5/5, 52, 37, 41, 11, 4, 3
2017/5/6, 57, 25, 35, 7, 4, 2
2017/5/7, 57, 18, 30, 5, 2, 2
2017/5/8, 40, 15, 30, 3, , 1
2017/5/9, 22, 22, 34, 8, 1, 2
2017/5/10, 57, 27, 34, 8, 2, 2
2017/5/11, 59, 24, 31, 10, 2, 2
2017/5/12, 45, 23, 30, 9, 1, 2
2017/5/13, 47, 28, 42, 14, , 4
2017/5/14, 58, 36, 45, 15, , 4
2017/5/15, 67, 30, 42, 7, , 2
2017/5/16, 56, 25, 41, 13, , 2
2017/5/17, 39, 42, 44, 22, , 4
2017/5/18, 60, 36, 43, 20, 1, 3
2017/5/19, 49, 26, 49, 12, 1, 2
2017/5/20, 46, 40, 45, 4, , 2
2017/5/21, 57, 22, 37, 9, 2, 2
2017/5/22, 29, 37, 47, 16, 2, 3
2017/5/23, 58, 18, 36, 8, 2, 2
2017/5/24, 41, 20, 37, 7, 2, 1
2017/5/25, 48, 18, 41, 7, 2, 1
2017/5/26, 41, 12, 36, 6, 1, 2
2017/5/27, 31, 21, 39, 14, 1, 3
2017/5/28, 47, 23, 45, 11, 3, 2
2017/5/29, 39, 25, 53, 11, 2, 3
2017/5/30, 46, 26, 39, 9, 2, 2
2017/5/31, 37, 23, 34, 5, 2, 1
2017/6/1, 34, 22, 41, 6, 2, 1
2017/6/2, 39, 15, 37, 7, 2, 1
2017/6/3, 35, 22, 50, 8, 3, 2
2017/6/4, 46, 19, 39, 8, 2, 2
2017/6/5, 35, 32, 39, 15, 3, 4
2017/6/6, 55, 17, 38, 6, 2, 2
2017/6/7, 23, 19, 38, 10, 2, 1
2017/6/8, 28, 29, 44, 19, 2, 3
2017/6/9, 42, 28, 39, 13, 2, 4
2017/6/10, 53, 15, 41, 6, 2, 1
2017/6/11, 33, 25, 35, 16, 3, 3
2017/6/12, 46, 17, 29, 5, 2, 1
2017/6/13, 22, 17, 29, 6, 2, 1
2017/6/14, 31, 13, 35, 7, 2, 1
2017/6/15, 30, 18, 43, 12, 2, 2
2017/6/16, 36, 14, 26, 3, 2, 1
2017/6/17, 27, 14, 40, 3, 1, 1
2017/6/18, 22, 15, 32, 7, 2, 2
2017/6/19, 34, 23, 42, 10, 2, 3
2017/6/20, 34, 17, 38, 5, 2, 2
2017/6/21, 29, 24, 39, 12, 3, 2
2017/6/22, 35, 25, 37, 13, 3, 3
2017/6/23, 39, 18, 36, 6, 3, 2
2017/6/24, 33, 22, 46, 9, 3, 2
2017/6/25, 46, 19, 31, 8, 4, 2
2017/6/26, 36, 15, 38, 8, 4, 2
2017/6/27, 35, 26, 36, 8, 5, 2
2017/6/28, 52, 26, 38, 9, 6, 3
2017/6/29, 42, 24, 35, 7, 6, 2
2017/6/30, 20, , , , , 
2017/1/2, 139, 23, 14, 9, 3, 2
2017/1/3, 82, 14, 15, 7, 4, 2
2017/1/4, 64, 19, 21, 2, 2, 1
2017/1/5, 64, 23, 19, 2, 2, 2
2017/1/6, 89, 44, 18, 11, 2, 4
2017/1/7, 122, 63, 18, 8, 4, 5
2017/1/8, 156, 55, 15, 16, 4, 5
2017/1/9, 148, 78, 10, 18, 7, 10
2017/1/10, 176, 94, 10, 24, 13, 12
2017/1/11, 191, 39, 12, 12, 6, 4
2017/1/12, 107, 51, 11, 15, 9, 5
2017/1/13, 143, 32, 14, 9, 4, 3
2017/1/14, 97, 47, 13, 11, 4, 4
2017/1/15, 124, 63, 8, 21, 6, 7
2017/1/16, 155, 77, 11, 20, 5, 8
2017/1/17, 174, 39, 15, 8, 2, 3
2017/1/18, 118, 43, 15, 10, 4, 3
2017/1/19, 125, 46, 11, 11, 4, 4
2017/1/20, 131, 30, 7, 8, 1, 3
2017/1/21, 89, 30, 11, 8, 1, 3
2017/1/22, 95, 54, 14, 17, 3, 6
2017/1/23, 141, 78, 11, 14, 5, 6
2017/1/24, 175, 60, 8, 15, 3, 5
2017/1/25, 143, 80, 9, 28, 6, 11
2017/1/26, 179, 118, 10, 32, 11, 16
2017/1/27, 217, 128, 12, 21, 9, 14
2017/1/28, 227, 37, 11, 7, 9, 3
2017/1/29, 104, 43, 12, 14, 5, 5
2017/1/30, 122, 60, 12, 18, 8, 6
2017/1/31, 144, 62, 10, 17, 11, 6
2017/2/1, 158, 70, 9, 22, 8, 9
2017/2/2, 165, 87, 13, 18, 7, 12
2017/2/3, 184, 40, 14, 8, 3, 4
2017/2/4, 119, 39, 12, 6, 3, 4
2017/2/5, 116, 45, 13, 8, 4, 4
2017/2/6, 133, 27, 16, 5, 2, 3
2017/2/7, 86, 19, 15, 6, 2, 2
2017/2/8, 66, 35, 15, 9, 4, 3
2017/2/9, 108, 35, 16, 10, 5, 3
2017/2/10, 100, 33, 15, 7, 2, 3
2017/2/11, 107, 25, 14, 5, 4, 2
2017/2/12, 90, 55, 13, 20, 8, 7
2017/2/13, 92, 77, 9, 15, 6, 5
2017/2/16, 183, 72, 7, 22, 7, 8
2017/2/17, 167, 43, 8, 11, 3, 4
2017/2/18, 113, 42, 6, 11, 4, 4
2017/2/19, 107, 37, 10, 12, 5, 4
2017/2/20, 96, 16, 14, 6, 4, 2
2017/2/21, 39, 17, 16, 7, 3, 2
2017/2/22, 45, 12, 16, 6, 4, 2
2017/2/23, 30, 13, 14, 4, 4, 2
2017/2/24, 19, 18, 14, 4, 2, 2
2017/2/25, 40, 24, 14, 5, 4, 3
2017/2/26, 55, 38, 15, 14, 6, 4
2017/2/27, 75, 45, 13, 13, 5, 4
2017/2/28, 76, 30, 11, 12, 5, 4
2017/3/1, 66, 28, 15, 9, 4, 3
2017/3/2, 44, 35, 12, 13, 4, 6
2017/3/3, 69, 35, 15, 12, 6, 4
2017/3/4, 78, 37, 15, 11, 6, 4
2017/3/5, 75, 24, 10, 10, 4, 3
2017/3/6, 58, 34, 13, 13, 5, 4
2017/3/7, 68, 39, 8, 11, 3, 4
2017/3/8, 102, 44, 9, 11, 4, 4
2017/3/9, 112, 49, 12, 11, 4, 4
2017/3/10, 125, 40, 13, 8, 4, 3
2017/3/11, 103, 26, 14, 5, 3, 3
2017/3/12, 66, 30, 9, 6, 3, 3
2017/3/13, 72, 40, 16, 11, 3, 5
2017/3/14, 86, 51, 10, 12, 4, 5
2017/3/15, 113, 27, 10, 9, 2, 3
2017/3/16, 55, 39, 14, 13, 2, 5
2017/3/17, 88, 20, 14, 5, 2, 2
2017/3/18, 53, 12, 17, 4, 2, 2
2017/3/19, 27, 33, 8, 15, 2, 5
2017/3/20, 85, 42, 9, 14, 4, 6
2017/3/21, 83, 40, 13, 15, 3, 6
2017/3/22, 93, 21, 14, 9, 2, 3
2017/3/23, 50, 27, 16, 10, 1, 3
2017/3/24, 66, 41, 18, 11, 2, 4
2017/3/25, 96, 12, 15, 7, 2, 3
2017/3/26, 29, 27, 15, 7, 3, 3
2017/3/27, 59, 34, 14, 9, 4, 3
2017/3/28, 71, 65, 19, 16, 4, 5
2017/3/29, 111, 24, 15, 10, 2, 3
2017/3/30, 62, 40, 14, 14, 3, 4
2017/3/31, 86, 42, 21, 17, 4, 5
2016/10/1, 89, 36, 19, 15, 4, 3
2016/10/2, 92, 29, 17, 21, 3, 3
2016/10/3, 87, 17, 17, 4, 3, 
2016/10/4, 49, 8, 14, 4, 3, 
2016/10/5, 43, 16, 13, 10, 3, 1
2016/10/6, 64, 24, 15, 10, 3, 1
2016/10/7, 71, 26, 5, 9, 3, 2
2016/10/8, 90, 22, 8, 7, 3, 2
2016/10/9, 81, 22, 5, 7, 3, 1
2016/10/10, 85, 11, 4, 4, 3, 1
2016/10/11, 52, 13, 12, 3, 3, 1
2016/10/12, 59, 21, 14, 6, 3, 1
2016/10/13, 71, 36, 14, 13, 4, 3
2016/10/14, 101, 33, 11, 6, 3, 1
2016/10/15, 95, 24, 13, 5, 3, 
2016/10/16, 79, 23, 16, 9, 4, 1
2016/10/17, 73, 28, 11, 12, 5, 2
2016/10/18, 79, 33, 5, 13, 5, 2
2016/10/19, 91, 34, 11, 10, 6, 2
2016/10/20, 92, 28, 11, 10, 5, 1
2016/10/21, 86, 23, 10, 9, 4, 2
2016/10/22, 80, 26, 7, 8, 4, 2
2016/10/23, 85, 22, 5, 8, 5, 1
2016/10/24, 71, 26, 6, 11, 5, 2
2016/10/25, 74, 18, 12, 6, 4, 1
2016/10/26, 67, 42, 11, 16, 4, 6
2016/10/27, 102, 43, 10, 13, 4, 3
2016/10/28, 111, 14, 21, 4, 4, 
2016/10/29, 55, 15, 20, 3, 4, 
2016/10/30, 55, 11, 18, 5, 4, 
2016/10/31, 33, 16, 12, 6, 4, 1
2016/11/2, 51, 10, 15, 4, 3, 
2016/11/3, 48, 24, 11, 11, 1, 2
2016/11/4, 79, 34, 13, 12, 2, 2
2016/11/5, 100, 26, 15, 7, 3, 2
2016/11/6, 85, 25, 9, 11, 2, 2
2016/11/7, 82, 36, 9, 10, 2, 3
2016/11/8, 101, 29, 5, 10, 2, 3
2016/11/9, 93, 48, 10, 12, 2, 3
2016/11/10, 129, 44, 4, 10, 1, 3
2016/11/11, 124, 22, 15, 5, 1, 1
2016/11/12, 83, 19, 14, 4, , 1
2016/11/13, 78, 28, 14, 10, , 2
2016/11/14, 88, 43, 12, 13, 1, 3
2016/11/15, 125, 26, 14, 10, 1, 2
2016/11/16, 87, 19, 8, 9, 2, 2
2016/11/17, 65, 24, 15, 9, 3, 2
2016/11/18, 77, 34, 15, 9, 5, 2
2016/11/19, 85, 23, 13, 9, 3, 2
2016/11/20, 75, 26, 8, 10, 3, 2
2016/11/21, 79, 23, 8, 10, 2, 1
2016/11/22, 74, 42, 8, 12, 2, 2
2016/11/23, 112, 47, 3, 12, 2, 3
2016/11/24, 122, 33, 13, 8, 1, 2
2016/11/25, 97, 45, 6, 12, 1, 4
2016/11/26, 128, 20, 18, 5, 2, 1
2016/11/27, 74, 10, 19, 4, 1, 1
2016/11/28, 46, 24, 14, 16, 1, 3
2016/11/29, 79, 30, 11, 11, 2, 2
2016/11/30, 88, 21, 9, 13, 2, 3
2016/12/1, 82, 19, 14, 10, 2, 2
2016/12/2, 72, 14, 17, 5, 2, 1
2016/12/3, 65, 23, 16, 7, 1, 1
2016/12/4, 85, 50, 9, 16, 5, 4
2016/12/5, 122, 32, 13, 11, 2, 2
2016/12/6, 95, 37, 9, 17, 2, 4
2016/12/7, 109, 28, 11, 11, 4, 2
2016/12/8, 93, 20, 10, 9, 3, 2
2016/12/9, 74, 18, 11, 6, 2, 1
2016/12/10, 66, 18, 16, 6, 3, 2
2016/12/11, 70, 6, 18, 5, 2, 1
2016/12/12, 45, 43, 10, 14, 2, 4
2016/12/13, 94, 37, 9, 13, 4, 3
2016/12/14, 111, 18, 10, 10, 2, 2
2016/12/15, 72, 45, 7, 17, 2, 6
2016/12/16, 130, 66, 6, 14, 3, 4
2016/12/17, 160, 42, 8, 11, 2, 3
2016/12/18, 114, 37, 5, 11, 2, 3
2016/12/19, 102, 39, 2, 12, 2, 4
2016/12/20, 108, 36, 5, 14, 3, 4
2016/12/21, 105, 63, 2, 18, 5, 8
2016/12/22, 156, 52, 4, 14, 3, 5
2016/12/23, 131, 30, 9, 8, 2, 3
2016/12/24, 97, 18, 14, 4, 2, 2
2016/12/25, 65, 12, 21, 3, 2, 2
2016/12/26, 50, 11, 20, 2, 2, 1
2016/12/27, 44, 9, 18, 1, 2, 1
2016/12/28, 41, 16, 16, 5, , 2
2016/12/29, 63, 38, 9, 10, 1, 3
2016/12/30, 116, 50, 11, 12, 4, 4
2016/12/31, 137, 59, 9, 9, 5, 5
2017/1/1, 159, 50, 10, 10, 4, 4
2016/7/1, 52, 23, 37, 9, 3, 2
2016/7/2, 63, 16, 24, 4, 2, 2
2016/7/3, 53, 15, 32, 5, 2, 1
2016/7/4, 55, 16, 35, 7, 2, 1
2016/7/5, 20, 23, 28, 5, 3, 1
2016/7/13, 37, 10, 24, 5, 3, 1
2016/7/14, 29, 11, 24, 4, 3, 1
2016/7/15, 36, 12, 20, 4, 3, 1
2016/7/16, 48, 10, 22, 1, 3, 1
2016/7/17, 49, 12, 25, 3, 3, 1
2016/7/18, 46, 13, 23, 5, 3, 1
2016/7/19, 55, 11, 26, 4, 3, 1
2016/7/20, 41, 14, 35, 5, 3, 
2016/7/21, 45, 13, 27, 4, 3, 1
2016/7/22, 47, 12, 28, 3, 3, 1
2016/7/23, 47, 17, 33, 5, 3, 2
2016/7/24, 56, 20, 34, 12, 4, 2
2016/7/25, 57, 28, 34, 11, 4, 2
2016/7/26, 77, 32, 37, 11, 2, 3
2016/7/27, 80, 29, 34, 9, 1, 3
2016/7/28, 71, 14, 30, 8, 1, 2
2016/7/29, 47, 16, 37, 7, 1, 2
2016/7/30, 46, 15, 34, 9, 1, 2
2016/7/31, 52, 8, 27, 6, 1, 1
2016/8/1, 31, 10, 35, 6, 1, 1
2016/8/2, 43, 21, 38, 12, 1, 2
2016/8/3, 63, 25, 26, 13, 1, 2
2016/8/4, 61, 21, 30, 11, 1, 2
2016/8/5, 48, 15, 18, 5, 1, 1
2016/8/6, 48, 9, 28, 3, 1, 1
2016/8/7, 41, 17, 32, 12, 1, 2
2016/8/8, 51, 25, 39, 9, 2, 2
2016/8/9, 62, 12, 24, 2, 1, 1
2016/8/10, 41, 11, 24, 4, 1, 1
2016/8/11, 44, 17, 30, 7, 1, 1
2016/8/12, 54, 24, 25, 10, 2, 2
2016/8/13, 70, 15, 27, 4, 2, 1
2016/8/14, 49, 9, 23, 4, 2, 1
2016/8/15, 43, 12, 25, 5, 2, 1
2016/8/16, 48, 18, 17, 10, 2, 1
2016/8/17, 53, 24, 27, 11, 3, 2
2016/8/18, 62, 25, 34, 15, 3, 2
2016/8/19, 65, 31, 38, 16, 3, 3
2016/8/20, 73, 27, 34, 8, 3, 2
2016/8/21, 73, 9, 25, 4, 2, 1
2016/8/22, 32, 12, 32, 4, 2, 1
2016/8/23, 42, 12, 27, 4, 2, 1
2016/8/24, 45, 14, 29, 8, 2, 2
2016/8/25, 43, 26, 27, 17, 2, 3
2016/8/26, 55, 25, 35, 14, 2, 3
2016/8/27, 66, 28, 34, 13, 3, 3
2016/8/28, 67, 31, 41, 11, 4, 4
2016/8/29, 62, 16, 31, 5, 3, 1
2016/8/30, 46, 24, 30, 9, 2, 1
2016/8/31, 59, 30, 31, 17, 2, 3
2016/9/1, 69, 35, 36, 15, 1, 2
2016/9/2, 74, 35, 37, 15, 1, 2
2016/9/3, 84, 33, 41, 8, 1, 1
2016/9/4, 80, 14, 23, 8, 1, 1
2016/9/5, 42, 12, 15, 7, , 1
2016/9/6, 44, 19, 28, 12, , 2
2016/9/7, 55, 41, 33, 18, 1, 6
2016/9/8, 88, 41, 41, 23, 1, 5
2016/9/9, 91, 43, 43, 18, 1, 5
2016/9/10, 105, 43, 44, 18, 1, 6
2016/9/11, 105, 43, 40, 24, 1, 6
2016/9/12, 98, 40, 36, 14, 1, 2
2016/9/13, 90, 24, 28, 11, 1, 1
2016/9/14, 55, 30, 26, 9, 3, 1
2016/9/15, 68, 46, 33, 19, 2, 3
2016/9/16, 110, 37, 29, 6, 2, 1
2016/9/17, 88, 23, 16, 2, 2, 1
2016/9/18, 65, 31, 20, 6, 2, 1
2016/9/19, 80, 37, 21, 8, 2, 
2016/9/20, 65, 21, 15, 5, 2, 
2016/9/21, 54, 15, 19, 5, 2, 
2016/9/22, 54, 21, 19, 9, 2, 1
2016/9/23, 68, 28, 16, 12, 2, 2
2016/9/24, 81, 23, 21, 7, 2, 1
2016/9/25, 78, 15, 14, 6, 2, 1
2016/9/26, 53, 21, 18, 9, 2, 2
2016/9/27, 65, 43, 21, 14, 3, 3
2016/9/28, 105, 30, 19, 10, 3, 1
2016/9/29, 64, 32, 23, 13, 4, 1
2016/9/30, 71, 40, 25, 17, 4, 2
2016/4/1, 71, 12, 28, 7, 1, 3
2016/4/2, 55, 43, 27, 15, 4, 6
2016/4/3, 106, 48, 27, 20, 5, 5
2016/4/4, 105, 61, 30, 18, 5, 5
2016/4/5, 120, 57, 28, 13, 4, 4
2016/4/6, 94, 34, 30, 16, 3, 4
2016/4/7, 84, 37, 16, 15, 2, 4
2016/4/8, 95, 24, 16, 6, 2, 2
2016/4/9, 72, 18, 16, 4, 2, 2
2016/4/10, 64, 20, 16, 3, 1, 2
2016/4/11, 61, 34, , , , 
2016/4/12, 94, 55, 8, , , 
2016/4/13, 124, 46, , , , 
2016/4/14, 112, 27, 4, 16, 1, 7
2016/4/15, 75, 23, 25, 10, 1, 3
2016/4/16, 68, 21, 36, 6, 1, 2
2016/4/17, 53, 17, 24, 8, , 2
2016/4/18, 58, 29, 27, 9, , 2
2016/4/19, 73, 19, 25, 5, , 1
2016/4/20, 56, 19, 29, 8, , 2
2016/4/21, 58, 30, 29, 7, 1, 2
2016/4/22, 66, 36, 31, 13, 2, 4
2016/4/23, 85, 30, 28, 7, 2, 2
2016/4/24, 85, 14, 23, 7, 1, 2
2016/4/25, 58, 26, 29, 11, 2, 2
2016/4/26, 76, 30, 24, 14, 2, 3
2016/4/27, 74, 20, 26, 10, 1, 2
2016/4/28, 59, 14, 30, 6, 1, 2
2016/4/29, 61, 19, 22, 6, , 2
2016/4/30, 71, 29, 31, 6, 1, 3
2016/5/1, 91, 15, 25, 7, , 2
2016/5/2, 54, 17, 33, 6, 1, 2
2016/5/3, 65, 22, 36, 9, 1, 2
2016/5/4, 63, 17, 33, 5, , 2
2016/5/5, 14, 19, 33, 7, , 1
2016/5/19, 32, 34, 42, 15, 1, 4
2016/5/20, 67, 24, 38, 6, 2, 2
2016/5/21, 69, 21, 38, 12, 1, 3
2016/5/22, 65, 27, 37, 15, 2, 3
2016/5/23, 62, 15, 34, 7, 1, 2
2016/5/24, 47, 16, 34, 7, 1, 2
2016/5/25, 50, 16, 30, 5, 1, 2
2016/5/26, 54, 18, 35, 7, 1, 2
2016/5/27, 57, 17, 41, 11, 1, 3
2016/5/28, 59, 20, 42, 9, 2, 3
2016/5/29, 64, 20, 34, 8, 2, 2
2016/5/30, 57, 19, 26, 7, 2, 2
2016/5/31, 59, 14, 32, 8, 2, 2
2016/6/1, 49, 16, 33, 7, 2, 2
2016/6/2, 50, 20, 40, 10, 2, 2
2016/6/3, 57, 28, 50, 14, 2, 4
2016/6/4, 72, 14, 44, 4, 2, 1
2016/6/5, 49, 12, 38, 4, 2, 1
2016/6/6, 46, 14, 38, 6, 2, 1
2016/6/7, 44, 24, 44, 13, 2, 2
2016/6/8, 60, 21, 35, 6, 3, 1
2016/6/9, 55, 19, 41, 9, 3, 1
2016/6/10, 40, 12, 39, 4, 3, 1
2016/6/11, 46, 13, 39, 9, 3, 1
2016/6/12, 43, 15, 34, 8, 3, 1
2016/6/13, 44, 14, 23, 8, 3, 2
2016/6/14, 46, 11, 31, 6, 3, 1
2016/6/15, 31, 13, 32, 7, 3, 1
2016/6/16, 43, 28, 36, 6, 3, 1
2016/6/17, 48, 10, 42, 5, 3, 1
2016/6/18, 40, 22, 45, 11, 2, 3
2016/6/19, 66, 16, 33, 8, 2, 2
2016/6/20, 52, 20, 37, 9, 2, 2
2016/6/21, 57, 23, 51, 12, 2, 3
2016/6/22, 63, 18, 22, 6, 2, 2
2016/6/23, 56, 28, , 8, 3, 2
2016/6/24, 66, 31, , 6, 4, 2
2016/6/25, 67, 24, , 4, 3, 2
2016/6/26, 59, 11, 26, 4, 2, 1
2016/6/27, 40, 12, 34, 5, , 1
2016/6/28, 41, 19, 42, 12, 2, 2
2016/6/29, 56, 21, 38, 13, 2, 2
2016/6/30, 61, 19, 39, 8, 2, 2
2016/1/4, 130, 57, 7, 12, 10, 7
2016/1/5, 153, 60, 4, 9, 9, 7
2016/1/6, 160, 52, 6, 8, 5, 6
2016/1/7, 150, 51, 7, 12, 6, 6
2016/1/8, 149, 68, 14, 17, 8, 14
2016/1/9, 145, 47, 12, 9, 7, 7
2016/1/10, 133, 43, 9, 17, 6, 9
2016/1/11, 121, 27, 8, 12, 3, 5
2016/1/12, 100, 23, 13, 12, 1, 3
2016/1/13, 81, 24, 23, 12, 2, 3
2016/1/14, 75, 41, 7, 19, 4, 5
2016/1/15, 118, 28, 21, 7, 2, 2
2016/1/16, 89, 81, 11, 18, 2, 7
2016/1/17, 182, 71, 12, 18, 2, 5
2016/1/18, 171, 77, 10, 21, 5, 8
2016/1/19, 174, 70, 9, 21, 6, 6
2016/1/20, 147, 38, 17, 11, 3, 2
2016/1/21, 122, 49, 16, 16, 2, 4
2016/1/22, 138, 83, 15, 24, 7, 10
2016/1/23, 188, 82, 14, 17, 6, 7
2016/1/24, 185, 42, 12, 15, 4, 4
2016/1/25, 120, 38, 2, 16, 3, 5
2016/1/26, 105, 41, 6, 17, 4, 4
2016/1/27, 115, 25, 18, 11, 3, 3
2016/1/28, 75, 32, 17, 14, 2, 2
2016/1/29, 80, 27, 17, 6, 2, 
2016/1/30, 81, 16, 22, 4, 2, 
2016/1/31, 61, 26, 16, 12, 2, 5
2016/2/1, 83, 16, 17, 7, 2, 2
2016/2/2, 61, 16, 23, 6, 1, 1
2016/2/3, 51, 19, 18, 7, 1, 2
2016/2/4, 63, 21, 17, 7, 1, 2
2016/2/5, 69, 39, 13, 11, 2, 3
2016/2/6, 104, 27, 21, 7, 3, 2
2016/2/7, 82, 31, 19, 11, 4, 3
2016/2/8, 79, 29, 21, 9, 3, 3
2016/2/9, 73, 33, 18, 12, 5, 3
2016/2/10, 94, 15, 18, 6, 2, 2
2016/2/11, 65, 31, 14, 13, 3, 3
2016/2/12, 85, 23, 16, 9, 4, 2
2016/2/13, 80, 33, 15, 10, 3, 3
2016/2/14, 99, 37, 12, 14, 3, 4
2016/2/15, 106, 30, 12, 6, 1, 3
2016/2/16, 97, 20, 13, 6, 1, 2
2016/2/17, 70, 32, 12, 8, 3, 2
2016/2/18, 84, 37, 10, 13, 4, 4
2016/2/19, 97, 30, 16, 8, 2, 3
2016/2/20, 91, 17, 17, 6, 2, 2
2016/2/21, 66, 11, 19, 5, 3, 1
2016/2/22, 49, 15, 20, 10, 2, 2
2016/2/23, 64, 25, 18, 9, 2, 2
2016/2/24, 73, 28, 18, 11, 3, 3
2016/2/25, 79, 32, 19, 13, 3, 3
2016/2/26, 94, 60, 18, 14, 4, 5
2016/2/27, 152, 51, 15, 11, 5, 6
2016/2/28, 132, 31, 9, 5, 2, 3
2016/2/29, 103, 13, 8, 6, 2, 3
2016/3/1, 61, 30, 8, 12, 3, 4
2016/3/2, 98, 32, 13, 9, 5, 4
2016/3/3, 87, 31, 10, 7, 3, 3
2016/3/4, 93, 48, 13, 9, 5, 4
2016/3/5, 123, 27, 21, 7, 5, 3
2016/3/6, 85, 28, 10, 12, 3, 4
2016/3/7, 91, 21, 11, 8, 2, 3
2016/3/8, 73, 24, 12, 7, 3, 3
2016/3/9, 78, 16, 10, 5, 2, 3
2016/3/10, 65, 34, 17, 10, 3, 3
2016/3/11, 98, 31, 17, 7, 3, 3
2016/3/12, 88, 16, 24, 5, 2, 2
2016/3/13, 64, 23, 25, 4, 2, 2
2016/3/14, 81, 22, 18, 6, 2, 2
2016/3/15, 78, 28, 24, 10, 2, 3
2016/3/16, 79, 39, 23, 8, 3, 2
2016/3/17, 103, 38, 20, 6, 2, 2
2016/3/18, 93, 13, 24, 2, 1, 2
2016/3/19, 45, 25, 21, 4, 1, 2
2016/3/20, 79, 22, 20, 7, 1, 2
2016/3/21, 72, 19, 20, 7, 2, 2
2016/3/22, 69, 20, 26, 7, 2, 3
2016/3/23, 70, 37, 25, 13, 2, 5
2016/3/24, 90, 54, 27, 17, 6, 5
2016/3/25, 112, 56, 16, 14, 4, 6
2016/3/26, 142, 44, 32, 12, 2, 7
2016/3/27, 117, 34, 26, 12, 3, 4
2016/3/28, 100, 39, 18, 17, 3, 5
2016/3/29, 105, 20, 22, 10, 2, 2
2016/3/30, 59, 24, 18, 13, 2, 3
2016/3/31, 73, 22, 22, 8, 2, 3
2015/10/1, 94, 42, 14, 18, 4, 5
2015/10/2, 99, 44, 21, 20, 3, 7
2015/10/3, 111, 30, 23, 13, 2, 4
2015/10/4, 85, 37, 25, 14, 2, 4
2015/10/5, 94, 41, 10, 11, 2, 4
2015/10/6, 115, 19, 19, 5, 1, 1
2015/10/7, 45, 29, 19, 9, 1, 2
2015/10/8, 71, 25, 19, 7, 2, 3
2015/10/9, 74, 33, 21, 11, 2, 4
2015/10/10, 98, 29, 24, 6, 2, 2
2015/10/11, 89, 30, 18, 6, 2, 1
2015/10/12, 72, 38, 17, 10, 2, 2
2015/10/13, 114, 43, 17, 11, 2, 3
2015/10/14, 114, 45, 21, 8, 2, 3
2015/10/15, 114, 46, 21, 12, 3, 3
2015/10/16, 114, 27, 9, 11, 2, 4
2015/10/17, 83, 15, 9, 7, 2, 3
2015/10/18, 64, 34, 16, 10, 2, 5
2015/10/19, 105, 32, 16, 10, 2, 4
2015/10/20, 105, 21, 12, 6, 2, 2
2015/10/21, 79, 16, 8, 8, 2, 2
2015/10/22, 61, 18, 16, 7, 2, 1
2015/10/23, 67, 22, 14, 8, 2, 1
2015/10/24, 67, 42, 15, 8, 2, 4
2015/10/25, 114, 24, 17, 10, 2, 2
2015/10/26, 80, 65, 5, 20, 3, 11
2015/10/27, 142, 49, 11, 11, 3, 6
2015/10/28, 123, 35, 11, 11, 2, 2
2015/10/29, 94, 67, 8, 15, 1, 7
2015/10/30, 160, 46, 16, 13, 1, 3
2015/10/31, 124, 43, 20, 11, 1, 3
2015/11/1, 124, 46, 14, 17, 3, 5
2015/11/2, 115, 99, 6, 29, 4, 15
2015/11/3, 199, 77, 10, 23, 3, 6
2015/11/4, 170, 49, 5, 10, 1, 3
2015/11/5, 135, 56, 9, 11, 1, 3
2015/11/6, 143, 68, 8, 13, 1, 7
2015/11/7, 164, 31, 23, 7, 2, 2
2015/11/8, 83, 21, 15, 12, 1, 1
2015/11/9, 71, 9, 12, 5, 1, 
2015/11/10, 51, 5, 12, 2, 1, 
2015/11/11, 38, 15, 14, 5, 1, 
2015/11/12, 60, 31, 9, 12, 1, 2
2015/11/13, 89, 20, 22, 5, 1, 
2015/11/14, 71, 11, 17, 6, 2, 1
2015/11/15, 57, 18, 10, 9, 1, 2
2015/11/16, 67, 19, 4, 6, 2, 1
2015/11/17, 77, 11, 25, 5, 3, 1
2015/11/18, 46, 13, 16, 8, 3, 1
2015/11/19, 58, 11, 19, 8, 3, 1
2015/11/20, 49, 25, 13, 12, 4, 4
2015/11/21, 85, 46, 6, 9, 4, 4
2015/11/22, 130, 39, 8, 12, 3, 4
2015/11/23, 114, 33, 9, 12, 3, 2
2015/11/24, 103, 45, 7, 13, 7, 4
2015/11/25, 120, 40, 8, 10, 5, 3
2015/11/26, 107, 48, 8, 14, 2, 4
2015/11/27, 136, 38, 5, 10, 5, 3
2015/11/28, 114, 27, 16, 8, 2, 2
2015/11/29, 90, 12, 23, 6, 1, 1
2015/11/30, 51, 13, 20, 7, 1, 2
2015/12/1, 60, 25, 18, 11, 1, 2
2015/12/2, 78, 29, 6, 13, 1, 3
2015/12/3, 98, 32, 10, 14, 1, 4
2015/12/4, 97, , 12, 8, 1, 2
2015/12/5, 87, , 16, 6, 1, 2
2015/12/6, 80, 24, 11, 10, 1, 2
2015/12/7, 81, 43, 11, 14, 4, 3
2015/12/8, 119, 39, 8, 11, 3, 7
2015/12/9, 110, 40, 16, 16, 1, 8
2015/12/10, 111, 40, 7, 14, 2, 5
2015/12/11, 112, 18, 19, 7, 2, 3
2015/12/12, 73, 17, 22, 5, 2, 3
2015/12/13, 72, 15, 21, 11, 2, 5
2015/12/14, 57, 62, 2, 19, 4, 10
2015/12/15, 157, 51, 5, 13, 3, 6
2015/12/16, 144, 32, 8, 11, 3, 4
2015/12/17, 103, 27, 2, 12, 3, 6
2015/12/18, 85, 30, 9, 11, 3, 4
2015/12/19, 92, 35, 11, 10, 3, 5
2015/12/20, 106, 24, 12, 10, 3, 4
2015/12/21, 73, 17, 19, 9, 3, 3
2015/12/22, 60, 21, 16, 11, 3, 3
2015/12/23, 66, 28, 13, 9, 2, 4
2015/12/24, 89, 32, 11, 8, 2, 4
2015/12/25, 99, 17, 19, 4, 3, 3
2015/12/26, 68, 14, 19, 5, 3, 3
2015/12/27, 60, 15, 19, 5, 2, 2
2015/12/28, 62, 22, 20, 8, 3, 3
2015/12/29, 85, 28, 19, 11, 2, 4
2015/12/30, 88, , , , , 
2015/7/1, 52, 13, 27, 6, , 1
2015/7/2, 43, 16, 27, 8, , 1
2015/7/3, 48, 24, 32, 13, , 3
2015/7/4, 68, 25, 49, 11, 2, 2
2015/7/5, 73, 35, 44, 17, 2, 3
2015/7/6, 80, 22, 43, 9, 1, 2
2015/7/7, 51, 26, 39, 10, 2, 3
2015/7/8, 63, 18, 29, 6, 2, 1
2015/7/9, 43, 16, 25, 4, 1, 1
2015/7/10, 43, 11, 27, 4, 1, 1
2015/7/11, 47, 10, 29, 4, 2, 1
2015/7/12, 44, 10, 25, 8, 1, 2
2015/7/13, 46, 13, 28, 5, 1, 2
2015/7/14, 46, 17, 30, 6, 2, 2
2015/7/15, 55, 15, 37, 7, 2, 1
2015/7/16, 53, 25, 45, 11, 2, 2
2015/7/17, 69, 38, 33, 7, 3, 2
2015/7/18, 61, 19, , 7, 2, 2
2015/7/19, 59, 16, 37, 5, 2, 1
2015/7/20, 43, 22, 40, 10, 2, 1
2015/7/21, 59, 18, 36, 9, 1, 1
2015/7/22, 64, 30, 38, 14, 2, 2
2015/7/23, 65, 14, 36, 5, 1, 
2015/7/24, 46, 27, 41, 6, 1, 1
2015/7/25, 62, 13, 28, 4, 1, 
2015/7/26, 39, 18, 28, 11, 1, 1
2015/7/27, 47, 18, 27, 7, 2, 
2015/7/28, 38, 19, 28, 10, 1, 1
2015/7/29, 42, 15, 34, 6, 1, 
2015/7/30, 41, 22, 32, 10, 1, 
2015/7/31, 53, 19, 40, 11, 2, 1
2015/8/1, 57, 26, 37, 9, 2, 1
2015/8/2, 65, 36, 38, 18, 2, 2
2015/8/3, 76, 44, 43, 16, 4, 1
2015/8/4, 73, 43, 49, 12, 3, 1
2015/8/5, 76, 33, 44, 14, 3, 1
2015/8/6, 75, 49, 45, 19, 3, 2
2015/8/7, 84, 37, 41, 10, 2, 1
2015/8/8, 78, 31, 48, 7, 3, 1
2015/8/9, 76, 30, 45, 7, 2, 1
2015/8/10, 73, 33, 52, 9, 2, 1
2015/8/11, 78, 45, 60, 21, 3, 3
2015/8/12, 93, 37, 42, 9, 2, 1
2015/8/13, 75, 25, 29, 6, 2, 
2015/8/14, 54, 25, 40, 4, 2, 1
2015/8/15, 70, 28, 36, 3, 2, 1
2015/8/16, 78, 42, 30, 6, 3, 1
2015/8/17, 76, 36, 25, 4, 2, 1
2015/8/18, 86, 33, 20, 6, 2, 
2015/8/19, 74, 53, 22, 6, 2, 1
2015/8/20, 82, 54, 24, 12, 2, 1
2015/8/21, 97, 23, 27, 8, 2, 
2015/8/22, 63, 30, 34, 14, 3, 1
2015/8/23, 82, 34, 31, 16, 3, 1
2015/8/24, 76, 40, 30, 14, 3, 1
2015/8/25, 69, 12, 29, 11, 3, 1
2015/8/26, 48, 27, 27, 19, 2, 3
2015/8/27, 72, 33, 40, 12, 2, 2
2015/8/28, 77, 13, 32, 6, 1, 1
2015/8/29, 55, 20, 35, 14, 1, 3
2015/8/30, 70, 31, 44, 24, 2, 4
2015/8/31, 77, 42, 47, 21, 2, 2
2015/9/1, 85, 30, 31, 11, 2, 1
2015/9/2, 68, 8, 28, 9, 1, 
2015/9/3, 35, 22, 8, 15, 1, 2
2015/9/4, 74, 23, 18, 13, 2, 1
2015/9/5, 63, 9, 23, 4, 1, 
2015/9/6, 33, 5, 19, 3, 1, 1
2015/9/7, 31, 8, 16, 7, , 1
2015/9/8, 37, 14, 16, 7, , 1
2015/9/9, 54, 15, 23, 8, , 2
2015/9/10, 52, 21, 20, 7, , 2
2015/9/11, 59, 15, 16, 6, , 2
2015/9/12, 58, 23, 19, 6, , 2
2015/9/13, 79, 32, 20, 9, 2, 3
2015/9/14, 80, 28, 26, 15, 2, 5
2015/9/15, 73, 29, 26, 14, 2, 4
2015/9/16, 64, 34, 27, 17, 2, 5
2015/9/17, 62, 30, 32, 10, 1, 3
2015/9/18, 45, 12, 21, 8, 1, 3
2015/9/19, 56, 13, 19, 6, 1, 3
2015/9/20, 60, 14, 19, 10, 1, 4
2015/9/21, 50, 26, 18, 13, 2, 5
2015/9/22, 65, 32, 18, 16, 1, 5
2015/9/23, 71, 43, 21, 13, 2, 4
2015/9/24, 95, 27, 22, 6, 1, 3
2015/9/25, 75, 10, 18, 3, 1, 3
2015/9/26, 47, 5, 23, 3, , 2
2015/9/27, 33, 5, 23, 4, , 2
2015/9/28, 38, 9, 16, 8, , 2
2015/9/29, 50, 8, 15, 8, 1, 3
2015/9/30, 42, 40, 15, 15, 2, 7
2015/4/1, 44, 13, 23, 6, 1, 1
2015/4/2, 55, 17, 22, 5, 1, 1
2015/4/3, 70, 13, 24, 3, 1, 1
2015/4/4, 63, 16, 23, 3, 1, 1
2015/4/5, 69, 10, 23, 2, , 1
2015/4/6, 61, 15, 29, 3, , 1
2015/4/7, 67, 13, 25, 4, 1, 1
2015/4/8, 59, 13, 29, 6, 1, 1
2015/4/9, 53, 43, 37, 19, 2, 4
2015/4/10, 99, 52, 38, 21, 2, 5
2015/4/11, 110, 31, 32, 7, 2, 2
2015/4/12, 84, 50, 27, 8, 1, 1
2015/4/13, 60, 23, 28, 3, 1, 1
2015/4/14, 56, 20, 23, 8, 2, 1
2015/4/15, 68, 23, 27, 6, 3, 1
2015/4/16, 67, 23, 30, 8, 1, 2
2015/4/17, 63, 10, 26, 3, , 1
2015/4/18, 48, 13, 25, 5, , 2
2015/4/19, 64, 19, 25, 4, 1, 1
2015/4/20, 46, 14, , , , 
2015/4/21, 54, 23, , , , 
2015/4/22, 69, 40, , , , 
2015/4/23, 82, 32, 29, 12, 2, 3
2015/4/24, 68, 31, 47, 16, 2, 2
2015/4/25, 78, 26, 47, 39, 2, 2
2015/4/26, 80, 17, 36, , 1, 2
2015/4/27, 53, 26, 35, 16, 1, 2
2015/4/28, 61, 10, 32, 5, , 1
2015/4/29, 46, 24, 32, 13, , 3
2015/4/30, 69, 24, 34, 11, 1, 2
2015/5/1, 68, 15, 40, 5, 1, 1
2015/5/2, 63, 18, 41, 11, 1, 2
2015/5/3, 71, 30, 28, 17, 1, 3
2015/5/4, 76, 26, 32, 14, 1, 4
2015/5/5, 76, 18, 25, 10, 1, 2
2015/5/6, 54, 13, 39, 7, 1, 2
2015/5/7, 52, 12, 41, 7, 1, 2
2015/5/8, 51, 22, 41, 11, 1, 3
2015/5/9, 68, 22, 27, 11, 1, 3
2015/5/10, 78, 8, 30, 5, 1, 2
2015/5/11, 48, 30, 34, 14, 1, 3
2015/5/12, 73, 15, 37, 7, 1, 2
2015/5/13, 52, 20, 37, 13, 2, 2
2015/5/14, 56, 13, 31, 6, 1, 2
2015/5/15, 53, 12, 39, 6, 2, 2
2015/5/16, 49, 20, 32, 7, 1, 2
2015/5/17, 62, 17, 38, 7, 1, 2
2015/5/18, 51, 35, 39, 16, 2, 3
2015/5/19, 67, 23, 30, 12, 2, 3
2015/5/20, 60, 11, 23, 5, 1, 2
2015/5/21, 48, 7, 29, 6, 1, 2
2015/5/22, 40, 9, 26, 6, 1, 3
2015/5/23, 50, 8, 30, 3, 1, 3
2015/5/24, 46, 12, 19, 9, 1, 4
2015/5/25, 50, 15, 29, 7, 2, 4
2015/5/26, 52, 5, 25, 4, 2, 3
2015/5/27, 32, 12, 33, 6, 2, 3
2015/6/1, 53, 26, 39, 14, 2, 4
2015/6/2, 63, 27, 39, 12, 2, 3
2015/6/3, 67, 16, 38, 2, , 
2015/6/4, 50, 12, 37, 6, , 
2015/6/5, 50, 22, 39, 10, 4, 
2015/6/6, 57, 22, 62, 7, 2, 
2015/6/7, 70, 17, 35, 5, , 
2015/6/8, 45, 14, 28, 5, , 1
2015/6/9, 49, 15, 32, 4, , 1
2015/6/10, 52, 17, 44, 9, 1, 1
2015/6/11, 58, 34, 40, 16, 2, 2
2015/6/12, 78, 34, 47, 9, 2, 2
2015/6/13, 77, 24, 45, 6, 2, 2
2015/6/14, 73, 20, 25, 14, 1, 3
2015/6/15, 66, 10, 31, 3, , 1
2015/6/16, 39, 11, 30, 4, , 1
2015/6/17, 46, 25, 33, 13, , 2
2015/6/18, 62, 22, 21, 11, , 2
2015/6/19, 65, 11, 26, 4, , 1
2015/6/20, 51, 10, 28, 4, , 2
2015/6/21, 54, 14, 26, 8, , 2
2015/6/22, 46, 16, 21, 12, , 2
2015/6/23, 54, 10, 30, 5, , 1
2015/6/24, 42, 15, 29, 6, , 1
2015/6/25, 58, 17, 33, 6, , 1
2015/6/26, 61, 23, 33, 7, , 2
2015/6/27, 75, 13, 32, 4, 2, 1
2015/6/28, 49, 26, 19, 8, , 2
2015/6/29, 79, 11, 30, 5, , 1
2015/6/30, 50, 16, 27, 7, , 1
2015/1/1, 110, 28, 16, 8, 1, 3
2015/1/2, 97, 11, 20, 2, 1, 1
2015/1/3, 51, 9, 20, 2, 1, 1
2015/1/4, 48, 15, 19, 4, 1, 1
2015/1/5, 51, 16, 19, 3, , 2
2015/1/6, 69, 40, 16, 12, 1, 3
2015/1/7, 106, 33, 15, 11, 2, 3
2015/1/8, 108, 15, 22, 7, 1, 2
2015/1/9, 64, 13, 21, 6, 1, 1
2015/1/10, 59, 11, 23, 2, 1, 
2015/1/11, 50, 10, 20, 6, 1, 1
2015/1/12, 54, 25, 15, 9, 1, 2
2015/1/13, 72, 30, 15, 12, 2, 2
2015/1/14, 83, 46, 6, 17, 2, 6
2015/1/15, 131, 30, 18, 13, 2, 3
2015/1/16, 84, 29, 15, 11, 4, 2
2015/1/17, 83, 30, 9, 9, 1, 3
2015/1/18, 101, 23, 12, 6, 1, 2
2015/1/19, 87, 14, 9, 8, 1, 2
2015/1/20, 69, 25, 3, 10, 2, 4
2015/1/21, 79, 22, 4, 8, , 3
2015/1/22, 85, 22, 5, 8, , 3
2015/1/23, 83, 19, 2, 5, , 4
2015/1/24, 81, 17, 8, 5, , 2
2015/1/25, 73, 30, 8, 8, , 2
2015/1/26, 88, 38, 8, 12, 5, 3
2015/1/27, 108, 16, 16, 9, 1, 2
2015/1/28, 65, 25, 14, 10, 1, 3
2015/1/29, 83, 28, 11, 10, 4, 3
2015/1/30, 82, 20, 13, 8, 3, 2
2015/1/31, 85, 31, 16, 12, 2, 4
2015/2/1, 94, 67, 7, 23, 3, 8
2015/2/2, 163, 53, 8, 18, 2, 5
2015/2/3, 148, 57, 9, 21, 3, 9
2015/2/4, 148, 86, 10, 15, 1, 10
2015/2/5, 197, 31, 14, 9, 1, 2
2015/2/6, 105, 39, 18, 6, 1, 1
2015/2/7, 110, 9, 23, 2, 1, 
2015/2/8, 51, 18, 17, 9, 1, 1
2015/2/9, 78, 31, 9, 13, , 3
2015/2/10, 110, 38, 8, 14, , 2
2015/2/11, 112, 38, 11, 14, , 4
2015/2/12, 110, 58, 14, 20, 1, 7
2015/2/13, 154, 72, 15, 21, 3, 12
2015/2/14, 167, 62, 17, 8, , 5
2015/2/15, 157, 23, 18, 6, , 1
2015/2/16, 71, 41, 17, 9, 8, 1
2015/2/17, 74, 47, 17, 11, 2, 3
2015/2/18, 124, 37, 10, 10, 2, 2
2015/2/19, 115, 59, 18, 18, 4, 5
2015/2/20, 146, 51, 22, 14, 3, 3
2015/2/21, 137, 55, 20, 21, 5, 7
2015/2/22, 136, 80, 9, 21, 5, 7
2015/2/23, 175, 42, 7, 15, 2, 4
2015/2/24, 117, 50, 4, 12, 1, 4
2015/2/25, 145, 35, 8, 12, 1, 3
2015/2/26, 111, 59, 6, 14, 2, 5
2015/2/27, 149, 48, 18, 9, 2, 3
2015/2/28, 134, 47, 14, 9, 2, 3
2015/3/1, 134, 23, 17, 10, 1, 2
2015/3/2, 74, 18, 16, 8, , 1
2015/3/3, 63, 20, 16, 10, , 2
2015/3/4, 72, 24, 15, 10, , 1
2015/3/5, 85, 34, 17, 12, , 2
2015/3/6, 110, 55, 10, 14, 1, 4
2015/3/7, 151, 41, 25, 12, 2, 2
2015/3/8, 119, 53, 23, 20, 3, 4
2015/3/9, 115, 102, 21, 31, 4, 13
2015/3/10, 180, 85, 21, 15, 3, 7
2015/3/11, 175, 24, 15, 5, 1, 
2015/3/12, 71, 16, 12, 7, , 1
2015/3/13, 75, 15, 14, 3, , 1
2015/3/14, 63, 17, 17, 5, , 1
2015/3/15, 75, 37, 20, 8, 1, 1
2015/3/16, 78, 35, 23, 11, , 1
2015/3/17, 97, 53, 27, 15, 2, 4
2015/3/18, 131, 55, 23, 18, 1, 4
2015/3/19, 135, 66, 24, 21, 2, 4
2015/3/20, 138, 72, 26, 19, 4, 6
2015/3/21, 163, 24, 20, 6, 1, 1
2015/3/22, 83, 47, 23, 18, 3, 5
2015/3/23, 119, 55, 29, 17, 4, 2
2015/3/24, 128, 55, 27, 16, 4, 3
2015/3/25, 112, 56, 21, 19, 6, 4
2015/3/26, 120, 58, 26, 14, 5, 3
2015/3/27, 133, 8, 21, 4, 1, 1
2015/3/28, 56, 20, 24, 6, 1, 1
2015/3/29, 72, 14, 24, 8, 2, 1
2015/3/30, 60, 12, 21, 7, 1, 1
2015/3/31, 50, 5, 27, 4, 1, 1
2014/10/1, 79, 32, 16, 9, 1, 3
2014/10/2, 80, 44, 21, 13, 1, 5
2014/10/3, 116, 55, 26, 13, 1, 5
2014/10/4, 132, 51, 31, 12, 2, 5
2014/10/5, 134, 48, 22, 13, 1, 4
2014/10/6, 121, 48, 21, 11, 4, 3
2014/10/7, 98, 31, 15, 11, 1, 3
2014/10/8, 82, 31, 18, 14, 1, 3
2014/10/9, 74, 39, 18, 16, 1, 5
2014/10/10, 83, 53, 21, 15, 1, 6
2014/10/11, 121, 35, 18, 8, 1, 3
2014/10/12, 96, 45, 16, 13, 1, 4
2014/10/13, 106, 50, 16, 13, 1, 4
2014/10/14, 100, 25, 13, 12, 1, 3
2014/10/15, 79, 44, 15, 13, 1, 5
2014/10/16, 106, 44, 8, 14, 1, 4
2014/10/17, 125, 22, 9, 5, , 2
2014/10/18, 73, 20, 20, 6, , 3
2014/10/19, 74, 16, 21, 7, 1, 2
2014/10/20, 55, 13, 15, 10, 1, 3
2014/10/21, 56, 28, 11, 8, 1, 3
2014/10/22, 84, 12, 18, 2, , 2
2014/10/23, 58, 21, 18, 6, , 2
2014/10/24, 80, 28, 21, 7, 2, 2
2014/10/25, 91, 45, 19, 11, 2, 6
2014/10/26, 119, 75, 8, 20, 2, 12
2014/10/27, 164, 66, 12, 20, 7, 8
2014/10/28, 143, 58, 15, 18, 6, 6
2014/10/29, 128, 72, 8, 18, 3, 8
2014/10/30, 168, 47, 10, 11, 1, 3
2014/10/31, 130, , 3, 14, 3, 7
2014/11/1, 151, , 11, 12, 3, 6
2014/11/2, 155, , 18, 14, 3, 4
2014/11/3, 127, , 18, 9, 2, 3
2014/11/4, 109, 38, 26, 12, 3, 2
2014/11/5, 90, 36, 22, 13, 3, 3
2014/11/6, 84, 42, 13, 13, 3, 3
2014/11/7, 84, 32, 5, 8, 2, 3
2014/11/8, 86, 14, 7, 3, 1, 2
2014/11/9, 65, 37, 8, 9, 2, 4
2014/11/10, 99, 40, 16, 10, 1, 4
2014/11/11, 107, 41, 8, 8, 2, 3
2014/11/12, 116, 31, 8, 6, 2, 2
2014/11/13, 92, 48, 12, 8, 1, 2
2014/11/14, 107, 44, 13, 6, 2, 1
2014/11/15, 114, 39, 14, 5, 2, 1
2014/11/16, 112, 24, 11, 8, 2, 2
2014/11/17, 79, 35, 4, 5, 1, 2
2014/11/18, 81, 35, 1, 4, 1, 2
2014/11/19, 87, 17, 2, 4, , 3
2014/11/20, 81, 51, 1, 5, 1, 3
2014/11/21, 112, 34, 2, 5, 1, 3
2014/11/22, 113, 44, 10, 8, 1, 4
2014/11/23, 130, 34, 11, 10, 2, 2
2014/11/24, 103, 33, 7, 10, 1, 6
2014/11/25, 104, 36, 4, 9, 1, 18
2014/11/26, 111, 40, 13, 10, 3, 9
2014/11/27, 108, 41, 12, 8, 1, 2
2014/11/28, 116, 52, 12, 6, 1, 2
2014/11/29, 146, 27, 14, 5, , 1
2014/11/30, 92, 36, 14, 6, , 1
2014/12/1, 100, 35, 12, 8, , 1
2014/12/2, 102, 81, 8, 17, 4, 13
2014/12/3, 173, 75, 3, 10, 3, 8
2014/12/4, 169, 29, 6, 8, 1, 2
2014/12/5, 89, 51, 5, 8, 2, 3
2014/12/6, 137, 50, 1, 7, 3, 4
2014/12/7, 143, 28, 5, 9, 1, 4
2014/12/8, 95, 39, 6, 14, 1, 3
2014/12/9, 116, 92, 4, 20, 2, 14
2014/12/10, 194, 52, 4, 13, 2, 5
2014/12/11, 140, 22, 14, 11, 3, 2
2014/12/12, 84, 26, 17, 7, 4, 1
2014/12/13, 83, 39, 10, 11, 3, 4
2014/12/14, 120, 34, 8, 13, 3, 3
2014/12/15, 108, 55, 5, 17, 3, 7
2014/12/16, 141, 31, 8, 13, 2, 2
2014/12/17, 92, 31, 5, 12, 2, 3
2014/12/18, 94, 12, 6, 9, 2, 1
2014/12/19, 63, 10, 18, 3, 2, 
2014/12/20, 51, 9, 20, 2, 1, 
2014/12/21, 52, 9, 14, 5, 2, 
2014/12/22, 47, 5, 16, 3, 1, 1
2014/12/23, 40, 8, 15, 4, 1, 1
2014/12/24, 49, 8, 21, 2, , 1
2014/12/25, 51, 12, 14, 2, , 2
2014/12/26, 60, 26, 10, 4, , 3
2014/12/27, 98, 26, 10, 4, , 2
2014/12/28, 96, , , , , 
2014/9/19, 105, 46, 17, 15, 1, 3
2014/9/20, 108, 26, 19, 7, 1, 3
2014/9/21, 86, 21, 21, 9, 1, 2
2014/9/22, 71, 13, 27, 5, 1, 1
2014/9/23, 55, 19, 21, 10, , 3
2014/9/24, 61, 34, 14, 14, , 3
2014/9/25, 78, 26, 20, 9, , 3
2014/9/26, 75, 29, 19, 10, , 3
2014/9/27, 83, 22, 26, 9, , 2
2014/9/28, 70, 32, 15, 16, 1, 3
2014/9/29, 83, 34, 3, 22, 1, 5
2022/10/20, , 33, 21, 7, 2, 
2022/3/26, , 13, 25, 6, 4, 
2021/12/25, , 35, 20, 9, 5, 3
2020/3/31, , 23, 35, 4, 3, 2
2019/12/31, , 14, 24, 1, 2, 
2019/7/1, , 2, 41, 5, 4, 
2019/6/9, , 15, 35, 8, 1, 1
2019/6/16, , 10, 40, 4, 2, 
2019/6/28, , 1, 38, 3, 4, 
2018/12/31, , 20, 26, 4, 3, 
2018/10/27, , 19, 20, 6, 3, 
2017/12/31, , 25, 15, 6, 6, 4
2017/2/14, , 106, 11, 22, 4, 9
2017/2/15, , 101, 13, 30, 10, 12
2016/11/1, , 15, 15, 7, 5, 1
2016/7/6, , 15, 22, 3, 3, 1
2016/7/7, , 15, 28, 6, 2, 1
2016/7/8, , 16, 20, 7, 3, 1
2016/7/9, , 10, 26, 3, 2, 1
2016/7/10, , 18, 28, 8, 3, 1
2016/7/11, , 21, 37, 7, 3, 2
2016/7/12, , 19, 27, 8, 3, 2
2016/5/6, , 18, 29, 7, , 2
2016/5/7, , 13, 27, 5, , 2
2016/5/8, , 16, 30, 10, , 2
2016/5/9, , 20, 35, 12, 1, 2
2016/5/10, , 25, 31, 18, 1, 3
2016/5/11, , 20, 35, 10, 1, 2
2016/5/12, , 18, 30, 8, 2, 2
2016/5/13, , 14, 23, 7, 2, 2
2016/5/14, , 14, 37, 3, 1, 1
2016/5/15, , 13, 24, 8, 1, 1
2016/5/16, , 16, 22, 11, 1, 2
2016/5/17, , 12, 29, 8, 1, 2
2016/5/18, , 25, 33, 15, 1, 4
2016/1/3, , 47, 9, 10, 11, 5
2015/5/31, , 19, 34, 15, 2, 5
2014/12/31, , 33, 10, 6, 1, 3
2014/9/30, , 27, 12, 9, 1, 3
2014/9/18, , 51, 26, 18, 1, 3
2022/10/1, , , 19, 3, 3, 
2022/10/2, , , 19, 3, 3, 
2022/10/3, , , 22, 3, 2, 
2022/10/4, , , 21, 4, 2, 
2022/10/5, , , 16, 8, 2, 
2022/10/6, , , 21, 7, 2, 
2022/10/7, , , 23, 14, 3, 
2022/10/8, , , 26, 11, 3, 
2022/10/9, , , 19, 3, 2, 
2022/10/10, , , 18, 10, 2, 
2022/10/11, , , 16, 9, 2, 
2022/10/12, , , 19, 13, 2, 
2022/10/13, , , 20, 15, 5, 
2022/10/14, , , 9, 11, 3, 
2022/10/15, , , 20, 10, 4, 
2022/10/16, , , 19, 7, 5, 
2022/10/17, , , 19, 12, 4, 
2022/10/18, , , 27, 10, 4, 
2022/10/19, , , 20, 3, 2, 
2022/9/29, , , 11, 8, 2, 
2022/9/30, , , 15, 7, 3, 
2019/7/2, , , 35, 3, 1, 
2019/7/3, , , 36, 5, , 1
2019/7/4, , , 32, 8, , 1
2019/7/5, , , 27, 3, , 
2019/7/6, , , 31, 3, , 
2019/7/7, , , 31, 3, , 
2019/7/8, , , 30, 3, 2, 
2019/7/9, , , 28, 3, 1, 1
2019/7/10, , , 17, 4, 1, 1
2019/7/11, , , 20, 4, 1, 
2019/7/12, , , 33, 6, 1, 
2019/7/13, , , 36, 7, 1, 
2019/7/14, , , 32, 3, , 
2019/7/15, , , 38, 4, 1, 
2019/7/16, , , 32, 6, 2, 
2019/7/17, , , 23, 3, 2, 
2019/7/18, , , 37, 6, 2, 
2019/7/19, , , 48, 14, 1, 1
2019/7/20, , , 50, 7, 1, 
2019/7/21, , , 45, 6, 1, 
2019/7/22, , , 39, 3, 4, 
2019/7/23, , , 33, 4, 4, 
2019/7/24, , , 34, 5, 5, 
2015/5/28, , , 40, 12, 3, 4
2015/5/29, , , 36, 10, 3, 4
2015/5/30, , , 39, 6, 2, 3