date, pm25, pm10, no2, so2, co
2023/1/2, 33, 10, 9, , 
2023/1/3, 33, 8, 9, 2, 
2023/1/4, 33, 3, 6, 1, 
2023/1/5, 15, 9, 9, , 
2023/1/6, 38, 10, 10, , 
2023/1/7, 42, , , , 
2022/10/1, 44, 6, 4, 3, 
2022/10/2, 20, 7, 5, 2, 
2022/10/3, 20, 9, 8, 2, 
2022/10/4, 27, 14, 11, 4, 
2022/10/5, 40, 9, 9, 2, 
2022/10/6, 25, 15, 13, 3, 
2022/10/7, 37, 11, 10, 3, 
2022/10/8, 37, 8, 9, 2, 
2022/10/9, 25, 15, 14, 3, 
2022/10/10, 39, 11, 9, 2, 
2022/10/11, 32, 17, 14, 3, 
2022/10/12, 44, 26, 15, 3, 
2022/10/13, 67, 29, 14, 4, 
2022/10/14, 75, 20, 11, 4, 
2022/10/15, 65, 9, 8, 3, 
2022/10/16, 29, 16, 14, 3, 
2022/10/17, 46, 13, 8, 2, 
2022/10/18, 45, 7, 7, 2, 
2022/10/19, 19, 15, 12, 3, 
2022/10/20, 43, 21, 12, 4, 
2022/10/21, 62, 20, 9, 3, 
2022/10/22, 68, 17, 9, 3, 
2022/10/23, 55, 15, 11, 3, 
2022/10/24, 46, 10, 10, , 
2022/10/25, 34, 20, 15, , 
2022/10/26, 56, 18, 13, , 
2022/10/27, 57, 20, 13, 3, 
2022/10/28, 57, 18, 10, 2, 
2022/10/29, 56, 35, 14, 2, 
2022/10/30, 91, 28, 11, 2, 
2022/10/31, 79, 23, 8, 2, 
2022/11/1, 73, 11, 10, 2, 
2022/11/2, 37, 14, 13, 3, 
2022/11/3, 39, 24, 11, 5, 
2022/11/4, 69, 10, 8, 2, 
2022/11/5, 36, 12, 8, 2, 
2022/11/6, 42, 11, 9, 4, 
2022/11/7, 38, 10, 12, 3, 
2022/11/8, 29, 11, 12, 4, 
2022/11/9, 35, 10, 8, 2, 
2022/11/10, 35, 11, 7, 1, 
2022/11/11, 39, 19, 11, 1, 
2022/11/12, 62, 11, 7, 1, 
2022/11/13, 43, 31, 9, 3, 
2022/11/14, 86, 31, 10, 3, 
2022/11/15, 88, 10, 4, 2, 
2022/11/16, 34, 13, 5, 3, 
2022/11/17, 44, 16, 9, 2, 
2022/11/18, 47, 17, 12, 3, 
2022/11/19, 58, 12, 6, 3, 
2022/11/20, 51, 14, 8, 3, 
2022/11/21, 57, 24, 9, 4, 
2022/11/22, 78, 38, 11, 5, 
2022/11/23, 109, 34, 11, 4, 
2022/11/24, 92, 31, 9, 3, 
2022/11/25, 86, 25, 9, 1, 
2022/11/26, 75, 21, 11, 1, 
2022/11/27, 68, 23, 9, 3, 
2022/11/28, 73, 33, 8, 2, 
2022/11/29, 97, 38, 9, 1, 
2022/11/30, 108, 29, 10, 1, 
2022/12/1, 85, 21, 9, , 
2022/12/2, 67, 27, 6, , 
2022/12/3, 84, 33, 6, 1, 
2022/12/4, 100, 21, 8, 1, 
2022/12/5, 73, 16, 6, 2, 
2022/12/6, 58, 9, 9, 3, 
2022/12/7, 40, 12, 12, 2, 
2022/12/8, 46, 19, 14, 2, 
2022/12/9, 53, 23, 10, 2, 
2022/12/10, 59, 19, 8, 2, 
2022/12/11, 67, 8, 7, 1, 
2022/12/12, 36, 16, 10, 1, 
2022/12/13, 51, 31, 16, 2, 
2022/12/14, 87, 46, 16, 2, 
2022/12/15, 133, 51, 15, 2, 
2022/12/16, 138, 54, 13, , 
2022/12/17, 137, 20, 10, , 
2022/12/18, 69, 27, 13, 2, 
2022/12/19, 84, 17, 12, 5, 
2022/12/20, 63, 22, 12, 4, 
2022/12/21, 71, 19, 12, 3, 
2022/12/22, 66, 21, 13, 3, 
2022/12/23, 71, 15, 10, 2, 
2022/12/24, 56, 14, 8, 1, 
2022/12/25, 55, 9, 5, 2, 
2022/12/26, 36, 9, 7, , 
2022/12/27, 33, 8, 10, 1, 
2022/12/28, 32, 5, 10, 2, 
2022/12/29, 20, 6, 9, , 
2022/12/30, 23, 4, 6, 1, 
2022/12/31, 16, 9, 4, , 
2023/1/1, 30, 10, 10, , 
2022/9/25, 63, 13, 9, 4, 
2022/9/26, 34, 9, 10, 5, 
2022/9/27, 32, 10, 8, 5, 
2022/9/28, 34, 15, 10, 4, 
2022/9/29, 46, 20, 15, 6, 
2022/9/30, 53, 13, 10, 4, 
2021/7/27, 47, 17, 9, 1, 1
2021/7/28, 37, 24, 4, 1, 1
2021/7/29, 34, 22, 9, 1, 1
2021/7/30, 42, 22, 7, 1, 1
2021/7/31, 33, 8, 3, 1, 1
2021/8/1, 22, 9, 3, 1, 1
2021/8/2, 18, 9, 6, , 1
2021/8/3, 20, 15, 8, 1, 1
2021/8/4, 27, 20, 9, 1, 1
2021/8/5, 35, 18, 10, 1, 1
2021/8/6, 32, 12, 7, 1, 1
2021/8/7, 30, 7, 4, 1, 1
2021/8/8, 22, 11, 6, , 1
2021/8/9, 24, 14, 10, 1, 1
2021/8/10, 30, 15, 9, , 2
2021/8/11, 40, 19, 12, , 2
2021/8/12, 40, 24, 14, 1, 2
2021/8/13, 49, 13, 4, , 1
2021/8/14, 31, 11, 4, 1, 1
2021/8/15, 32, 12, 6, 1, 1
2021/8/16, 31, 7, 2, 1, 1
2021/8/17, 20, 9, 2, 1, 1
2021/8/18, 26, 10, 4, , 1
2021/8/19, 29, 8, 6, , 1
2021/8/20, 27, 11, 5, 1, 1
2021/8/21, 33, 11, 7, , 1
2021/8/22, 26, 10, 4, , 1
2021/8/23, 18, 7, 5, , 1
2021/8/24, 17, 11, 6, 2, 2
2021/8/25, 26, 6, 4, 3, 2
2021/8/26, 16, 10, 7, 1, 1
2021/8/27, 30, 9, 6, , 2
2021/8/28, 32, 6, 5, , 2
2021/8/29, 24, 12, 5, , 1
2021/8/30, 39, 14, 4, , 1
2021/8/31, 45, 11, 6, , 1
2021/9/1, 29, 16, 7, , 1
2021/9/2, 42, 19, 6, 1, 1
2021/9/3, 54, 22, 8, 1, 1
2021/9/4, 56, 9, 5, 1, 1
2021/9/5, 21, 20, 13, 3, 2
2021/9/6, 35, 25, 12, 2, 2
2021/9/7, 62, 35, 20, 1, 3
2021/9/8, 78, 38, 18, 2, 2
2021/9/9, 71, 34, 19, 4, 3
2021/9/10, 71, 15, 9, 2, 2
2021/9/11, 50, 12, 3, 2, 2
2021/9/12, 47, 9, 6, 2, 1
2021/9/13, 30, 19, 12, 1, 2
2021/9/14, 46, 24, 11, 2, 2
2021/9/15, 62, 10, 5, 2, 1
2021/9/16, 36, 5, 4, 2, 1
2021/9/17, 15, 8, 4, 2, 1
2021/9/18, 24, 10, 4, 2, 1
2021/9/19, 24, 12, 8, 2, 1
2021/9/20, 29, 12, 8, 1, 2
2021/9/21, 36, 11, 7, 1, 1
2021/9/22, 37, 19, 5, 3, 1
2021/9/23, 56, 11, 4, 3, 1
2021/9/24, 33, 18, 8, 2, 2
2021/9/25, 57, 16, 7, 2, 1
2021/9/26, 54, 25, 10, 2, 2
2021/9/27, 66, 23, 12, 2, 2
2021/9/28, 66, , , , 
2020/10/1, 78, 41, 6, 1, 2
2020/10/2, 101, 22, 5, 2, 2
2020/10/3, 70, 10, 8, 2, 2
2020/10/4, 35, 13, 9, 1, 2
2020/10/5, 43, 13, 10, 2, 1
2020/10/6, 29, 12, 10, 1, 1
2020/10/7, 36, 14, 8, 1, 1
2020/10/8, 39, 10, 9, 1, 2
2020/10/9, 28, 11, 6, 1, 2
2020/10/10, 43, 12, 7, 1, 2
2020/10/11, 47, 17, 12, 1, 2
2020/10/12, 56, 13, 10, 1, 2
2020/10/13, 44, 5, 3, 1, 1
2020/10/14, 15, 4, 5, 1, 1
2020/10/15, 16, 7, 11, , 2
2020/10/16, 25, 14, 9, , 2
2020/10/17, 52, 8, 4, 1, 1
2020/10/18, 34, 10, 9, , 2
2020/10/19, 37, 24, 12, 1, 2
2020/10/20, 70, 21, 11, 1, 2
2020/10/21, 67, 18, 11, 1, 2
2020/10/22, 51, 18, 11, 2, 2
2020/10/23, 64, 14, 7, 3, 1
2020/10/24, 52, 13, 4, 3, 1
2020/10/25, 45, 26, 10, 1, 2
2020/10/26, 75, 17, 11, , 1
2020/10/27, 54, 17, 10, , 2
2020/10/28, 50, 9, 9, , 1
2020/10/29, 35, 11, 12, , 2
2020/10/30, 45, 13, 8, , 2
2020/10/31, 52, 16, 5, , 2
2020/11/1, 60, 9, 9, , 1
2020/11/2, 32, 13, 11, , 1
2020/11/3, 40, 13, 10, , 1
2020/11/4, 45, 11, 7, 1, 1
2020/11/5, 41, 12, 9, 1, 2
2020/11/6, 50, 20, 10, 2, 2
2020/11/7, 66, 25, 6, 2, 1
2020/11/8, 76, 26, 8, 1, 1
2020/11/9, 80, 39, 11, 1, 2
2020/11/10, 110, 25, 8, 1, 3
2020/11/11, 80, 28, 10, 2, 3
2020/11/12, 81, 26, 13, 3, 3
2020/11/13, 76, 24, 10, 3, 3
2020/11/14, 78, 18, 8, 3, 2
2020/11/15, 64, 15, 10, 3, 2
2020/11/16, 51, 11, 9, 2, 1
2020/11/17, 44, 12, 9, 1, 2
2020/11/18, 47, 10, 7, 2, 1
2020/11/19, 33, 13, 11, 1, 2
2020/11/20, 45, 15, 7, 1, 1
2020/11/21, 51, 11, 5, 1, 1
2020/11/22, 46, 10, 8, 1, 2
2020/11/23, 41, 18, 12, 1, 2
2020/11/24, 61, 26, 12, 1, 2
2020/11/25, 79, 28, 12, 2, 3
2020/11/26, 84, 15, 11, 1, 2
2020/11/27, 55, , , , 
2020/11/29, 45, 15, 10, 1, 2
2020/11/30, 57, 24, 13, 2, 2
2020/12/1, 78, 38, 12, 2, 4
2020/12/2, 128, 40, 12, 3, 3
2020/12/3, 121, 34, 10, 4, 3
2020/12/4, 103, , , , 
2020/7/1, 35, , 5, , 
2020/7/2, 32, , 4, , 
2020/7/3, 39, , 4, , 
2020/7/4, 41, , 1, , 
2020/7/5, 18, , 2, , 
2020/7/6, 24, , 2, , 
2020/7/7, 25, , 4, , 
2020/7/8, 22, , 11, , 
2020/7/9, 54, , 6, , 
2020/7/10, 39, , 2, , 
2020/7/11, 18, , 2, , 
2020/7/12, 17, , 4, 3, 
2020/7/13, 17, , 11, 2, 
2020/7/14, 35, , 8, 3, 
2020/7/15, 52, , 6, 1, 
2020/7/16, 29, , 7, 2, 
2020/7/17, 45, , 6, 1, 
2020/7/18, 50, , 6, 1, 
2020/7/19, 55, , 7, 1, 
2020/7/20, 41, , 3, 1, 
2020/7/21, 16, , 5, 1, 
2020/7/22, 17, , 8, 2, 
2020/7/23, 23, , 10, 2, 
2020/7/24, 46, , 7, 2, 
2020/7/25, 30, , 6, 2, 
2020/7/26, 38, , 11, 2, 
2020/7/27, 35, , 8, 2, 
2020/7/30, 27, , 6, 2, 
2020/7/31, 40, , 6, 1, 
2020/8/1, 38, , 7, 1, 
2020/8/2, 50, , 7, 1, 
2020/8/3, 41, , 9, 2, 
2020/8/4, 34, , 17, 1, 
2020/8/5, 55, , 14, , 
2020/8/6, 48, , 13, , 
2020/8/7, 57, , 10, 1, 
2020/8/8, 74, , 10, 1, 
2020/8/9, 76, , 12, 1, 
2020/8/10, 70, , 7, , 
2020/8/11, 53, , 7, 4, 
2020/8/12, 38, , 9, 1, 
2020/8/13, 46, , 20, 2, 
2020/8/14, 71, , 14, 2, 
2020/8/15, 67, , 8, 1, 
2020/8/16, 49, , 7, 2, 
2020/8/17, 48, , 10, 2, 
2020/8/18, 63, , 10, 1, 
2020/8/19, 51, , 17, 2, 
2020/8/20, 53, , 21, 2, 
2020/8/21, 54, , 8, 2, 
2020/8/22, 53, , 3, 2, 
2020/8/23, 27, , 5, 1, 
2020/8/24, 32, , 7, 2, 
2020/8/25, 32, , 5, 3, 
2020/8/26, 25, , 3, 2, 
2020/8/27, 16, , 13, 2, 
2020/8/28, 40, , 10, 3, 
2020/8/29, 36, , 10, 3, 
2020/8/30, 45, , 9, 2, 
2020/8/31, 34, , 10, 2, 
2020/9/1, 32, , 8, 1, 
2020/9/2, 23, , 7, , 
2020/9/3, 28, , 9, , 
2020/9/4, 36, , 6, , 
2020/9/5, 40, 6, 3, , 
2020/9/6, 20, 10, 9, , 1
2020/9/7, 28, 17, 8, , 1
2020/9/8, 38, 19, 7, , 1
2020/9/9, 47, 9, 8, , 1
2020/9/10, 29, 26, 22, , 2
2020/9/11, 51, 21, 10, , 1
2020/9/12, 50, 9, 4, , 1
2020/9/13, 32, 29, 25, , 3
2020/9/14, 64, 34, 25, , 3
2020/9/15, 76, 29, 14, , 2
2020/9/16, 72, 10, 8, , 1
2020/9/17, 21, 13, 13, , 1
2020/9/18, 33, 15, 11, , 2
2020/9/19, 43, 17, 9, , 1
2020/9/20, 45, 28, 21, , 2
2020/9/21, 65, 44, 28, 1, 4
2020/9/22, 89, 45, 30, 2, 3
2020/9/23, 86, 35, 18, 2, 2
2020/9/24, 68, 18, 10, 2, 2
2020/9/25, 58, 10, 6, 2, 1
2020/9/26, 38, 6, 4, 1, 1
2020/9/27, 28, 15, 10, 1, 1
2020/9/28, 41, 22, 14, 1, 2
2020/9/29, 65, 22, 13, , 2
2020/9/30, 65, 31, 14, 1, 2
2020/4/1, 43, , 5, 2, 
2020/4/2, 51, , 4, 1, 
2020/4/3, 42, , 10, , 
2020/4/4, 44, , 6, 2, 
2020/4/5, 57, , 17, 3, 
2020/4/6, 80, , 16, 4, 
2020/4/7, 69, , 21, 1, 
2020/4/8, 81, , 11, 5, 
2020/4/9, 57, , 9, 1, 
2020/4/10, 45, , 10, 1, 
2020/4/11, 66, , 7, 3, 
2020/4/12, 46, , 2, 1, 
2020/4/13, 25, , 5, , 
2020/4/14, 26, , 4, 1, 
2020/4/15, 50, , 8, 10, 
2020/4/16, 56, , 11, 3, 
2020/4/17, 40, , 6, 1, 
2020/4/18, 24, , 4, , 
2020/4/19, 16, , 8, , 
2020/4/20, 26, , 6, 1, 
2020/4/21, 26, , 9, 1, 
2020/4/22, 36, , 16, 1, 
2020/4/23, 53, , 13, 3, 
2020/4/24, 49, , 6, 2, 
2020/4/25, 28, , 5, 3, 
2020/4/26, 30, , 10, 2, 
2020/4/27, 56, , 12, 4, 
2020/4/28, 62, , 7, 2, 
2020/4/29, 50, , 13, 2, 
2020/4/30, 59, , 5, 2, 
2020/5/1, 22, , 4, 2, 
2020/5/2, 36, , 3, 2, 
2020/5/3, 42, , 11, 1, 
2020/5/4, 53, , 9, 1, 
2020/5/5, 18, , 6, 1, 
2020/5/6, 24, , 8, 1, 
2020/5/7, 47, , 14, 2, 
2020/5/8, 61, , 11, 2, 
2020/5/9, 63, , 7, 2, 
2020/5/10, 51, , 13, 2, 
2020/5/11, 27, , 3, 2, 
2020/5/12, 21, , 7, 3, 
2020/5/13, 32, , 11, 2, 
2020/5/14, 28, , 7, 1, 
2020/5/15, 34, , 4, 1, 
2020/5/16, 26, , 2, 1, 
2020/5/17, 21, , 6, 1, 
2020/5/18, 41, , 8, 1, 
2020/5/19, 45, , 15, 2, 
2020/5/20, 37, , 9, 1, 
2020/5/21, 33, , 7, 1, 
2020/5/22, 32, , 9, 1, 
2020/5/23, 49, , 2, 1, 
2020/5/24, 24, , 6, 1, 
2020/5/25, 35, , 11, 9, 
2020/5/26, 52, , 12, 2, 
2020/5/27, 43, , 7, 1, 
2020/5/28, 30, , 11, 3, 
2020/5/29, 32, , 7, 1, 
2020/5/30, 17, , 7, 2, 
2020/5/31, 23, , 5, 1, 
2020/6/1, 25, , 7, 3, 
2020/6/2, 30, , 6, 3, 
2020/6/3, 34, , 7, 4, 
2020/6/4, 47, , 7, 2, 
2020/6/5, 39, , 3, , 
2020/6/6, 21, , 6, , 
2020/6/7, 33, , 6, , 
2020/6/8, 27, , 8, , 
2020/6/9, 32, , 8, , 
2020/6/10, 40, , 3, , 
2020/6/11, 65, , 5, , 
2020/6/12, 68, , 4, 1, 
2020/6/13, 63, , 1, 1, 
2020/6/14, 37, , 6, 1, 
2020/6/15, 36, , 9, 1, 
2020/6/16, 37, , 13, 3, 
2020/6/17, 50, , 7, 1, 
2020/6/18, 54, , 6, 1, 
2020/6/19, 49, , 3, 1, 
2020/6/20, 34, , 2, , 
2020/6/21, 44, , 6, 1, 
2020/6/22, 34, , 6, 1, 
2020/6/23, 30, , 7, 2, 
2020/6/24, 42, , 9, 1, 
2020/6/25, 49, , 10, 1, 
2020/6/26, 61, , 9, 2, 
2020/6/27, 67, , 4, 2, 
2020/6/28, 45, , 7, 2, 
2020/6/29, 46, , 4, 3, 
2020/6/30, 43, , 5, 1, 
2020/1/1, 84, , 11, , 
2020/1/2, 81, , 10, 1, 
2020/1/3, 58, , 3, 1, 
2020/1/4, 36, , 7, , 
2020/1/5, 53, , 7, 1, 
2020/1/6, 67, , 11, , 
2020/1/7, 80, , 11, 1, 
2020/1/8, 62, , 10, 1, 
2020/1/9, 61, , 9, 2, 
2020/1/10, 52, , 7, , 
2020/1/11, 37, , 5, 1, 
2020/1/12, 49, , 11, 1, 
2020/1/13, 54, , 13, 2, 
2020/1/14, 57, , 16, 3, 
2020/1/15, 45, , 16, 1, 
2020/1/16, 51, , 14, 2, 
2020/1/17, 105, , 8, 1, 
2020/1/18, 65, , 7, , 
2020/1/19, 64, , 8, , 
2020/1/20, 58, , 10, , 
2020/1/21, 87, , 8, , 
2020/1/22, 50, , 8, , 
2020/1/23, 54, , 7, 1, 
2020/1/24, 80, , 10, 1, 
2020/1/25, 69, , 8, 1, 
2020/1/26, 62, , 14, 2, 
2020/1/27, 93, , 13, 4, 
2020/1/28, 62, , 6, 3, 
2020/1/29, 44, , 7, 2, 
2020/1/30, 43, , 8, 3, 
2020/1/31, 44, , 5, 3, 
2020/2/1, 42, , 5, 3, 
2020/2/2, 41, , 9, 2, 
2020/2/3, 55, , 7, 2, 
2020/2/4, 34, , 9, , 
2020/2/5, 35, , 8, , 
2020/2/6, 44, , 12, , 
2020/2/7, 56, , 10, 1, 
2020/2/8, 74, , 6, 3, 
2020/2/9, 61, , 4, 6, 
2020/2/10, 27, , 3, 5, 
2020/2/11, 31, , 3, 4, 
2020/2/12, 32, , 9, 4, 
2020/2/13, 44, , 15, 3, 
2020/2/14, 100, , 10, 3, 
2020/2/15, 73, , 6, 4, 
2020/2/16, 30, , 5, 4, 
2020/2/17, 37, , 5, 3, 
2020/2/18, 40, , 8, 1, 
2020/2/19, 40, , 8, , 
2020/2/20, 58, , 6, , 
2020/2/21, 37, , 3, , 
2020/2/22, 34, , 3, , 
2020/2/23, 30, , 6, , 
2020/2/24, 36, , 5, 1, 
2020/2/25, 43, , 7, 1, 
2020/2/26, 49, , 13, 1, 
2020/2/27, 78, , 12, , 
2020/2/28, 67, , 8, 1, 
2020/2/29, 55, , 6, 1, 
2020/3/1, 23, , 15, 2, 
2020/3/2, 56, , 10, 1, 
2020/3/3, 70, , 10, , 
2020/3/4, 72, , 11, , 
2020/3/5, 93, , 10, 1, 
2020/3/6, 90, , 7, , 
2020/3/7, 68, , 9, , 
2020/3/8, 72, , 16, , 
2020/3/9, 88, , 12, 1, 
2020/3/10, 57, , 6, 1, 
2020/3/11, 35, , 5, 1, 
2020/3/12, 36, , 4, , 
2020/3/13, 32, , 10, , 
2020/3/14, 32, , 8, , 
2020/3/15, 46, , 13, 2, 
2020/3/16, 64, , 15, , 
2020/3/17, 86, , 8, , 
2020/3/18, 58, , 18, , 
2020/3/19, 61, , 20, 2, 
2020/3/20, 70, , 7, , 
2020/3/21, 23, , 2, , 
2020/3/22, 31, , 13, 8, 
2020/3/23, 47, , 18, 3, 
2020/3/24, 83, , 12, 2, 
2020/3/25, 81, , 9, 2, 
2020/3/26, 85, , 17, 2, 
2020/3/27, 125, , 12, 1, 
2020/3/28, 135, , 4, 1, 
2020/3/29, 89, , , , 
2019/10/1, 33, , 10, 3, 
2019/10/2, 27, , 8, 8, 
2019/10/3, 40, , 7, 3, 
2019/10/4, 33, , 5, 2, 
2019/10/5, 30, , 9, 1, 
2019/10/6, 46, , 11, 2, 
2019/10/7, 59, , 9, 3, 
2019/10/8, 57, , 8, 3, 
2019/10/9, 51, , 6, 3, 
2019/10/10, 37, , 8, 4, 
2019/10/11, 34, , 5, 3, 
2019/10/12, 27, , 10, 4, 
2019/10/13, 50, , 9, 4, 
2019/10/14, 43, , 14, 4, 
2019/10/15, 87, , 8, 3, 
2019/10/16, 82, , 11, 4, 
2019/10/17, 46, , 9, 4, 
2019/10/18, 39, , 9, 3, 
2019/10/19, 38, , 9, 4, 
2019/10/20, 67, , 10, 4, 
2019/10/21, 95, , 11, 2, 
2019/10/22, 75, , 12, 2, 
2019/10/23, 77, , 10, 3, 
2019/10/24, 124, , 9, 2, 
2019/10/25, 73, , 9, 7, 
2019/10/26, 45, , 4, 3, 
2019/10/27, 30, , 8, 2, 
2019/10/28, 37, , 11, 2, 
2019/10/29, 40, , 18, 2, 
2019/10/30, 75, , 16, 2, 
2019/10/31, 86, , 10, 3, 
2019/11/1, 102, , 7, 4, 
2019/11/2, 60, , 7, 5, 
2019/11/3, 63, , 9, 2, 
2019/11/4, 74, , 8, , 
2019/11/5, 63, , 10, , 
2019/11/6, 41, , 10, , 
2019/11/7, 66, , 12, , 
2019/11/8, 100, , 7, , 
2019/11/9, 97, , 7, , 
2019/11/10, 75, , 7, 3, 
2019/11/11, 76, , 9, 1, 
2019/11/12, 79, , 12, , 
2019/11/13, 71, , 9, , 
2019/11/14, 78, , 5, , 
2019/11/15, 77, , 8, 1, 
2019/11/16, 83, , 7, , 
2019/11/17, 87, , 9, , 
2019/11/18, 86, , 12, , 
2019/11/19, 51, , 10, , 
2019/11/20, 105, , 7, , 
2019/11/21, 87, , 10, 1, 
2019/11/22, 90, , 6, 1, 
2019/11/23, 99, , 5, 1, 
2019/11/24, 102, , 7, 1, 
2019/11/25, 125, , 10, 2, 
2019/11/26, 103, , 11, 3, 
2019/11/27, 74, , 10, 3, 
2019/11/28, 50, , , , 
2019/12/3, 56, , 10, 1, 
2019/12/4, 80, , 16, 1, 
2019/12/5, 88, , 16, 2, 
2019/12/6, 81, , 8, 3, 
2019/12/7, 46, , 5, 3, 
2019/12/8, 31, , 11, 3, 
2019/12/9, 34, , 12, 1, 
2019/12/10, 46, , 14, 2, 
2019/12/11, 59, , 13, 2, 
2019/12/12, 78, , 14, 3, 
2019/12/13, 116, , 12, 4, 
2019/12/14, 61, , 6, 3, 
2019/12/15, 25, , 18, 2, 
2019/12/16, 53, , 16, 3, 
2019/12/17, 75, , 13, 2, 
2019/12/18, 46, , 16, 1, 
2019/12/19, 95, , 19, 4, 
2019/12/20, 114, , 14, 4, 
2019/12/21, 73, , 10, 3, 
2019/12/22, 68, , 11, 3, 
2019/12/23, 80, , 9, 2, 
2019/12/24, 61, , 6, 2, 
2019/12/25, 68, , 7, 1, 
2019/12/26, 45, , 8, 2, 
2019/12/27, 32, , 6, , 
2019/12/28, 39, , 9, 1, 
2019/12/29, 51, , , , 
2019/7/1, 33, , 2, 5, 
2019/7/2, 22, , 2, 4, 
2019/7/3, 18, , 3, 4, 
2019/7/4, 25, , 3, 5, 
2019/7/5, 20, , 2, 5, 
2019/7/6, 37, , 1, 5, 
2019/7/7, 23, , 3, 5, 
2019/7/8, 15, , 3, 5, 
2019/7/9, 20, , 4, 6, 
2019/7/10, 26, , 6, 2, 
2019/7/11, 28, , 10, 1, 
2019/7/12, 44, , 5, 1, 
2019/7/13, 43, , 2, 1, 
2019/7/14, 41, , 3, , 
2019/7/15, 38, , 3, , 
2019/7/16, 36, , 5, 1, 
2019/7/17, 33, , 7, , 
2019/7/18, 27, , 8, 1, 
2019/7/19, 36, , 7, 1, 
2019/7/20, 44, , 2, , 
2019/7/21, 30, , 4, , 
2019/7/22, 32, , 6, 4, 
2019/7/23, 53, , 8, 3, 
2019/7/24, 48, , 6, 1, 
2019/7/25, 37, , 5, 1, 
2019/7/26, 35, , 4, 1, 
2019/7/27, 46, , 4, 1, 
2019/7/28, 50, , 11, 1, 
2019/7/29, 66, , 7, 2, 
2019/7/30, 57, , 6, 1, 
2019/7/31, 41, , 6, 11, 
2019/8/1, 34, , 7, 2, 
2019/8/2, 36, , 7, 1, 
2019/8/3, 47, , 6, 2, 
2019/8/4, 41, , 11, 2, 
2019/8/5, 42, , 8, 1, 
2019/8/6, 44, , 10, 2, 
2019/8/7, 54, , 4, 1, 
2019/8/8, 32, , 7, 1, 
2019/8/9, 33, , 6, 2, 
2019/8/10, 29, , 6, 1, 
2019/8/11, 31, , 6, 1, 
2019/8/12, 35, , 5, 1, 
2019/8/13, 30, , 7, 1, 
2019/8/14, 29, , 9, 2, 
2019/8/15, 30, , 6, 1, 
2019/8/16, 38, , 11, 2, 
2019/8/17, 41, , 6, 2, 
2019/8/18, 28, , 7, 1, 
2019/8/19, 32, , 10, 1, 
2019/8/20, 36, , 7, 1, 
2019/8/21, 33, , 12, 1, 
2019/8/22, 44, , 17, 1, 
2019/8/23, 52, , 13, 1, 
2019/8/24, 55, , 7, 1, 
2019/8/25, 43, , 12, 2, 
2019/8/26, 55, , 12, 2, 
2019/8/27, 66, , 12, 4, 
2019/8/28, 61, , 11, 2, 
2019/8/29, 60, , 12, 1, 
2019/8/30, 66, , 9, 2, 
2019/8/31, 58, , 5, 4, 
2019/9/1, 53, , 5, 1, 
2019/9/2, 17, , 9, 1, 
2019/9/3, 27, , 11, 2, 
2019/9/4, 46, , 4, 1, 
2019/9/5, 27, , 7, 1, 
2019/9/6, 21, , 11, 2, 
2019/9/7, 36, , 5, 1, 
2019/9/8, 28, , 10, 2, 
2019/9/9, 58, , 3, 2, 
2019/9/10, 22, , 11, 2, 
2019/9/11, 39, , 7, 1, 
2019/9/12, 42, , 7, 1, 
2019/9/13, 40, , 8, , 
2019/9/14, 35, , 3, 2, 
2019/9/15, 25, , 4, 2, 
2019/9/16, 36, , 3, 2, 
2019/9/17, 18, , 4, 1, 
2019/9/18, 17, , 8, 1, 
2019/9/19, 23, , 7, 1, 
2019/9/20, 26, , 8, 2, 
2019/9/21, 46, , 10, 2, 
2019/9/22, 58, , 8, 2, 
2019/9/23, 65, , 8, 3, 
2019/9/24, 106, , 9, 4, 
2019/9/25, 136, , 10, 3, 
2019/9/26, 79, , 11, 2, 
2019/9/27, 54, , 5, 3, 
2019/9/28, 38, , 4, 4, 
2019/9/29, 26, , 4, 3, 
2019/9/30, 18, , 7, 3, 
2019/4/1, 50, , 9, 4, 
2019/4/2, 70, , 10, 6, 
2019/4/3, 96, , 9, 4, 
2019/4/4, 101, , 14, 4, 
2019/4/5, 108, , 8, 4, 
2019/4/6, 105, , 7, 3, 
2019/4/7, 91, , 15, 3, 
2019/4/8, 103, , 7, 2, 
2019/4/9, 60, , 7, 2, 
2019/4/10, 47, , 9, 1, 
2019/4/11, 37, , 8, 1, 
2019/4/12, 48, , 5, 1, 
2019/4/13, 60, , 5, 1, 
2019/4/14, 58, , 8, 1, 
2019/4/15, 51, , 10, 1, 
2019/4/16, 59, , 11, 2, 
2019/4/17, 64, , 12, 2, 
2019/4/18, 71, , 11, 6, 
2019/4/19, 64, , 5, 1, 
2019/4/20, 48, , 6, 2, 
2019/4/21, 48, , 3, 2, 
2019/4/22, 54, , 5, 3, 
2019/4/23, 88, , 7, 3, 
2019/4/24, 79, , 11, 3, 
2019/4/25, 74, , 9, 3, 
2019/4/26, 87, , 6, 3, 
2019/4/27, 53, , 4, 2, 
2019/4/28, 65, , 7, 2, 
2019/4/29, 59, , 9, 4, 
2019/4/30, 52, , 4, 3, 
2019/5/1, 69, , 3, 3, 
2019/5/2, 53, , 2, 3, 
2019/5/3, 29, , 3, 3, 
2019/5/4, 28, , 5, 6, 
2019/5/5, 29, , 5, 2, 
2019/5/6, 37, , 6, 2, 
2019/5/7, 33, , 11, 3, 
2019/5/8, 60, , 13, 3, 
2019/5/9, 59, , 9, 3, 
2019/5/10, 64, , 7, 3, 
2019/5/11, 45, , 4, 1, 
2019/5/12, 28, , 7, 1, 
2019/5/13, 28, , 5, 1, 
2019/5/14, 22, , 6, 1, 
2019/5/15, 20, , 9, 2, 
2019/5/16, 42, , 9, 3, 
2019/5/17, 75, , 8, 3, 
2019/5/18, 70, , 5, 3, 
2019/5/19, 64, , 10, 4, 
2019/5/20, 77, , 9, 4, 
2019/5/21, 71, , 4, 3, 
2019/5/22, 58, , 8, 3, 
2019/5/23, 32, , 9, 3, 
2019/5/24, 47, , 3, 3, 
2019/5/25, 33, , 3, 3, 
2019/5/26, 43, , 6, 4, 
2019/5/27, 42, , 8, 5, 
2019/5/28, 50, , 7, 3, 
2019/5/29, 28, , 10, 3, 
2019/5/30, 29, , 8, 3, 
2019/5/31, 57, , 6, 12, 
2019/6/1, 62, , 5, 5, 
2019/6/2, 45, , 10, 7, 
2019/6/3, 50, , 8, 5, 
2019/6/4, 48, , 10, 4, 
2019/6/5, 64, , 7, 4, 
2019/6/6, 56, , 6, 4, 
2019/6/7, 44, , 5, 3, 
2019/6/8, 37, , 4, 3, 
2019/6/9, 29, , 10, 3, 
2019/6/10, 56, , 8, 4, 
2019/6/11, 58, , 7, 4, 
2019/6/12, 57, , 6, 4, 
2019/6/13, 37, , 10, 4, 
2019/6/14, 40, , 6, 4, 
2019/6/15, 62, , 2, 4, 
2019/6/16, 30, , 7, 5, 
2019/6/17, 40, , 8, 4, 
2019/6/18, 41, , 11, 5, 
2019/6/19, 54, , 4, 5, 
2019/6/20, 45, , 7, 5, 
2019/6/21, 44, , 4, 4, 
2019/6/22, 31, , 3, 4, 
2019/6/23, 29, , 8, 4, 
2019/6/24, 29, , 11, 4, 
2019/6/25, 50, , 9, 5, 
2019/6/26, 63, , 1, 4, 
2019/6/27, 27, , 6, 4, 
2019/6/28, 37, , 7, 6, 
2019/6/29, 38, , 7, 6, 
2019/6/30, 38, , 2, 5, 
2019/1/1, 45, , 5, 2, 
2019/1/2, 22, , 9, 2, 
2019/1/3, 40, , 9, 2, 
2019/1/4, 61, , 7, 3, 
2019/1/5, 39, , 6, 2, 
2019/1/6, 43, , 12, 3, 
2019/1/7, 61, , 5, 5, 
2019/1/8, 28, , 6, 4, 
2019/1/9, 26, , 10, 3, 
2019/1/10, 48, , 9, 3, 
2019/1/11, 62, , 6, 4, 
2019/1/12, 59, , 3, 5, 
2019/1/13, 32, , 4, 4, 
2019/1/14, 32, , 7, 4, 
2019/1/15, 47, , 6, 4, 
2019/1/16, 53, , 7, 5, 
2019/1/17, 53, , 9, 3, 
2019/1/18, 43, , 10, 5, 
2019/1/19, 77, , 7, 4, 
2019/1/20, 91, , 9, 3, 
2019/1/21, 87, , 16, 5, 
2019/1/22, 135, , 13, 6, 
2019/1/23, 160, , 11, 5, 
2019/1/24, 125, , 11, 5, 
2019/1/25, 108, , 13, 5, 
2019/1/26, 123, , 9, 5, 
2019/1/27, 60, , 15, 6, 
2019/1/28, 74, , 10, 5, 
2019/1/29, 72, , 10, 4, 
2019/1/30, 77, , 14, 6, 
2019/1/31, 150, , 14, 6, 
2019/2/1, 152, , 11, 5, 
2019/2/2, 144, , 6, 4, 
2019/2/3, 66, , 10, 2, 
2019/2/4, 66, , 10, 5, 
2019/2/5, 68, , 12, 4, 
2019/2/6, 77, , 14, 6, 
2019/2/7, 73, , 14, 6, 
2019/2/8, 70, , 8, 6, 
2019/2/9, 39, , 6, 5, 
2019/2/10, 31, , 5, 4, 
2019/2/11, 30, , 9, 3, 
2019/2/12, 44, , 10, 3, 
2019/2/13, 85, , 13, 3, 
2019/2/14, 105, , 16, 3, 
2019/2/15, 122, , 16, 5, 
2019/2/16, 83, , 18, 4, 
2019/2/17, 107, , 19, 7, 
2019/2/18, 132, , 12, 5, 
2019/2/19, 93, , 10, 4, 
2019/2/20, 78, , 9, 4, 
2019/2/21, 88, , 10, 2, 
2019/2/22, 38, , 11, 4, 
2019/2/23, 65, , 13, 4, 
2019/2/24, 91, , 14, 3, 
2019/2/25, 100, , 14, 3, 
2019/2/26, 143, , 13, 4, 
2019/2/27, 103, , 11, 2, 
2019/2/28, 109, , 13, , 
2019/3/1, 80, , 11, , 
2019/3/2, 77, , 5, 1, 
2019/3/3, 62, , 7, 3, 
2019/3/4, 35, , 6, 2, 
2019/3/5, 50, , 10, 2, 
2019/3/6, 62, , 10, 3, 
2019/3/7, 46, , 7, 2, 
2019/3/8, 36, , 8, 2, 
2019/3/9, 47, , 4, 1, 
2019/3/10, 40, , 10, , 
2019/3/11, 46, , 8, 1, 
2019/3/12, 51, , 8, 4, 
2019/3/13, 31, , 7, 2, 
2019/3/14, 37, , 5, 2, 
2019/3/15, 32, , 5, 1, 
2019/3/16, 38, , 5, 3, 
2019/3/17, 34, , 5, 1, 
2019/3/18, 34, , 11, , 
2019/3/19, 67, , 9, , 
2019/3/20, 76, , 7, , 
2019/3/21, 89, , 12, , 
2019/3/22, 82, , 7, , 
2019/3/23, 98, , 8, , 
2019/3/24, 57, , 10, , 
2019/3/25, 43, , 8, , 
2019/3/26, 45, , 10, , 
2019/3/27, 60, , 8, , 
2019/3/28, 45, , 8, 1, 
2019/3/29, 55, , 11, 3, 
2019/3/30, 76, , 7, 1, 
2019/3/31, 58, , 12, 2, 
2018/10/1, 62, , 5, 1, 
2018/10/2, 29, , 5, 1, 
2018/10/3, 25, , 9, , 
2018/10/4, 46, , 14, 1, 
2018/10/5, 54, , 18, 4, 
2018/10/6, 76, , 10, 1, 
2018/10/7, 47, , 16, 2, 
2018/10/8, 53, , 15, 6, 
2018/10/9, 80, , 18, 2, 
2018/10/10, 106, , 13, 3, 
2018/10/11, 103, , 26, 3, 
2018/10/12, 106, , 20, 3, 
2018/10/13, 116, , 11, 3, 
2018/10/14, 90, , 27, 3, 
2018/10/15, 94, , 32, 3, 
2018/10/16, 120, , 30, 3, 
2018/10/17, 152, , 17, 2, 
2018/10/18, 122, , 13, 4, 
2018/10/19, 60, , 9, 2, 
2018/10/20, 58, , 9, 2, 
2018/10/21, 65, , 11, 1, 
2018/10/22, 57, , 4, 2, 
2018/10/23, 29, , 8, 2, 
2018/10/24, 29, , 5, 2, 
2018/10/25, 26, , 10, 3, 
2018/10/26, 47, , 5, 3, 
2018/10/27, 38, , 5, 2, 
2018/10/28, 31, , 4, 2, 
2018/10/29, 34, , 9, 4, 
2018/10/30, 55, , 13, 4, 
2018/10/31, 47, , 12, 3, 
2018/11/1, 83, , 14, 3, 
2018/11/2, 72, , 17, 2, 
2018/11/3, 90, , 7, 2, 
2018/11/4, 88, , 9, 3, 
2018/11/5, 112, , 17, 4, 
2018/11/6, 103, , 18, 4, 
2018/11/7, 122, , 13, 2, 
2018/11/8, 145, , 11, 2, 
2018/11/9, 95, , 10, 3, 
2018/11/10, 109, , 9, 3, 
2018/11/11, 110, , 10, 3, 
2018/11/12, 83, , 11, 2, 
2018/11/13, 71, , 10, 1, 
2018/11/14, 72, , 12, , 
2018/11/15, 92, , 10, , 
2018/11/16, 78, , 12, 1, 
2018/11/17, 108, , 11, 2, 
2018/11/18, 111, , 6, 1, 
2018/11/19, 38, , 5, , 
2018/11/20, 55, , 5, , 
2018/11/21, 73, , 8, , 
2018/11/22, 94, , 12, 1, 
2018/11/23, 131, , 9, 4, 
2018/11/24, 165, , 8, 5, 
2018/11/25, 152, , 13, 3, 
2018/11/26, 100, , 19, 3, 
2018/11/27, 91, , 17, 3, 
2018/11/28, 109, , 11, 3, 
2018/11/29, 110, , 11, 4, 
2018/11/30, 87, , 10, 3, 
2018/12/1, 112, , 8, 3, 
2018/12/2, 71, , 11, 5, 
2018/12/3, 56, , 8, 3, 
2018/12/4, 48, , 12, 2, 
2018/12/5, 59, , 13, 3, 
2018/12/6, 67, , 10, 4, 
2018/12/7, 57, , 5, 4, 
2018/12/8, 25, , 5, 5, 
2018/12/9, 36, , 7, 3, 
2018/12/10, 39, , 6, 2, 
2018/12/11, 36, , 12, 1, 
2018/12/12, 56, , 11, 1, 
2018/12/13, 71, , 9, 1, 
2018/12/14, 66, , 8, 1, 
2018/12/15, 89, , 7, 2, 
2018/12/16, 83, , 11, 2, 
2018/12/17, 118, , 11, 2, 
2018/12/18, 153, , 15, 2, 
2018/12/19, 131, , 14, 3, 
2018/12/20, 110, , 15, 3, 
2018/12/21, 69, , 6, 3, 
2018/12/22, 40, , 7, 3, 
2018/12/23, 56, , 6, 2, 
2018/12/24, 43, , 3, 2, 
2018/12/25, 36, , 4, 2, 
2018/12/26, 43, , 6, 2, 
2018/12/27, 60, , 7, 2, 
2018/12/28, 40, , 8, 2, 
2018/12/29, 65, , 5, 2, 
2018/12/30, 31, , , , 
2018/7/1, 15, , 9, 3, 
2018/7/2, 21, , 10, 4, 
2018/7/3, 28, , 9, 4, 
2018/7/4, 38, , 7, 9, 
2018/7/5, 41, , 5, , 
2018/7/6, 32, , 4, , 
2018/7/7, 41, , 5, 4, 
2018/7/8, 49, , 5, , 
2018/7/9, 41, , 8, 2, 
2018/7/10, 49, , 10, , 
2018/7/11, 57, , 10, 1, 
2018/7/12, 49, , 9, 5, 
2018/7/13, 56, , 5, 1, 
2018/7/14, 39, , 6, 7, 
2018/7/15, 34, , 10, 4, 
2018/7/16, 55, , 10, 1, 
2018/7/17, 61, , 8, 1, 
2018/7/18, 64, , 10, 1, 
2018/7/19, 49, , 9, 6, 
2018/7/20, 37, , 10, 3, 
2018/7/21, 46, , 12, 3, 
2018/7/22, 55, , 10, 12, 
2018/7/23, 57, , 10, 2, 
2018/7/24, 41, , 11, 3, 
2018/7/25, 45, , 9, 1, 
2018/7/26, 45, , 8, 1, 
2018/7/27, 57, , 6, 1, 
2018/7/28, 53, , 6, 1, 
2018/7/29, 48, , 13, 1, 
2018/7/30, 51, , 13, 1, 
2018/7/31, 51, , 13, 1, 
2018/8/1, 69, , 10, 3, 
2018/8/2, 41, , 14, 5, 
2018/8/3, 53, , 11, 2, 
2018/8/4, 53, , 3, 2, 
2018/8/5, 22, , 8, 2, 
2018/8/6, 22, , 15, 3, 
2018/8/7, 33, , 14, 4, 
2018/8/8, 45, , 10, 2, 
2018/8/9, 62, , 8, 2, 
2018/8/10, 26, , 10, 2, 
2018/8/11, 31, , 9, 2, 
2018/8/12, 27, , 13, 3, 
2018/8/13, 40, , 5, 3, 
2018/8/14, 36, , 5, 2, 
2018/8/15, 31, , 10, 3, 
2018/8/16, 43, , 10, 3, 
2018/8/17, 43, , 8, 3, 
2018/8/18, 34, , 7, 3, 
2018/8/19, 45, , 6, 3, 
2018/8/20, 39, , 7, 3, 
2018/8/21, 32, , 14, 3, 
2018/8/22, 45, , 18, 3, 
2018/8/23, 57, , 9, 1, 
2018/8/24, 56, , 7, 1, 
2018/8/25, 37, , 5, , 
2018/8/26, 18, , 9, 1, 
2018/8/27, 28, , 11, , 
2018/8/28, 43, , 14, 1, 
2018/8/29, 53, , 11, 1, 
2018/8/30, 64, , 7, , 
2018/8/31, 45, , 9, 1, 
2018/9/1, 38, , 8, , 
2018/9/2, 40, , 9, , 
2018/9/3, 43, , 8, 1, 
2018/9/4, 49, , 9, , 
2018/9/5, 54, , 9, 1, 
2018/9/6, 65, , 13, 1, 
2018/9/7, 72, , 11, 1, 
2018/9/8, 32, , 17, 1, 
2018/9/9, 46, , 20, 1, 
2018/9/10, 55, , 10, 1, 
2018/9/11, 44, , 8, 1, 
2018/9/12, 33, , 9, 1, 
2018/9/13, 33, , 12, 1, 
2018/9/14, 46, , 5, 1, 
2018/9/15, 37, , 7, 1, 
2018/9/16, 29, , 20, 1, 
2018/9/17, 54, , 23, 2, 
2018/9/18, 65, , 14, 1, 
2018/9/19, 62, , 21, 1, 
2018/9/20, 73, , 12, 2, 
2018/9/21, 56, , 4, 1, 
2018/9/22, 17, , 5, 1, 
2018/9/23, 26, , 5, , 
2018/9/24, 18, , 7, , 
2018/9/25, 19, , 7, , 
2018/9/26, 27, , 7, 1, 
2018/9/27, 46, , 8, , 
2018/9/28, 33, , 8, , 
2018/9/29, 28, , 14, 1, 
2018/9/30, 54, , 15, 2, 
2018/4/1, 51, , 8, 2, 
2018/4/2, 56, , 19, 3, 
2018/4/3, 65, , 17, 4, 
2018/4/4, 52, , 9, 2, 
2018/4/5, 35, , 10, , 
2018/4/6, 39, , 11, 1, 
2018/4/7, 56, , 11, 1, 
2018/4/8, 59, , 21, 2, 
2018/4/9, 87, , 12, 1, 
2018/4/10, 78, , 8, 1, 
2018/4/11, 69, , 8, 1, 
2018/4/12, 71, , 10, 1, 
2018/4/13, 82, , 9, , 
2018/4/14, 55, , 12, 1, 
2018/4/15, 66, , 12, 1, 
2018/4/16, 97, , 13, , 
2018/4/17, 60, , 17, 5, 
2018/4/18, 65, , 14, 2, 
2018/4/19, 54, , 16, 1, 
2018/4/20, 52, , 11, 1, 
2018/4/21, 63, , 10, 1, 
2018/4/22, 47, , 11, 5, 
2018/4/23, 54, , 6, 2, 
2018/4/24, 41, , 7, 2, 
2018/4/25, 49, , 6, 1, 
2018/4/26, 34, , 10, 1, 
2018/4/27, 37, , 16, 2, 
2018/4/28, 63, , 10, 1, 
2018/4/29, 53, , 8, 2, 
2018/4/30, 48, , 4, 2, 
2018/5/1, 32, , 9, 2, 
2018/5/2, 39, , 6, 1, 
2018/5/3, 46, , 9, 4, 
2018/5/4, 39, , 8, 1, 
2018/5/5, 38, , 8, 1, 
2018/5/6, 39, , 12, 7, 
2018/5/7, 47, , 12, 1, 
2018/5/8, 34, , 10, 1, 
2018/5/9, 53, , 13, 2, 
2018/5/10, 71, , 8, , 
2018/5/11, 72, , 9, , 
2018/5/12, 72, , 6, , 
2018/5/13, 55, , 9, , 
2018/5/14, 59, , 13, , 
2018/5/15, 71, , 11, , 
2018/5/16, 77, , 10, , 
2018/5/17, 71, , 8, 1, 
2018/5/18, 66, , 7, , 
2018/5/19, 30, , 5, , 
2018/5/20, 26, , 8, , 
2018/5/21, 35, , 13, , 
2018/5/22, 52, , 9, , 
2018/5/23, 43, , 8, , 
2018/5/24, 44, , 11, 4, 
2018/5/25, 50, , 11, 1, 
2018/5/26, 61, , 6, 1, 
2018/5/27, 63, , 11, 1, 
2018/5/28, 60, , 8, 1, 
2018/5/29, 44, , 10, 2, 
2018/5/30, 49, , , 2, 
2018/5/31, 58, , , 3, 
2018/6/1, 66, , , 3, 
2018/6/2, 78, , , 4, 
2018/6/3, 65, , , 3, 
2018/6/4, 61, , , 6, 
2018/6/5, 57, , , 4, 
2018/6/6, 20, , , 4, 
2018/6/7, 26, , , 3, 
2018/6/8, 34, , , 3, 
2018/6/9, 41, , , 2, 
2018/6/10, 56, , , 3, 
2018/6/11, 55, , , 4, 
2018/6/12, 36, , , 4, 
2018/6/13, 33, , 19, 5, 
2018/6/14, 42, , 14, 5, 
2018/6/15, 64, , 11, 5, 
2018/6/16, 53, , 8, 6, 
2018/6/17, 60, , 11, 5, 
2018/6/18, 57, , 8, 5, 
2018/6/19, 44, , 12, 5, 
2018/6/20, 39, , 9, 3, 
2018/6/21, 36, , 5, , 
2018/6/22, 19, , 4, , 
2018/6/23, 30, , 5, , 
2018/6/24, 21, , 7, , 
2018/6/25, 39, , 6, 1, 
2018/6/26, 42, , 8, , 
2018/6/27, 32, , 8, 5, 
2018/6/28, 46, , 9, 2, 
2018/6/29, 38, , 6, , 
2018/6/30, 17, , 4, , 
2018/1/1, 53, , 14, 2, 
2018/1/2, 64, , 9, 4, 
2018/1/3, 37, , 9, 4, 
2018/1/4, 39, , 8, 4, 
2018/1/5, 45, , 9, 3, 
2018/1/6, 62, , 11, 1, 
2018/1/7, 46, , 16, 1, 
2018/1/8, 95, , 7, 3, 
2018/1/9, 62, , 11, 5, 
2018/1/10, 97, , 10, 2, 
2018/1/11, 111, , 7, 1, 
2018/1/12, 76, , 6, 1, 
2018/1/13, 69, , 5, 1, 
2018/1/14, 68, , 9, 3, 
2018/1/15, 93, , 12, 4, 
2018/1/16, 61, , 10, 4, 
2018/1/17, 60, , 10, 3, 
2018/1/18, 43, , 13, 3, 
2018/1/19, 64, , 12, 2, 
2018/1/20, 72, , 10, 2, 
2018/1/21, 105, , 12, 3, 
2018/1/22, 95, , 14, 2, 
2018/1/23, 144, , 11, 4, 
2018/1/24, 51, , 17, 4, 
2018/1/25, 52, , 21, 2, 
2018/1/26, 83, , 9, 2, 
2018/1/27, 76, , 5, 3, 
2018/1/28, 53, , 5, 2, 
2018/1/29, 28, , 6, 2, 
2018/1/30, 40, , 11, 3, 
2018/1/31, 45, , 12, 3, 
2018/2/1, 42, , 17, 2, 
2018/2/2, 58, , 10, , 
2018/2/3, 55, , 9, , 
2018/2/4, 67, , 15, , 
2018/2/5, 52, , 19, 2, 
2018/2/6, 72, , 19, 2, 
2018/2/7, 135, , 32, 2, 
2018/2/8, 156, , 26, 1, 
2018/2/9, 164, , 17, 1, 
2018/2/10, 170, , 12, 2, 
2018/2/11, 96, , 13, 1, 
2018/2/12, 61, , 19, 1, 
2018/2/13, 80, , 17, , 
2018/2/14, 107, , 13, 1, 
2018/2/15, 94, , 13, 2, 
2018/2/16, 86, , 13, , 
2018/2/17, 58, , 13, 1, 
2018/2/18, 63, , 15, 2, 
2018/2/19, 75, , 13, 1, 
2018/2/20, 91, , 16, 2, 
2018/2/21, 93, , 20, 1, 
2018/2/22, 86, , 14, , 
2018/2/23, 73, , 8, , 
2018/2/24, 44, , 13, , 
2018/2/25, 70, , 11, , 
2018/2/26, 50, , 11, 1, 
2018/2/27, 66, , 11, , 
2018/2/28, 77, , 10, 1, 
2018/3/1, 66, , 11, 2, 
2018/3/2, 90, , 12, 3, 
2018/3/3, 102, , 10, 4, 
2018/3/4, 116, , 22, 7, 
2018/3/5, 164, , 23, 5, 
2018/3/6, 166, , 20, 3, 
2018/3/7, 151, , 17, 2, 
2018/3/8, 98, , 17, 3, 
2018/3/9, 73, , 19, 3, 
2018/3/10, 103, , 15, 4, 
2018/3/11, 92, , 21, 4, 
2018/3/12, 125, , 11, 3, 
2018/3/13, 61, , 12, 2, 
2018/3/14, 59, , 7, 1, 
2018/3/15, 45, , 7, 1, 
2018/3/16, 45, , 4, 1, 
2018/3/17, 42, , 4, 1, 
2018/3/18, 49, , 18, 5, 
2018/3/19, 74, , 18, 3, 
2018/3/20, 89, , 14, 2, 
2018/3/21, 67, , 14, 2, 
2018/3/22, 72, , 18, 2, 
2018/3/23, 85, , 19, 3, 
2018/3/24, 92, , 20, 5, 
2018/3/25, 128, , 21, 3, 
2018/3/26, 118, , 19, 3, 
2018/3/27, 78, , 9, 2, 
2018/3/28, 81, , 12, 3, 
2018/3/29, 69, , 10, 2, 
2018/3/30, 49, , 8, 3, 
2018/3/31, 59, , 5, 2, 
2017/10/1, 80, , 10, 1, 
2017/10/2, 44, , 7, 1, 
2017/10/3, 40, , 5, 1, 
2017/10/4, 46, , 8, 2, 
2017/10/5, 29, , 9, 2, 
2017/10/6, 36, , 5, 2, 
2017/10/7, 32, , 4, 1, 
2017/10/8, 25, , 8, 1, 
2017/10/9, 38, , 9, 2, 
2017/10/10, 49, , 7, 1, 
2017/10/11, 41, , 6, 1, 
2017/10/12, 43, , 10, 1, 
2017/10/13, 48, , 7, 1, 
2017/10/14, 50, , 9, 1, 
2017/10/15, 52, , 15, 1, 
2017/10/16, 66, , 13, 1, 
2017/10/17, 74, , 16, 3, 
2017/10/18, 86, , 12, 2, 
2017/10/19, 72, , 13, 2, 
2017/10/20, 102, , 10, 2, 
2017/10/21, 63, , 8, 2, 
2017/10/22, 54, , 13, 2, 
2017/10/23, 60, , 12, 2, 
2017/10/24, 78, , 7, 2, 
2017/10/25, 35, , 8, 1, 
2017/10/26, 44, , 8, 2, 
2017/10/27, 41, , 4, 2, 
2017/10/28, 33, , 3, 3, 
2017/10/29, 29, , 8, 1, 
2017/10/30, 31, , 10, 1, 
2017/10/31, 50, , 6, 2, 
2017/11/1, 60, , 9, 2, 
2017/11/2, 54, , 12, 2, 
2017/11/3, 46, , 11, 3, 
2017/11/4, 71, , 11, 3, 
2017/11/5, 79, , 13, 2, 
2017/11/6, 47, , 14, 1, 
2017/11/7, 71, , 10, 2, 
2017/11/8, 85, , 12, 3, 
2017/11/9, 115, , 11, 3, 
2017/11/10, 71, , 5, 3, 
2017/11/11, 42, , 9, 3, 
2017/11/12, 49, , 11, 3, 
2017/11/13, 53, , 11, 2, 
2017/11/14, 55, , 12, 2, 
2017/11/15, 73, , 12, 3, 
2017/11/16, 72, , 15, 3, 
2017/11/17, 63, , 7, 3, 
2017/11/18, 52, , 4, 4, 
2017/11/19, 37, , 13, 3, 
2017/11/20, 56, , 13, 3, 
2017/11/21, 65, , 13, 4, 
2017/11/22, 67, , 15, 4, 
2017/11/23, 59, , 16, 1, 
2017/11/24, 63, , 11, 1, 
2017/11/25, 55, , 6, , 
2017/11/26, 55, , 9, 2, 
2017/11/27, 46, , 14, 5, 
2017/11/28, 44, , 14, 3, 
2017/11/29, 65, , 15, 2, 
2017/11/30, 111, , 12, 2, 
2017/12/1, 76, , 12, 1, 
2017/12/2, 76, , 8, 3, 
2017/12/3, 68, , 12, 1, 
2017/12/4, 60, , 9, 1, 
2017/12/5, 51, , 6, 1, 
2017/12/6, 49, , 10, 3, 
2017/12/7, 56, , 8, 2, 
2017/12/8, 50, , 7, 2, 
2017/12/9, 48, , 7, 3, 
2017/12/10, 45, , 13, 3, 
2017/12/11, 62, , 9, 3, 
2017/12/12, 51, , 9, 3, 
2017/12/13, 52, , 9, 3, 
2017/12/14, 43, , 16, 3, 
2017/12/15, 74, , 12, 3, 
2017/12/16, 75, , 10, 1, 
2017/12/17, 65, , 16, 1, 
2017/12/18, 67, , 14, 1, 
2017/12/19, 94, , 15, 1, 
2017/12/20, 86, , 10, 1, 
2017/12/21, 47, , 7, , 
2017/12/22, 44, , 4, 1, 
2017/12/23, 45, , 3, 1, 
2017/12/24, 36, , 3, 1, 
2017/12/25, 31, , 5, 4, 
2017/12/26, 43, , 13, 3, 
2017/12/27, 55, , 12, 3, 
2017/12/28, 86, , 10, 2, 
2017/12/29, 55, , 8, 2, 
2017/12/30, 53, , , , 
2017/7/1, 22, , 3, 2, 
2017/7/2, 29, , 4, 2, 
2017/7/3, 27, , 5, 2, 
2017/7/4, 32, , 10, 5, 
2017/7/5, 35, , 13, 3, 
2017/7/6, 41, , 12, 3, 
2017/7/7, 57, , , 2, 
2017/7/8, 50, , , 7, 
2017/7/9, 35, , 14, 1, 
2017/7/10, 51, , 5, , 
2017/7/11, 38, , 9, 1, 
2017/7/12, 43, , 5, 1, 
2017/7/13, 32, , 9, 3, 
2017/7/14, 35, , 9, 3, 
2017/7/15, 39, , 8, 2, 
2017/7/16, 42, , 9, 2, 
2017/7/17, 37, , 8, 4, 
2017/7/18, 36, , 7, 1, 
2017/7/19, 37, , 10, 2, 
2017/7/20, 53, , 8, 2, 
2017/7/21, 51, , 7, 1, 
2017/7/22, 34, , 7, 2, 
2017/7/23, 44, , 10, 3, 
2017/7/24, 39, , 10, 3, 
2017/7/25, 27, , 8, 6, 
2017/7/26, 23, , 7, 3, 
2017/7/27, 35, , 8, 3, 
2017/7/28, 41, , 9, 3, 
2017/7/29, 39, , 9, 3, 
2017/7/30, 40, , 12, 2, 
2017/7/31, 41, , 14, 2, 
2017/8/1, 49, , 10, 2, 
2017/8/2, 37, , 13, 3, 
2017/8/3, 49, , 6, 3, 
2017/8/4, 26, , 7, 3, 
2017/8/5, 26, , 8, 2, 
2017/8/6, 29, , 19, 3, 
2017/8/7, 41, , 13, 3, 
2017/8/8, 43, , 15, 2, 
2017/8/9, 48, , 13, 6, 
2017/8/10, 50, , 12, 3, 
2017/8/11, 46, , 7, 4, 
2017/8/12, 34, , 6, 3, 
2017/8/13, 28, , 10, 3, 
2017/8/14, 36, , 6, 3, 
2017/8/15, 40, , 14, 2, 
2017/8/16, 53, , 15, 1, 
2017/8/17, 58, , 14, 2, 
2017/8/18, 45, , 6, 1, 
2017/8/19, 28, , 4, 1, 
2017/8/20, 23, , 5, 1, 
2017/8/21, 18, , 6, 1, 
2017/8/22, 18, , 10, 9, 
2017/8/23, 27, , 14, 3, 
2017/8/24, 50, , 11, 4, 
2017/8/25, 35, , 14, 10, 
2017/8/26, 55, , 7, 4, 
2017/8/27, 42, , 10, 5, 
2017/8/28, 30, , 17, , 
2017/8/29, 44, , 18, 1, 
2017/8/30, 58, , 9, 2, 
2017/8/31, 50, , 10, 4, 
2017/9/1, 30, , 7, 4, 
2017/9/2, 27, , 6, 4, 
2017/9/3, 22, , 6, 4, 
2017/9/4, 24, , 7, 5, 
2017/9/5, 26, , , , 
2017/9/10, 23, , 10, 1, 
2017/9/11, 30, , 9, 1, 
2017/9/12, 34, , 7, 1, 
2017/9/13, 30, , 6, 1, 
2017/9/14, 32, , 7, , 
2017/9/15, 31, , 11, 1, 
2017/9/16, 47, , 12, 1, 
2017/9/17, 64, , 14, , 
2017/9/18, 55, , 12, , 
2017/9/19, 50, , 9, , 
2017/9/20, 50, , 12, , 
2017/9/21, 41, , 12, , 
2017/9/22, 42, , 9, , 
2017/9/23, 61, , 7, , 
2017/9/24, 63, , 8, , 
2017/9/25, 59, , 8, , 
2017/9/26, 75, , 9, , 
2017/9/27, 71, , 10, 1, 
2017/9/28, 73, , 10, 2, 
2017/9/29, 72, , 9, 2, 
2017/9/30, 81, , 9, 3, 
2017/4/1, 77, , 10, 3, 
2017/4/2, 80, , 13, 2, 
2017/4/3, 77, , 12, 3, 
2017/4/4, 109, , 10, 3, 
2017/4/5, 81, , 7, 2, 
2017/4/6, 35, , 7, 1, 
2017/4/7, 43, , 7, 1, 
2017/4/8, 49, , 9, 1, 
2017/4/9, 54, , 14, 4, 
2017/4/10, 92, , , , 
2017/4/23, 37, , 7, 2, 
2017/4/24, 40, , 10, 2, 
2017/4/25, 49, , 11, 3, 
2017/4/26, 47, , 13, 2, 
2017/4/27, 56, , 20, 1, 
2017/4/28, 81, , 13, 1, 
2017/4/29, 65, , 5, , 
2017/4/30, 43, , 3, , 
2017/5/1, 52, , 6, , 
2017/5/2, 47, , 4, , 
2017/5/3, 51, , 8, , 
2017/5/4, 49, , 12, 10, 
2017/5/5, 66, , 10, 1, 
2017/5/6, 69, , 7, 2, 
2017/5/7, 47, , 10, 1, 
2017/5/8, 46, , 12, 2, 
2017/5/9, 48, , 11, 1, 
2017/5/10, 46, , 9, 1, 
2017/5/11, 53, , 11, 1, 
2017/5/12, 61, , 15, , 
2017/5/13, 68, , 14, 2, 
2017/5/14, 73, , 13, 2, 
2017/5/15, 67, , 14, , 
2017/5/16, 53, , 14, 1, 
2017/5/17, 53, , 18, 3, 
2017/5/18, 59, , 13, 3, 
2017/5/19, 62, , 8, 2, 
2017/5/20, 48, , 7, 2, 
2017/5/21, 36, , 12, 3, 
2017/5/22, 50, , 12, 2, 
2017/5/23, 52, , 8, 2, 
2017/5/24, 43, , 7, 1, 
2017/5/25, 40, , 10, 5, 
2017/5/26, 49, , 14, , 
2017/5/27, 41, , 10, , 
2017/5/28, 43, , 9, 17, 
2017/5/29, 55, , 12, , 
2017/5/30, 51, , 5, , 
2017/5/31, 36, , 7, , 
2017/6/1, 42, , 9, 1, 
2017/6/2, 39, , 13, 1, 
2017/6/3, 41, , 12, 1, 
2017/6/4, 53, , 8, , 
2017/6/5, 35, , 9, 1, 
2017/6/6, 57, , 6, 1, 
2017/6/7, 37, , 7, 1, 
2017/6/8, 42, , 13, 1, 
2017/6/9, 47, , 6, 1, 
2017/6/10, 31, , 11, 1, 
2017/6/11, 47, , 7, 1, 
2017/6/12, 50, , 4, 2, 
2017/6/13, 35, , 8, 12, 
2017/6/14, 37, , 11, 3, 
2017/6/15, 53, , , , 
2017/6/18, 40, , 9, , 
2017/6/19, 31, , 14, 3, 
2017/6/20, 54, , 7, 1, 
2017/6/21, 34, , 11, 2, 
2017/6/22, 39, , 8, 1, 
2017/6/23, 41, , 5, 2, 
2017/6/24, 38, , 4, 2, 
2017/6/25, 26, , 5, 2, 
2017/6/26, 30, , 7, 2, 
2017/6/27, 37, , 8, 2, 
2017/6/28, 50, , 12, 2, 
2017/6/29, 52, , 5, 3, 
2017/6/30, 22, , 4, 3, 
2017/1/2, 63, , 9, 2, 
2017/1/3, 49, , 6, 2, 
2017/1/4, 40, , 9, , 
2017/1/5, 39, , 11, 1, 
2017/1/6, 71, , 12, 5, 
2017/1/7, 69, , 13, 2, 
2017/1/8, 112, , 13, 3, 
2017/1/9, 90, , 15, 1, 
2017/1/10, 105, , 13, 3, 
2017/1/11, 94, , 10, 2, 
2017/1/12, 56, , 14, 2, 
2017/1/13, 71, , 16, 3, 
2017/1/14, 91, , 10, 1, 
2017/1/15, 58, , 13, , 
2017/1/16, 57, , 24, 3, 
2017/1/17, 124, , 20, 1, 
2017/1/18, 110, , 16, 2, 
2017/1/19, 99, , 14, 4, 
2017/1/20, 110, , 12, 3, 
2017/1/21, 99, , 9, 2, 
2017/1/22, 98, , 13, 7, 
2017/1/23, 148, , 13, 3, 
2017/1/24, 124, , 14, 1, 
2017/1/25, 129, , 12, 1, 
2017/1/26, 120, , 20, 3, 
2017/1/27, 162, , 16, 3, 
2017/1/28, 179, , 14, 4, 
2017/1/29, 140, , 14, 3, 
2017/1/30, 146, , 14, 3, 
2017/1/31, 164, , 18, 4, 
2017/2/1, 175, , 15, 3, 
2017/2/2, 168, , 12, 4, 
2017/2/3, 156, , 11, 4, 
2017/2/4, 140, , 5, 3, 
2017/2/5, 131, , 10, 2, 
2017/2/6, 87, , 8, 1, 
2017/2/7, 86, , 6, , 
2017/2/8, 83, , 8, 2, 
2017/2/9, 110, , 8, 4, 
2017/2/10, 134, , 4, 3, 
2017/2/11, 81, , 4, 2, 
2017/2/12, 115, , 7, 1, 
2017/2/13, 145, , 24, 5, 
2017/2/14, 169, , 34, 4, 
2017/2/15, 186, , 22, 5, 
2017/2/16, 152, , 13, 2, 
2017/2/17, 109, , 10, 2, 
2017/2/18, 73, , 5, 2, 
2017/2/19, 81, , 6, 2, 
2017/2/20, 69, , 6, 2, 
2017/2/21, 45, , 7, 3, 
2017/2/22, 50, , 8, 3, 
2017/2/23, 49, , 7, 2, 
2017/2/24, 51, , 4, 2, 
2017/2/25, 48, , 5, 2, 
2017/2/26, 59, , 13, 3, 
2017/2/27, 50, , 9, 4, 
2017/2/28, 48, , 7, 3, 
2017/3/1, 54, , 9, 2, 
2017/3/2, 62, , 12, 3, 
2017/3/3, 54, , 11, 3, 
2017/3/4, 83, , 11, 3, 
2017/3/5, 78, , 11, 2, 
2017/3/6, 70, , 8, 1, 
2017/3/7, 54, , 10, 2, 
2017/3/8, 71, , 11, 1, 
2017/3/9, 69, , 13, 1, 
2017/3/10, 61, , 13, 1, 
2017/3/11, 67, , 10, 1, 
2017/3/12, 61, , 18, 2, 
2017/3/13, 90, , 12, 1, 
2017/3/14, 93, , 7, , 
2017/3/15, 49, , 12, 1, 
2017/3/16, 58, , 11, 2, 
2017/3/17, 66, , 6, 2, 
2017/3/18, 49, , 7, 2, 
2017/3/19, 44, , 10, 2, 
2017/3/20, 45, , 8, 2, 
2017/3/21, 46, , 16, 2, 
2017/3/22, 53, , 13, 2, 
2017/3/23, 68, , 18, 12, 
2017/3/24, 83, , 12, 2, 
2017/3/25, 68, , 15, 3, 
2017/3/26, 82, , 15, 3, 
2017/3/27, 79, , 19, 3, 
2017/3/28, 90, , 14, 3, 
2017/3/29, 102, , 13, 3, 
2017/3/30, 92, , 17, 4, 
2017/3/31, 68, , 13, 5, 
2016/10/1, 53, , 10, 2, 4
2016/10/2, 53, , 14, 2, 6
2016/10/3, 49, , 8, 2, 4
2016/10/4, 30, , 7, 2, 4
2016/10/5, 24, , 8, 2, 4
2016/10/6, 31, , 10, 2, 5
2016/10/7, 56, , 9, 2, 4
2016/10/8, 36, , 8, 2, 3
2016/10/9, 44, , 10, 1, 4
2016/10/10, 50, , 8, 1, 4
2016/10/11, 50, , 8, 1, 4
2016/10/12, 54, , 8, 1, 4
2016/10/13, 61, , 9, 2, 4
2016/10/14, 69, , 7, 2, 4
2016/10/15, 77, , 6, 1, 4
2016/10/16, 73, , 12, 2, 5
2016/10/17, 83, , 12, 2, 6
2016/10/18, 101, , 18, 2, 6
2016/10/19, 76, , 12, 2, 5
2016/10/20, 77, , 13, 1, 5
2016/10/21, 73, , 14, 1, 4
2016/10/22, 79, , 9, , 4
2016/10/23, 85, , 14, , 5
2016/10/24, 127, , 13, , 5
2016/10/25, 108, , 15, 1, 4
2016/10/26, 71, , 12, 1, 4
2016/10/27, 94, , 11, , 3
2016/10/28, 75, , 8, , 2
2016/10/29, 44, , 10, , 3
2016/10/30, 44, , 14, 1, 4
2016/10/31, 72, , 7, 2, 4
2016/11/1, 61, , 7, 1, 3
2016/11/2, 34, , 12, 1, 4
2016/11/3, 50, , 14, 4, 4
2016/11/4, 70, , 14, 4, 5
2016/11/5, 86, , 11, 4, 4
2016/11/6, 81, , 14, 3, 4
2016/11/7, 45, , 15, 3, 5
2016/11/8, 73, , 14, 3, 4
2016/11/9, 60, , 14, 4, 5
2016/11/10, 100, , 15, 4, 6
2016/11/11, 137, , 27, 5, 10
2016/11/12, 139, , 21, 9, 17
2016/11/13, 159, , 18, 10, 10
2016/11/14, 111, , 15, 11, 5
2016/11/15, 73, , 13, 6, 5
2016/11/16, 53, , 15, 15, 6
2016/11/17, 51, , 13, 1, 5
2016/11/18, 41, , 15, , 5
2016/11/19, 50, , 8, , 5
2016/11/20, 47, , 15, , 6
2016/11/21, 81, , 19, 1, 9
2016/11/22, 115, , 15, , 10
2016/11/23, 124, , 19, 1, 8
2016/11/24, 90, , 14, 1, 8
2016/11/25, 86, , 7, 1, 5
2016/11/26, 55, , 7, 1, 5
2016/11/27, 38, , 12, 2, 5
2016/11/28, 49, , 13, 2, 6
2016/11/29, 65, , 14, 1, 6
2016/11/30, 76, , 8, , 6
2016/12/1, 39, , 10, 2, 6
2016/12/2, 47, , 15, 2, 8
2016/12/3, 76, , 13, 2, 8
2016/12/4, 82, , 15, 1, 8
2016/12/5, 75, , 21, 2, 11
2016/12/6, 99, , 18, 1, 10
2016/12/7, 83, , 14, 1, 8
2016/12/8, 75, , 14, 2, 8
2016/12/9, 77, , 11, 1, 8
2016/12/10, 94, , 9, 1, 8
2016/12/11, 59, , 18, 1, 8
2016/12/12, 61, , 14, 7, 9
2016/12/13, 84, , 14, 9, 7
2016/12/14, 83, , 16, , 3
2016/12/15, 60, , 17, , 3
2016/12/16, 86, , 12, 1, 5
2016/12/17, 118, , 14, 1, 5
2016/12/18, 94, , 15, 2, 5
2016/12/19, 89, , 15, 2, 4
2016/12/20, 97, , 13, 4, 4
2016/12/21, 109, , 15, 3, 5
2016/12/22, 95, , 13, 2, 4
2016/12/23, 78, , 9, 4, 4
2016/12/24, 63, , 4, 2, 3
2016/12/25, 41, , 3, 1, 4
2016/12/26, 35, , 4, , 3
2016/12/27, 50, , 13, , 5
2016/12/28, 64, , 16, 2, 6
2016/12/29, 89, , 13, 1, 5
2016/12/30, 78, , 14, 2, 
2016/12/31, 94, , 7, 2, 
2017/1/1, 87, , 10, 1, 
2016/7/1, 42, , 8, 4, 3
2016/7/2, 39, , 4, 2, 1
2016/7/3, 31, , 7, 2, 1
2016/7/4, 33, , 16, 3, 3
2016/7/5, 47, , 3, 3, 1
2016/7/6, 24, , 6, 2, 1
2016/7/7, 24, , 12, 3, 2
2016/7/8, 45, , 6, 3, 1
2016/7/9, 31, , 11, 3, 3
2016/7/10, 46, , 8, 2, 3
2016/7/11, 47, , 9, 3, 2
2016/7/12, 39, , 10, 4, 2
2016/7/13, 45, , 10, 3, 2
2016/7/14, 40, , 5, 5, 1
2016/7/15, 23, , 4, , 2
2016/7/16, 24, , 5, 1, 3
2016/7/17, 32, , 5, , 2
2016/7/18, 29, , 8, 51, 2
2016/7/19, 34, , 13, , 3
2016/7/20, 36, , 10, , 3
2016/7/21, 44, , 9, 17, 4
2016/7/22, 34, , 7, , 1
2016/7/23, 56, , 7, , 2
2016/7/24, 67, , 14, , 3
2016/7/25, 68, , 10, 13, 6
2016/7/26, 63, , 13, 1, 1
2016/7/27, 36, , 8, 1, 1
2016/7/28, 45, , 12, 1, 1
2016/7/29, 44, , 5, 2, 
2016/7/30, 35, , 7, 3, 
2016/7/31, 32, , 5, 2, 
2016/8/1, 22, , 11, 2, 
2016/8/2, 32, , 13, 2, 1
2016/8/3, 33, , 8, 2, 1
2016/8/4, 18, , 12, 2, 1
2016/8/5, 32, , 6, 1, 1
2016/8/6, 25, , 5, 1, 
2016/8/7, 26, , 8, 1, 1
2016/8/8, 33, , 5, 1, 
2016/8/9, 31, , 6, 1, 
2016/8/10, 25, , 6, 1, 
2016/8/11, 25, , 10, 1, 
2016/8/12, 37, , 5, 1, 1
2016/8/13, 32, , 3, 1, 
2016/8/14, 24, , 5, 3, 
2016/8/15, 31, , 10, 2, 1
2016/8/16, 35, , 8, 2, 1
2016/8/17, 24, , 11, 2, 1
2016/8/18, 28, , 14, 1, 2
2016/8/19, 32, , 15, 1, 2
2016/8/20, 50, , 9, 1, 1
2016/8/21, 28, , 11, , 1
2016/8/22, 30, , 10, 1, 2
2016/8/23, 29, , 16, 2, 3
2016/8/24, 46, , 15, 1, 2
2016/8/25, 46, , 21, 2, 3
2016/8/26, 52, , 12, 2, 3
2016/8/27, 52, , 11, 1, 3
2016/8/28, 46, , 6, , 2
2016/8/29, 33, , 13, , 2
2016/8/30, 33, , 18, 1, 2
2016/8/31, 43, , 17, 4, 2
2016/9/1, 50, , 12, , 2
2016/9/2, 37, , 9, , 2
2016/9/3, 42, , 11, 1, 2
2016/9/4, 38, , 9, 1, 2
2016/9/5, 29, , 17, , 2
2016/9/6, 36, , 21, 2, 3
2016/9/7, 50, , 20, 1, 4
2016/9/8, 75, , 17, 3, 5
2016/9/9, 99, , 11, 1, 4
2016/9/10, 57, , 9, 1, 4
2016/9/11, 61, , 9, , 3
2016/9/12, 56, , 10, , 5
2016/9/13, 82, , 11, , 4
2016/9/14, 41, , 12, 1, 3
2016/9/15, 46, , 13, 1, 4
2016/9/16, 62, , 8, , 3
2016/9/17, 48, , 5, 1, 2
2016/9/18, 30, , 11, 1, 2
2016/9/19, 41, , 15, 2, 3
2016/9/20, 39, , 11, 1, 3
2016/9/21, 40, , 19, 3, 4
2016/9/22, 58, , 16, 2, 3
2016/9/23, 54, , 14, 1, 3
2016/9/24, 48, , 11, 2, 3
2016/9/25, 49, , 15, 3, 3
2016/9/26, 58, , 18, 2, 4
2016/9/27, 68, , 10, 2, 3
2016/9/28, 56, , 10, 2, 4
2016/9/29, 35, , 9, 2, 3
2016/9/30, 35, , 14, 2, 4
2016/4/1, 46, , 15, 2, 6
2016/4/2, 60, , 12, 4, 7
2016/4/3, 70, , 28, 3, 10
2016/4/4, 97, , 25, 4, 9
2016/4/5, 133, , 9, 2, 5
2016/4/6, 66, , 10, 3, 5
2016/4/7, 48, , 13, 1, 6
2016/4/8, 50, , 17, 2, 8
2016/4/9, 90, , 9, 2, 5
2016/4/10, 55, , 10, 2, 6
2016/4/11, 49, , 18, 4, 8
2016/4/12, 82, , 14, 10, 8
2016/4/13, 125, , 10, 2, 6
2016/4/14, 70, , 14, 1, 4
2016/4/15, 65, , 7, 1, 
2016/4/16, 47, , 3, , 
2016/4/17, 40, , 4, , 
2016/4/18, 44, , 2, , 
2016/4/19, 40, , 3, , 
2016/4/20, 41, , 5, , 
2016/4/21, 46, , 1, 4, 
2016/4/22, 39, , , 1, 
2016/4/23, 54, , , 2, 
2016/4/24, 46, , , , 
2016/4/25, 42, , , , 
2016/4/26, 58, , 11, , 2
2016/4/27, 49, , 12, , 1
2016/4/28, 50, , 17, 1, 1
2016/4/29, 48, , 14, 1, 2
2016/4/30, 69, , 10, 1, 2
2016/5/1, 60, , 11, 1, 1
2016/5/2, 49, , 8, 1, 
2016/5/3, 52, , 10, , 
2016/5/4, 33, , 11, 1, 
2016/5/5, 39, , 14, 12, 4
2016/5/6, 53, , 10, , 2
2016/5/7, 53, , 10, , 2
2016/5/8, 57, , 16, , 2
2016/5/9, 62, , 13, , 2
2016/5/10, 53, , 11, , 2
2016/5/11, 59, , 11, , 3
2016/5/12, 58, , 11, 3, 2
2016/5/13, 45, , 7, , 1
2016/5/14, 45, , 2, , 1
2016/5/15, 24, , 4, , 1
2016/5/16, 31, , 7, , 1
2016/5/17, 37, , 9, , 1
2016/5/18, 39, , 17, , 2
2016/5/19, 68, , 12, , 2
2016/5/20, 64, , 13, , 2
2016/5/21, 51, , 14, , 3
2016/5/22, 63, , 14, , 8
2016/5/23, 60, , 14, 2, 3
2016/5/24, 76, , 11, 2, 2
2016/5/25, 73, , 6, 3, 2
2016/5/26, 81, , 9, 3, 2
2016/5/27, 56, , 7, 15, 2
2016/5/30, 57, , 13, , 6
2016/5/31, 56, , 11, , 6
2016/6/1, 53, , 10, , 6
2016/6/2, 58, , 11, 1, 4
2016/6/3, 53, , 11, 4, 1
2016/6/4, 78, , 6, 3, 1
2016/6/5, 44, , 7, 2, 1
2016/6/6, 31, , 12, 3, 1
2016/6/7, 38, , 9, 2, 2
2016/6/8, 45, , 11, 6, 2
2016/6/9, 37, , 8, 3, 1
2016/6/10, 37, , 7, 2, 1
2016/6/11, 32, , 8, 2, 1
2016/6/12, 34, , 9, 3, 1
2016/6/13, 51, , 13, 3, 2
2016/6/14, 56, , 15, 3, 2
2016/6/15, 51, , 12, 3, 2
2016/6/16, 39, , 12, 3, 2
2016/6/17, 45, , 5, 2, 1
2016/6/18, 44, , 6, 2, 2
2016/6/19, 44, , 9, 2, 2
2016/6/20, 43, , 10, 2, 2
2016/6/21, 44, , 16, 2, 3
2016/6/22, 42, , 14, 1, 4
2016/6/23, 51, , 13, 2, 5
2016/6/24, 62, , 6, 2, 4
2016/6/25, 53, , 5, 2, 2
2016/6/26, 38, , 9, 2, 2
2016/6/27, 39, , 10, 2, 2
2016/6/28, 46, , 10, 3, 2
2016/6/29, 35, , 14, 4, 3
2016/6/30, 44, , 14, 3, 3
2016/1/4, 130, , 12, 5, 5
2016/1/5, 149, , 11, 6, 6
2016/1/6, 155, , 12, 5, 6
2016/1/7, 153, , 14, 5, 6
2016/1/8, 118, , 16, 1, 5
2016/1/9, 92, , 11, 3, 6
2016/1/10, 137, , 17, 3, 7
2016/1/11, 122, , 14, 2, 7
2016/1/12, 107, , 13, 1, 4
2016/1/13, 64, , 17, 1, 5
2016/1/14, 80, , 12, , 5
2016/1/15, 111, , 14, 1, 5
2016/1/16, 91, , 12, 1, 6
2016/1/17, 130, , 14, 1, 5
2016/1/18, 73, , 16, 2, 4
2016/1/19, 84, , 15, 1, 5
2016/1/20, 78, , 16, 1, 5
2016/1/21, 46, , 20, 3, 4
2016/1/22, 103, , 15, 6, 4
2016/1/23, 132, , 12, 4, 3
2016/1/24, 96, , 12, 4, 5
2016/1/25, 86, , 14, 4, 3
2016/1/26, 71, , 9, 3, 3
2016/1/27, 49, , 7, 3, 3
2016/1/28, 48, , 10, 2, 3
2016/1/29, 50, , 5, 2, 3
2016/1/30, 29, , 5, 3, 3
2016/1/31, 53, , 11, 2, 3
2016/2/1, 56, , 6, 2, 3
2016/2/2, 43, , 6, 2, 3
2016/2/3, 44, , 8, 2, 3
2016/2/4, 48, , 12, 2, 4
2016/2/5, 58, , 13, 3, 4
2016/2/6, 67, , 11, 3, 4
2016/2/7, 61, , 11, 3, 4
2016/2/8, 41, , 8, 4, 3
2016/2/9, 35, , 10, 3, 4
2016/2/10, 47, , 11, 3, 5
2016/2/11, 54, , 16, 3, 6
2016/2/12, 76, , 12, 3, 6
2016/2/13, 116, , 8, 3, 5
2016/2/14, 113, , 12, 2, 5
2016/2/15, 93, , 18, 1, 7
2016/2/16, 73, , 12, 2, 4
2016/2/17, 76, , 15, 3, 6
2016/2/18, 97, , 27, 4, 12
2016/2/19, 152, , 10, 3, 1
2016/2/20, 80, , 6, 2, 1
2016/2/21, 46, , 7, 2, 1
2016/2/22, 32, , 8, 1, 2
2016/2/23, 50, , 8, 1, 1
2016/2/24, 48, , 11, 1, 2
2016/2/25, 58, , 10, 1, 2
2016/2/26, 64, , 14, 1, 4
2016/2/27, 91, , 11, 1, 3
2016/2/28, 118, , 10, , 2
2016/2/29, 75, , 14, 1, 3
2016/3/1, 79, , 13, 2, 3
2016/3/2, 92, , 22, 2, 5
2016/3/3, 87, , 17, 2, 5
2016/3/4, 110, , 9, 2, 4
2016/3/5, 134, , 11, 2, 5
2016/3/6, 120, , 20, 2, 7
2016/3/7, 109, , 24, 2, 11
2016/3/8, 128, , 20, 1, 5
2016/3/9, 121, , 15, , 5
2016/3/10, 98, , 12, 1, 4
2016/3/11, 60, , 10, 1, 3
2016/3/12, 51, , 9, 1, 3
2016/3/13, 60, , 11, 1, 4
2016/3/14, 80, , 11, 1, 4
2016/3/15, 56, , 13, 1, 5
2016/3/16, 63, , 19, 2, 7
2016/3/17, 93, , 12, 2, 5
2016/3/18, 66, , 10, 2, 5
2016/3/19, 70, , 12, 2, 5
2016/3/20, 63, , 11, 3, 5
2016/3/21, 57, , 16, 2, 6
2016/3/22, 56, , 19, 3, 7
2016/3/23, 85, , 16, 3, 6
2016/3/24, 67, , 15, 3, 6
2016/3/25, 113, , 12, 2, 6
2016/3/26, 51, , 7, 3, 6
2016/3/27, 64, , 9, 2, 6
2016/3/28, 40, , 11, 3, 6
2016/3/29, 49, , 13, 3, 6
2016/3/30, 54, , 13, 2, 6
2016/3/31, 50, , 13, 5, 6
2015/10/1, 67, , 20, 1, 8
2015/10/2, 82, , 21, 2, 8
2015/10/3, 98, , 17, 3, 7
2015/10/4, 97, , 17, 1, 6
2015/10/5, 128, , 9, 1, 5
2015/10/6, 84, , 9, 1, 4
2015/10/7, 65, , 11, 3, 4
2015/10/8, 59, , 12, 2, 5
2015/10/9, 59, , 9, 1, 4
2015/10/10, 65, , 8, 1, 5
2015/10/11, 47, , 9, 1, 5
2015/10/12, 57, , 9, 1, 5
2015/10/13, 66, , 10, 1, 6
2015/10/14, 103, , 11, 1, 6
2015/10/15, 119, , 15, 1, 6
2015/10/16, 109, , 10, 1, 4
2015/10/17, 90, , 9, 1, 3
2015/10/18, 74, , 16, 1, 4
2015/10/19, 91, , 14, 1, 3
2015/10/20, 73, , 13, 1, 2
2015/10/21, 60, , 13, 2, 3
2015/10/22, 73, , 13, 1, 3
2015/10/23, 55, , 15, 1, 3
2015/10/24, 70, , 13, 2, 3
2015/10/25, 82, , 21, 1, 4
2015/10/26, 68, , 15, 3, 3
2015/10/27, 93, , 14, 4, 3
2015/10/28, 97, , 14, 3, 4
2015/10/29, 114, , 13, 2, 5
2015/10/30, 148, , 15, 3, 5
2015/10/31, 159, , 17, 3, 7
2015/11/1, 144, , 20, 1, 7
2015/11/2, 151, , 23, 2, 10
2015/11/3, 129, , 15, 2, 7
2015/11/4, 144, , 14, 3, 7
2015/11/5, 148, , 16, 3, 8
2015/11/6, 159, , 14, 3, 5
2015/11/7, 71, , 11, 2, 4
2015/11/8, 52, , 11, 2, 4
2015/11/9, 51, , 8, 1, 4
2015/11/10, 35, , 6, 1, 4
2015/11/11, 45, , 12, 2, 4
2015/11/12, 60, , 14, 3, 4
2015/11/13, 63, , 6, 2, 3
2015/11/14, 41, , 10, 2, 4
2015/11/15, 45, , 14, 2, 5
2015/11/16, 63, , 11, 3, 5
2015/11/17, 42, , 8, 3, 4
2015/11/18, 34, , 6, 2, 4
2015/11/19, 43, , 9, 2, 4
2015/11/20, 58, , 13, 3, 5
2015/11/21, 60, , 9, 3, 5
2015/11/22, 50, , 13, 2, 5
2015/11/23, 67, , 14, 7, 4
2015/11/24, 66, , 15, 3, 5
2015/11/25, 72, , 15, 2, 5
2015/11/26, 72, , 14, 2, 3
2015/11/27, 66, , 11, 2, 3
2015/11/28, 73, , 9, 4, 2
2015/11/29, 44, , 7, 1, 2
2015/11/30, 40, , 10, , 3
2015/12/1, 51, , 15, 1, 4
2015/12/2, 64, , 14, 1, 3
2015/12/3, 59, , 11, 1, 2
2015/12/4, 60, , 8, 1, 1
2015/12/5, 43, , 5, 1, 1
2015/12/6, 43, , 21, , 5
2015/12/7, 77, , 15, 1, 3
2015/12/8, 102, , 15, 2, 3
2015/12/9, 80, , 14, 3, 1
2015/12/10, 60, , 12, 4, 2
2015/12/11, 55, , 8, 1, 3
2015/12/12, 48, , 7, 1, 3
2015/12/13, 39, , 15, , 4
2015/12/14, 59, , 14, , 5
2015/12/15, 122, , 16, 1, 5
2015/12/16, 131, , 14, 1, 4
2015/12/17, 69, , 14, 1, 4
2015/12/18, 63, , 8, 1, 2
2015/12/19, 55, , 11, 3, 3
2015/12/20, 65, , 12, 2, 3
2015/12/21, 51, , 9, 1, 2
2015/12/22, 40, , 8, 1, 3
2015/12/23, 42, , 10, 2, 3
2015/12/24, 58, , 6, 2, 2
2015/12/25, 50, , 4, 1, 2
2015/12/26, 40, , 6, 1, 2
2015/12/27, 48, , 10, , 2
2015/12/28, 38, , 7, , 2
2015/12/29, 55, , 13, 2, 2
2015/12/30, 77, , , , 
2016/1/2, 74, , 5, 3, 3
2016/1/3, 88, , 10, 6, 4
2015/7/1, 40, , 9, , 3
2015/7/2, 27, , 15, 1, 5
2015/7/3, 53, , 14, 1, 5
2015/7/4, 65, , 10, 1, 6
2015/7/5, 60, , 7, , 5
2015/7/6, 40, , 12, 1, 5
2015/7/7, 47, , 5, 1, 5
2015/7/8, 40, , 4, , 4
2015/7/9, 23, , 4, , 3
2015/7/10, 28, , 7, 3, 2
2015/7/11, 33, , 11, 3, 3
2015/7/12, 51, , 7, , 3
2015/7/13, 35, , 9, 1, 3
2015/7/14, 46, , 9, 2, 3
2015/7/15, 35, , 16, 2, 3
2015/7/16, 42, , 13, 1, 3
2015/7/17, 45, , 8, 1, 2
2015/7/18, 44, , 8, 1, 2
2015/7/19, 36, , 10, 1, 2
2015/7/20, 35, , 12, 2, 3
2015/7/21, 41, , 14, 1, 3
2015/7/22, 43, , 8, 3, 3
2015/7/23, 37, , 10, 1, 3
2015/7/24, 37, , 8, 2, 3
2015/7/25, 44, , 5, 1, 2
2015/7/26, 24, , 15, 2, 3
2015/7/27, 50, , 6, 1, 3
2015/7/28, 35, , 6, 1, 3
2015/7/29, 34, , 4, 1, 2
2015/7/30, 26, , 7, 1, 3
2015/7/31, 31, , 13, 1, 3
2015/8/1, 46, , 11, 2, 4
2015/8/2, 54, , 14, 2, 4
2015/8/3, 63, , 15, 2, 5
2015/8/4, 73, , 9, 1, 4
2015/8/5, 46, , 19, 1, 6
2015/8/6, 56, , 24, 1, 8
2015/8/7, 73, , 11, 2, 4
2015/8/8, 55, , 6, 3, 3
2015/8/9, 33, , 10, 1, 5
2015/8/10, 48, , 12, 2, 5
2015/8/11, 56, , 11, 7, 4
2015/8/12, 49, , 9, 1, 4
2015/8/13, 38, , 7, 2, 5
2015/8/14, 40, , 7, 2, 6
2015/8/15, 66, , 9, 1, 6
2015/8/16, 63, , 9, 1, 5
2015/8/17, 56, , 6, 1, 5
2015/8/18, 48, , 12, 1, 5
2015/8/19, 48, , 12, 1, 5
2015/8/20, 64, , 13, 5, 6
2015/8/21, 59, , 10, 1, 5
2015/8/22, 55, , 6, 1, 5
2015/8/23, 46, , 14, 2, 6
2015/8/24, 64, , 10, 2, 6
2015/8/25, 39, , 14, 3, 6
2015/8/26, 35, , 15, 4, 6
2015/8/27, 44, , 9, 1, 4
2015/8/28, 31, , 12, 1, 2
2015/8/29, 44, , 13, 1, 3
2015/8/30, 55, , 21, 2, 5
2015/8/31, 68, , 11, 1, 4
2015/9/1, 56, , 7, 1, 2
2015/9/2, 28, , 18, 1, 3
2015/9/3, 46, , 16, 3, 4
2015/9/4, 52, , 6, 2, 3
2015/9/5, 31, , 2, 1, 3
2015/9/6, 21, , 9, 1, 3
2015/9/7, 22, , 10, 1, 3
2015/9/8, 23, , 11, 2, 4
2015/9/9, 31, , 12, , 4
2015/9/10, 40, , 13, 1, 4
2015/9/11, 54, , 9, 1, 3
2015/9/12, 63, , 6, 1, 3
2015/9/13, 81, , 12, 3, 4
2015/9/14, 70, , 14, 3, 3
2015/9/15, 31, , 21, 2, 5
2015/9/16, 53, , 12, 3, 4
2015/9/17, 39, , 11, 2, 3
2015/9/18, 41, , 12, 1, 4
2015/9/19, 41, , 6, 1, 3
2015/9/20, 31, , 11, 1, 4
2015/9/21, 28, , 14, 2, 4
2015/9/22, 51, , 17, 3, 5
2015/9/23, 58, , 15, 2, 4
2015/9/24, 53, , 16, 2, 5
2015/9/25, 61, , 11, 1, 4
2015/9/26, 50, , 9, 1, 4
2015/9/27, 31, , 12, 6, 4
2015/9/28, 42, , 14, , 5
2015/9/29, 39, , 16, 1, 5
2015/9/30, 44, , 20, 1, 5
2015/4/1, 34, , 13, , 
2015/4/2, 42, , 13, , 
2015/4/3, 48, , 12, , 
2015/4/4, 47, , 9, , 
2015/4/5, 44, , 9, , 
2015/4/6, 44, , 15, , 
2015/4/7, 65, , 16, 4, 
2015/4/8, 57, , 21, , 
2015/4/9, 82, , 28, 3, 
2015/4/10, 112, , 21, 1, 
2015/4/11, 97, , 9, , 
2015/4/12, 38, , 9, , 
2015/4/13, 40, , 12, , 
2015/4/14, 51, , 11, , 
2015/4/15, 54, , 10, , 
2015/4/16, 36, , 15, 1, 
2015/4/17, 44, , 14, 2, 
2015/4/18, 44, , 12, 3, 
2015/4/19, 51, , 15, 1, 
2015/4/20, 45, , 17, 2, 
2015/4/21, 46, , 17, 1, 
2015/4/22, 63, , 12, 1, 
2015/4/23, 54, , 14, 1, 
2015/4/24, 61, , 20, 2, 
2015/4/25, 80, , 12, 1, 
2015/4/26, 69, , 16, 2, 
2015/4/27, 78, , 13, 1, 
2015/4/28, 53, , 10, , 
2015/4/29, 40, , 15, 1, 
2015/4/30, 55, , 7, , 
2015/5/1, 49, , 10, , 
2015/5/2, 53, , 6, , 
2015/5/3, 49, , 10, , 
2015/5/4, 45, , 14, , 
2015/5/5, 58, , 13, 1, 
2015/5/6, 38, , 8, , 2
2015/5/7, 33, , 14, 2, 2
2015/5/8, 53, , 11, 1, 3
2015/5/9, 48, , 7, 1, 2
2015/5/10, 40, , 15, 1, 3
2015/5/11, 38, , 12, 2, 3
2015/5/12, 43, , 6, 1, 2
2015/5/13, 32, , 10, 1, 3
2015/5/14, 32, , 12, 1, 3
2015/5/15, 53, , 11, 1, 3
2015/5/16, 57, , 4, , 2
2015/5/17, 35, , 9, 1, 2
2015/5/18, 35, , 11, 1, 3
2015/5/19, 50, , 17, 1, 4
2015/5/20, 52, , 9, , 3
2015/5/21, 38, , 12, , 4
2015/5/22, 40, , 14, 2, 5
2015/5/23, 62, , 8, , 4
2015/5/24, 43, , 16, 2, 5
2015/5/25, 52, , 8, 1, 4
2015/5/26, 27, , 8, 1, 4
2015/5/27, 34, , 13, 3, 5
2015/5/28, 46, , 11, 1, 5
2015/5/29, 40, , 7, 1, 4
2015/5/30, 38, , 8, 1, 4
2015/5/31, 34, , 14, 1, 5
2015/6/1, 46, , 11, 2, 5
2015/6/2, 42, , 9, 1, 5
2015/6/3, 42, , 4, , 5
2015/6/4, 33, , 10, 1, 5
2015/6/5, 34, , 11, 3, 6
2015/6/6, 62, , 6, 1, 5
2015/6/7, 31, , 9, 1, 6
2015/6/8, 39, , 10, 1, 6
2015/6/9, 41, , 12, 2, 6
2015/6/10, 43, , 15, 2, 6
2015/6/11, 39, , 17, 1, 5
2015/6/12, 50, , 21, 1, 3
2015/6/13, 72, , 6, 1, 2
2015/6/14, 49, , 7, 1, 1
2015/6/15, 28, , 7, , 1
2015/6/16, 29, , 6, , 2
2015/6/17, 30, , 7, 1, 2
2015/6/18, 44, , 7, 1, 2
2015/6/19, 34, , 6, 1, 2
2015/6/20, 34, , 5, 1, 2
2015/6/21, 38, , 10, 1, 3
2015/6/22, 43, , 9, 1, 3
2015/6/23, 44, , 7, 1, 2
2015/6/24, 36, , 11, , 3
2015/6/25, 51, , 17, 1, 4
2015/6/26, 58, , 11, 1, 4
2015/6/27, 53, , 7, 1, 3
2015/6/28, 42, , 14, 1, 4
2015/6/29, 49, , 10, 2, 4
2015/6/30, 41, , 11, 1, 4
2015/1/1, 116, , 8, 2, 
2015/1/2, 53, , 8, 2, 
2015/1/3, 52, , 6, 1, 
2015/1/4, 50, , 17, 1, 
2015/1/5, 58, , 13, 1, 
2015/1/6, 80, , 15, 2, 
2015/1/7, 104, , 15, 3, 
2015/1/8, 71, , 9, 3, 
2015/1/9, 52, , 8, 2, 
2015/1/10, 45, , 5, 2, 
2015/1/11, 48, , 10, 1, 
2015/1/12, 45, , 12, 2, 
2015/1/13, 36, , 14, 2, 
2015/1/14, 46, , 15, 2, 
2015/1/15, 46, , 20, 17, 
2015/1/16, 60, , 17, 1, 
2015/1/17, 76, , 15, 1, 
2015/1/18, 86, , 16, 3, 
2015/1/19, 102, , 15, 1, 
2015/1/20, 106, , 14, 1, 
2015/1/21, 109, , 15, 3, 
2015/1/22, 130, , 12, 1, 
2015/1/27, 55, , 14, 1, 
2015/1/28, 55, , 14, 2, 
2015/1/29, 47, , 16, 2, 
2015/1/30, 64, , , , 
2015/2/2, 70, , 9, 1, 
2015/2/3, 43, , , , 
2015/2/5, 98, , 19, 1, 
2015/2/6, 141, , 12, 1, 
2015/2/7, 82, , 9, , 
2015/2/8, 51, , 15, , 
2015/2/9, 56, , 16, , 
2015/2/10, 59, , 17, 1, 
2015/2/11, 62, , 19, 3, 
2015/2/12, 103, , 21, 2, 
2015/2/13, 133, , 23, 2, 
2015/2/14, 153, , 15, 1, 
2015/2/15, 156, , 11, , 
2015/2/16, 105, , 18, 2, 
2015/2/17, 114, , 16, , 
2015/2/18, 110, , 16, , 
2015/2/19, 99, , 21, 1, 
2015/2/20, 122, , 17, 2, 
2015/2/21, 73, , 16, 1, 
2015/2/22, 76, , 17, 2, 
2015/2/23, 82, , 18, 1, 
2015/2/24, 81, , 23, 1, 
2015/2/25, 94, , 31, 1, 
2015/2/26, 139, , 26, 1, 
2015/2/27, 142, , 17, , 
2015/2/28, 100, , 14, , 
2015/3/1, 71, , 14, 1, 
2015/3/2, 51, , 13, , 
2015/3/3, 58, , 14, , 
2015/3/4, 62, , 19, , 
2015/3/5, 70, , 17, , 
2015/3/6, 76, , 16, 1, 
2015/3/7, 93, , 17, 1, 
2015/3/8, 71, , 21, , 
2015/3/9, 82, , 17, , 
2015/3/10, 112, , 16, , 
2015/3/11, 59, , 14, , 
2015/3/12, 43, , 14, , 
2015/3/13, 53, , 14, , 
2015/3/14, 83, , 9, , 
2015/3/15, 68, , 11, , 
2015/3/16, 95, , 14, , 
2015/3/17, 86, , 17, , 
2015/3/18, 81, , 28, 1, 
2015/3/19, 121, , 35, 2, 
2015/3/20, 151, , 16, , 
2015/3/21, 107, , 13, , 
2015/3/22, 45, , 24, 3, 
2015/3/23, 80, , 22, 2, 
2015/3/24, 135, , 18, , 
2015/3/25, 148, , 20, 1, 
2015/3/26, 130, , 17, , 
2015/3/27, 79, , 14, , 
2015/3/28, 83, , 12, 1, 
2015/3/29, 63, , 10, 1, 
2015/3/30, 37, , 13, 1, 
2015/3/31, 39, , 9, , 
2014/10/1, 94, , 20, 1, 
2014/10/2, 91, , 23, 1, 
2014/10/3, 90, , 14, 3, 
2014/10/4, 101, , 11, 3, 
2014/10/5, 102, , 14, 3, 
2014/10/6, 95, , 13, 2, 
2014/10/7, 106, , 14, 2, 
2014/10/8, 54, , 16, 2, 
2014/10/9, 76, , 14, 1, 
2014/10/10, 49, , 12, 1, 
2014/10/11, 71, , 10, 1, 
2014/10/12, 61, , 16, 2, 
2014/10/13, 82, , 12, 2, 
2014/10/14, 70, , 12, 2, 
2014/10/15, 75, , 14, 5, 
2014/10/16, 80, , 14, 2, 
2014/10/17, 68, , 14, 2, 
2014/10/18, 60, , 11, 4, 
2014/10/19, 50, , 10, 1, 
2014/10/20, 37, , 13, 2, 
2014/10/21, 43, , 13, 2, 
2014/10/22, 54, , 12, 2, 
2014/10/23, 73, , 11, 1, 
2014/10/24, 74, , 12, 2, 
2014/10/25, 119, , 11, 3, 
2014/10/26, 91, , 14, 4, 
2014/10/27, 83, , 17, 3, 
2014/10/28, 88, , 14, 3, 
2014/10/29, 102, , 20, 2, 
2014/10/30, 111, , 13, 5, 
2014/10/31, 103, , 9, 3, 
2014/11/1, 134, , 10, 2, 
2014/11/2, 88, , 14, 5, 
2014/11/3, 69, , 17, 3, 
2014/11/4, 123, , 14, 3, 
2014/11/5, 127, , 14, 2, 
2014/11/6, 69, , 19, 2, 
2014/11/7, 90, , 16, 2, 
2014/11/8, 85, , 8, 1, 
2014/11/9, 90, , 12, 2, 
2014/11/10, 93, , 10, 1, 
2014/11/11, 76, , 11, 2, 
2014/11/12, 119, , 11, 2, 
2014/11/13, 152, , 9, 2, 
2014/11/14, 126, , 7, 2, 
2014/11/15, 100, , 6, 2, 
2014/11/16, 106, , , 2, 
2014/11/17, 115, , 7, 1, 
2014/11/18, 78, , 9, 1, 
2014/11/19, 103, , 8, 1, 
2014/11/20, 145, , 8, 1, 
2014/11/21, 95, , 15, 2, 
2014/11/22, 65, , 10, 2, 
2014/11/23, 120, , 15, 2, 
2014/11/24, 107, , 17, 1, 
2014/11/25, 71, , 17, 1, 
2014/11/26, 65, , 11, 2, 
2014/11/27, 102, , 11, 1, 
2014/11/28, 104, , 9, 1, 
2014/11/29, 115, , 9, 2, 
2014/11/30, 120, , 11, 2, 
2014/12/1, 114, , 14, 1, 
2014/12/2, 99, , 13, 2, 
2014/12/3, 147, , 13, 3, 
2014/12/4, 146, , 15, 4, 
2014/12/5, 167, , 14, 3, 
2014/12/6, 104, , 15, 4, 
2014/12/7, 67, , 15, 2, 
2014/12/8, 69, , 15, 2, 
2014/12/9, 81, , 16, 2, 
2014/12/10, 78, , 17, 5, 
2014/12/11, 65, , 16, 4, 
2014/12/12, 45, , 13, 2, 
2014/12/13, 52, , 14, 3, 
2014/12/14, 72, , 16, 4, 
2014/12/15, 76, , 15, 3, 
2014/12/16, 71, , 16, 3, 
2014/12/17, 63, , 14, 2, 
2014/12/18, 61, , 12, 2, 
2014/12/19, 37, , 8, 2, 
2014/12/20, 44, , 8, 2, 
2014/12/21, 54, , 10, 2, 
2014/12/22, 39, , 10, 2, 
2014/12/23, 36, , 7, 2, 
2014/12/24, 38, , 6, 1, 
2014/12/25, 44, , 12, 1, 
2014/12/26, 62, , 10, 1, 
2014/12/27, 62, , 17, 3, 
2014/12/28, 119, , , , 
2014/9/15, 78, , 11, 1, 
2014/9/16, 64, , 12, 2, 
2014/9/17, 65, , 14, 2, 
2014/9/18, 75, , 19, 2, 
2014/9/19, 81, , 15, 1, 
2014/9/20, 81, , 8, 1, 
2014/9/22, 27, , 14, 1, 
2014/9/23, 43, , 17, 3, 
2014/9/24, 58, , 10, 1, 
2014/9/25, 43, , 10, 1, 
2014/9/26, 41, , 10, , 
2014/9/27, 41, , 17, 1, 
2014/9/28, 64, , 23, 4, 
2014/9/29, 81, , 24, 1, 
2014/9/30, 86, , 21, 1, 
2022/9/24, , 22, 18, 4, 
2021/7/26, , 32, 25, 1, 2
2020/11/28, , 10, 3, 1, 1
2020/7/28, , , 3, 1, 
2020/7/29, , , 3, , 
2020/3/31, , , 5, 1, 
2019/12/31, , , 7, , 
2019/12/2, , , 4, 1, 
2018/12/31, , , 1, 3, 
2017/12/31, , , 6, 4, 
2017/9/9, , , 4, 1, 
2017/4/22, , , 4, 1, 
2017/6/17, , , 12, , 
2016/5/28, , , 6, 1, 3
2016/5/29, , , 10, 1, 5
2016/1/1, , , 5, 2, 3
2014/12/31, , , 7, 1, 
2015/1/23, , , 14, 1, 
2015/1/24, , , 13, 1, 
2015/1/25, , , 17, , 
2015/1/26, , , 13, , 
2015/2/1, , , 14, 1, 
2015/2/4, , , 18, , 
2014/9/14, , , 14, 1, 
2014/9/21, , , 7, 1, 