date, pm25, no2, co
2023/1/2, 57, 21, 
2023/1/3, 62, 20, 
2023/1/4, 60, 10, 
2023/1/5, 31, 12, 
2023/1/6, 40, 22, 
2023/1/7, 65, 15, 
2023/1/8, 83, 23, 
2023/1/9, 83, 17, 
2022/10/1, 58, 8, 
2022/10/2, 39, 12, 
2022/10/3, 39, 14, 
2022/10/4, 39, 16, 
2022/10/5, 53, 22, 
2022/10/6, 54, 23, 
2022/10/7, 70, 17, 
2022/10/8, 62, 14, 
2022/10/9, 48, 16, 
2022/10/10, 60, 23, 
2022/10/11, 62, 25, 
2022/10/12, 80, 23, 
2022/10/13, 90, 21, 
2022/10/14, 86, 12, 
2022/10/15, 74, 11, 
2022/10/16, 50, 19, 
2022/10/17, 77, 25, 
2022/10/18, 66, 15, 
2022/10/19, 47, 18, 
2022/10/20, 60, 17, 
2022/10/21, 63, 17, 
2022/10/22, 67, 17, 
2022/10/23, 54, 19, 
2022/10/24, 58, 22, 
2022/10/25, 53, 24, 
2022/10/26, 65, 26, 
2022/10/27, 86, 23, 
2022/10/28, 72, 21, 
2022/10/29, 68, 21, 
2022/10/30, 83, 28, 
2022/10/31, 92, 14, 
2022/11/1, 81, 21, 
2022/11/2, 60, 22, 
2022/11/3, 62, 20, 
2022/11/4, 77, 16, 
2022/11/5, 48, 15, 
2022/11/6, 70, 21, 
2022/11/7, 65, 19, 
2022/11/8, 58, 21, 
2022/11/9, 87, 21, 
2022/11/10, 65, 19, 
2022/11/11, 66, 23, 
2022/11/12, 74, 13, 
2022/11/13, 105, 19, 
2022/11/14, 104, 26, 
2022/11/15, 123, 17, 
2022/11/16, 95, 11, 
2022/11/17, 41, 17, 
2022/11/18, 64, 16, 
2022/11/19, 72, 18, 
2022/11/20, 105, 19, 
2022/11/21, 88, 19, 
2022/11/22, 104, 19, 
2022/11/23, 141, 20, 
2022/11/24, 128, 25, 
2022/11/25, 110, 20, 
2022/11/26, 83, 13, 
2022/11/27, 90, 18, 
2022/11/28, 108, 21, 
2022/11/29, 95, 18, 
2022/11/30, 124, 18, 
2022/12/1, 84, 15, 
2022/12/2, 70, 12, 
2022/12/3, 113, 14, 
2022/12/4, 131, 14, 
2022/12/5, 108, 14, 
2022/12/6, 68, 18, 
2022/12/7, 45, 20, 
2022/12/8, 63, 21, 
2022/12/9, 94, 15, 
2022/12/10, 111, 11, 
2022/12/11, 86, 15, 
2022/12/12, 56, 22, 
2022/12/13, 72, 25, 
2022/12/14, 154, 28, 
2022/12/15, 131, 23, 
2022/12/16, 152, 16, 
2022/12/17, 143, 13, 
2022/12/18, 109, 21, 
2022/12/19, 120, 20, 
2022/12/20, 88, 23, 
2022/12/21, 90, 20, 
2022/12/22, 58, 23, 
2022/12/23, 60, 16, 
2022/12/24, 51, 16, 
2022/12/25, 59, 13, 
2022/12/26, 59, 15, 
2022/12/27, 38, 20, 
2022/12/28, 43, 16, 
2022/12/29, 45, 21, 
2022/12/30, 59, 10, 
2022/12/31, 41, 12, 
2023/1/1, 54, 18, 
2022/7/1, 67, 14, 
2022/7/2, 44, 16, 
2022/7/3, 45, 26, 
2022/7/4, 59, 25, 
2022/7/5, 56, 20, 
2022/7/6, 53, 18, 
2022/7/7, 45, 12, 
2022/7/8, 46, 10, 
2022/7/9, 39, 7, 
2022/7/10, 35, 14, 
2022/7/11, 38, 14, 
2022/7/12, 35, 18, 
2022/7/13, 37, 20, 
2022/7/14, 52, 14, 
2022/7/15, 44, 15, 
2022/7/16, 43, 11, 
2022/7/17, 38, 26, 
2022/7/18, 44, 31, 
2022/7/19, 53, 34, 
2022/7/20, 62, 26, 
2022/7/21, 68, 21, 
2022/7/22, 57, 20, 
2022/7/23, 64, 15, 
2022/7/24, 43, 24, 
2022/7/25, 45, 17, 
2022/7/26, 48, 17, 
2022/7/27, 42, 25, 
2022/7/28, 45, 23, 
2022/7/29, 51, 15, 
2022/7/30, 48, 12, 
2022/7/31, 41, 17, 
2022/8/1, 44, 19, 
2022/8/2, 38, 25, 
2022/8/3, 47, 29, 
2022/8/4, 66, 24, 
2022/8/5, 72, 12, 
2022/8/6, 40, 12, 
2022/8/7, 32, 24, 
2022/8/8, 44, 25, 
2022/8/9, 50, 25, 
2022/8/10, 49, 24, 
2022/8/11, 49, 23, 
2022/8/12, 48, 21, 
2022/8/13, 58, 16, 
2022/8/14, 55, 15, 
2022/8/15, 52, 28, 
2022/8/16, 55, 40, 
2022/8/17, 66, 28, 
2022/8/18, 73, 23, 
2022/8/19, 64, 14, 
2022/8/20, 58, 7, 
2022/8/21, 30, 15, 
2022/8/22, 39, 14, 
2022/8/23, 48, 18, 
2022/8/24, 64, 23, 
2022/8/25, 74, 27, 
2022/8/26, 71, 23, 
2022/8/27, 58, 9, 
2022/8/28, 45, 16, 
2022/8/29, 46, 19, 
2022/8/30, 47, 22, 
2022/8/31, 47, 20, 
2022/9/1, 40, 21, 
2022/9/2, 40, 17, 
2022/9/3, 46, 14, 
2022/9/4, 50, 19, 
2022/9/5, 57, 22, 
2022/9/6, 45, 23, 
2022/9/7, 56, 24, 
2022/9/8, 67, 17, 
2022/9/9, 43, 14, 
2022/9/10, 36, 7, 
2022/9/11, 41, 15, 
2022/9/12, 49, 18, 
2022/9/13, 51, 19, 
2022/9/14, 56, 13, 
2022/9/15, 47, 13, 
2022/9/16, 35, 10, 
2022/9/17, 34, 7, 
2022/9/18, 28, 12, 
2022/9/19, 33, 14, 
2022/9/20, 40, 15, 
2022/9/21, 42, 20, 
2022/9/22, 43, 24, 
2022/9/23, 61, 21, 
2022/9/24, 64, 20, 
2022/9/25, 74, 22, 
2022/9/26, 73, 18, 
2022/9/27, 59, 18, 
2022/9/28, 46, 23, 
2022/9/29, 54, 20, 
2022/9/30, 75, 15, 
2022/4/1, 57, 11, 
2022/4/2, 52, 10, 
2022/4/3, 42, 14, 
2022/4/4, 52, 15, 
2022/4/5, 43, 17, 
2022/4/6, 48, 18, 
2022/4/7, 41, 12, 
2022/4/8, 36, 12, 
2022/4/9, 41, 9, 
2022/4/10, 35, 20, 
2022/4/11, 49, 25, 
2022/4/12, 83, 27, 
2022/4/13, 81, 25, 
2022/4/14, 90, 12, 
2022/4/15, 51, 8, 
2022/4/16, 44, 10, 
2022/4/17, 38, 15, 
2022/4/18, 62, 20, 
2022/4/19, 61, 23, 
2022/4/20, 71, 21, 
2022/4/21, 74, 17, 
2022/4/22, 80, 23, 
2022/4/23, 68, 19, 
2022/4/24, 77, 17, 
2022/4/25, 56, 22, 
2022/4/26, 65, 27, 
2022/4/27, 81, 25, 
2022/4/28, 67, 28, 
2022/4/29, 61, 29, 
2022/4/30, 81, 20, 
2022/5/1, 69, 26, 
2022/5/2, 73, 22, 
2022/5/3, 78, 26, 
2022/5/4, 65, 27, 
2022/5/5, 75, 22, 
2022/5/6, 66, 26, 
2022/5/7, 70, 17, 
2022/5/8, 61, 20, 
2022/5/9, 49, 22, 
2022/5/10, 58, 27, 
2022/5/11, 61, 19, 
2022/5/12, 46, 23, 
2022/5/13, 53, 16, 
2022/5/14, 53, 15, 
2022/5/15, 50, 26, 
2022/5/16, 48, 27, 
2022/5/17, 60, 18, 
2022/5/18, 35, 21, 
2022/5/19, 46, 23, 
2022/5/20, 50, 9, 
2022/5/21, 38, 8, 
2022/5/22, 35, 21, 
2022/5/23, 48, 19, 
2022/5/24, 52, 19, 
2022/5/25, 52, 16, 
2022/5/26, 45, 16, 
2022/5/27, 41, 9, 
2022/5/28, 35, 11, 
2022/5/29, 36, 18, 
2022/5/30, 42, 25, 
2022/5/31, 45, 22, 
2022/6/1, 48, 20, 
2022/6/2, 47, 29, 
2022/6/3, 56, 24, 
2022/6/4, 66, 17, 
2022/6/5, 66, 20, 
2022/6/6, 56, 20, 
2022/6/7, 49, 20, 
2022/6/8, 62, 18, 
2022/6/9, 63, 16, 
2022/6/10, 46, 26, 
2022/6/11, 58, 19, 
2022/6/12, 56, 17, 
2022/6/13, 56, 16, 
2022/6/14, 42, 25, 
2022/6/15, 43, 14, 
2022/6/16, 50, 15, 
2022/6/17, 41, 19, 
2022/6/18, 41, 15, 
2022/6/19, 48, 15, 
2022/6/20, 59, 13, 
2022/6/21, 41, 22, 
2022/6/22, 43, 24, 
2022/6/23, 55, 24, 
2022/6/24, 59, 17, 
2022/6/25, 59, 18, 
2022/6/26, 69, 25, 
2022/6/27, 62, 16, 
2022/6/28, 51, 20, 
2022/6/29, 52, 23, 
2022/6/30, 49, 19, 
2022/1/3, 29, 19, 4
2022/1/4, 40, 20, 4
2022/1/5, 38, 9, 2
2022/1/6, 35, 19, 4
2022/1/7, 54, 16, 5
2022/1/8, 75, 16, 6
2022/1/9, 94, 22, 7
2022/1/10, 127, 28, 8
2022/1/11, 130, 23, 9
2022/1/12, 134, 17, 4
2022/1/13, 61, 15, 4
2022/1/14, 57, 21, 6
2022/1/15, 67, 17, 8
2022/1/16, 118, 12, 4
2022/1/17, 39, 20, 5
2022/1/18, 52, 21, 6
2022/1/19, 66, 13, 5
2022/1/20, 45, 13, 4
2022/1/21, 37, 18, 5
2022/1/22, 57, 19, 7
2022/1/23, 91, 23, 7
2022/1/24, 81, 20, 6
2022/1/25, 57, 14, 5
2022/1/26, 51, 16, 6
2022/1/27, 54, 12, 5
2022/1/28, 37, 16, 5
2022/1/29, 42, 5, 4
2022/1/30, 36, 24, 7
2022/1/31, 67, 16, 4
2022/2/1, 51, 12, 2
2022/2/2, 35, 23, 3
2022/2/3, 54, 23, 4
2022/2/4, 60, 10, 2
2022/2/5, 39, 8, 2
2022/2/6, 28, 14, 3
2022/2/7, 35, 13, 3
2022/2/8, 43, 17, 3
2022/2/9, 45, 20, 4
2022/2/10, 56, 22, 4
2022/2/11, 46, 18, 3
2022/2/12, 53, 13, 3
2022/2/13, 57, 16, 3
2022/2/14, 71, 34, 8
2022/2/15, 98, 17, 3
2022/2/16, 48, 8, 2
2022/2/17, 28, 17, 3
2022/2/18, 47, 11, 3
2022/2/19, 38, 10, 3
2022/2/20, 34, 14, 3
2022/2/21, 35, 17, 4
2022/2/22, 43, 20, 4
2022/2/23, 51, 22, 4
2022/2/24, 62, 18, 4
2022/2/25, 42, 19, 4
2022/2/26, 50, 19, 5
2022/2/27, 96, 24, 5
2022/2/28, 83, 28, 6
2022/3/1, 103, 34, 7
2022/3/2, 125, 26, 6
2022/3/3, 131, 23, 4
2022/3/4, 94, 20, 4
2022/3/5, 78, 19, 4
2022/3/6, 82, 23, 4
2022/3/7, 79, 31, 6
2022/3/8, 89, 29, 5
2022/3/9, 91, 19, 3
2022/3/10, 70, 21, 4
2022/3/11, 83, 20, 4
2022/3/12, 87, 18, 4
2022/3/13, 88, 32, 6
2022/3/14, 109, 24, 5
2022/3/15, 70, 26, 6
2022/3/16, 118, 27, 6
2022/3/17, 131, 28, 5
2022/3/18, 98, 23, 5
2022/3/19, 112, 18, 4
2022/3/20, 101, 33, 7
2022/3/21, 105, 36, 7
2022/3/22, 127, 45, 7
2022/3/23, 111, 37, 6
2022/3/24, 122, , 
2022/3/27, 48, 29, 
2022/3/28, 80, 20, 
2022/3/29, 81, 27, 
2022/3/30, 93, 16, 
2022/3/31, 73, 20, 
2021/10/1, 61, 19, 5
2021/10/2, 62, 16, 4
2021/10/3, 60, 26, 6
2021/10/4, 66, 22, 5
2021/10/5, 70, 22, 5
2021/10/6, 46, 19, 5
2021/10/7, 76, 26, 5
2021/10/8, 72, 22, 5
2021/10/9, 66, 25, 6
2021/10/10, 81, 23, 7
2021/10/11, 99, 19, 5
2021/10/12, 44, 19, 5
2021/10/13, 43, 22, 5
2021/10/14, 53, 17, 5
2021/10/15, 40, 21, 6
2021/10/16, 50, 22, 6
2021/10/17, 65, 24, 7
2021/10/18, 64, 24, 6
2021/10/19, 59, 17, 5
2021/10/20, 46, 13, 4
2021/10/21, 40, 16, 4
2021/10/22, 32, 14, 4
2021/10/23, 38, 19, 6
2021/10/24, 54, 23, 5
2021/10/25, 52, 35, 8
2021/10/26, 78, 28, 7
2021/10/27, 78, 27, 8
2021/10/28, 98, 31, 6
2021/10/29, 76, 24, 6
2021/10/30, 68, 19, 5
2021/10/31, 65, 20, 6
2021/11/1, 69, 24, 6
2021/11/2, 66, 23, 6
2021/11/3, 59, 16, 5
2021/11/4, 48, 19, 4
2021/11/5, 40, 19, 4
2021/11/6, 46, 14, 3
2021/11/7, 52, 17, 3
2021/11/8, 38, 20, 4
2021/11/9, 60, 25, 6
2021/11/10, 88, 20, 6
2021/11/11, 102, 16, 5
2021/11/12, 107, 21, 6
2021/11/13, 125, 19, 8
2021/11/14, 142, 18, 5
2021/11/15, 122, 21, 6
2021/11/16, 128, 23, 5
2021/11/17, 104, 16, 3
2021/11/18, 47, 12, 3
2021/11/19, 34, 12, 3
2021/11/20, 40, 14, 3
2021/11/21, 63, 19, 4
2021/11/22, 55, 19, 4
2021/11/23, 47, 26, 5
2021/11/24, 57, 21, 5
2021/11/25, 90, 25, 5
2021/11/26, 90, 20, 5
2021/11/27, 86, 20, 7
2021/11/28, 95, 17, 4
2021/11/29, 63, 15, 3
2021/11/30, 37, 18, 3
2021/12/1, 36, 14, 3
2021/12/2, 37, 22, 3
2021/12/3, 47, 18, 4
2021/12/4, 66, 16, 5
2021/12/5, 78, 17, 5
2021/12/6, 96, 16, 5
2021/12/7, 96, 17, 4
2021/12/8, 93, 18, 6
2021/12/9, 114, 22, 8
2021/12/10, 133, 26, 8
2021/12/11, 123, 25, 8
2021/12/12, 136, 25, 9
2021/12/13, 118, 22, 9
2021/12/14, 108, 18, 5
2021/12/15, 61, 17, 4
2021/12/16, 52, 12, 4
2021/12/17, 40, 13, 4
2021/12/18, 44, 8, 3
2021/12/19, 25, 15, 4
2021/12/20, 38, 25, 5
2021/12/21, 56, 20, 5
2021/12/22, 69, 20, 5
2021/12/23, 85, , 
2021/12/26, 144, 22, 7
2021/12/27, 138, 21, 9
2021/12/28, 133, 22, 10
2021/12/29, 90, 24, 7
2021/12/30, 69, 11, 2
2021/12/31, 34, 9, 2
2022/1/1, 48, 16, 3
2022/1/2, 50, 13, 2
2021/7/1, 38, 13, 3
2021/7/2, 35, 11, 2
2021/7/3, 48, 19, 4
2021/7/4, 54, 26, 4
2021/7/5, 60, 21, 4
2021/7/6, 39, 16, 3
2021/7/7, 44, 19, 4
2021/7/8, 49, 17, 4
2021/7/9, 29, 16, 3
2021/7/10, 32, 15, 3
2021/7/11, 42, 21, 4
2021/7/12, 41, 23, 5
2021/7/13, 62, 22, 5
2021/7/14, 51, 21, 4
2021/7/15, 45, 20, 4
2021/7/16, 56, 13, 4
2021/7/17, 52, 8, 3
2021/7/18, 39, 13, 3
2021/7/19, 49, 15, 3
2021/7/20, 48, 16, 3
2021/7/21, 46, 26, 5
2021/7/22, 56, 29, 5
2021/7/23, 54, 26, 5
2021/7/24, 63, 18, 4
2021/7/25, 64, 20, 4
2021/7/26, 62, 23, 3
2021/7/27, 42, 22, 4
2021/7/28, 48, 23, 3
2021/7/29, 39, 27, 4
2021/7/30, 45, 19, 3
2021/7/31, 42, 16, 4
2021/8/1, 36, 16, 4
2021/8/2, 33, 21, 5
2021/8/3, 36, 19, 5
2021/8/4, 28, 24, 5
2021/8/5, 45, 20, 5
2021/8/6, 40, 17, 5
2021/8/7, 34, 10, 4
2021/8/8, 21, 21, 5
2021/8/9, 29, 22, 5
2021/8/10, 36, 20, 5
2021/8/11, 38, 29, 5
2021/8/12, 48, 30, 6
2021/8/13, 58, 22, 6
2021/8/14, 61, 20, 5
2021/8/15, 54, 22, 5
2021/8/16, 44, 14, 3
2021/8/17, 31, 16, 4
2021/8/18, 32, 18, 5
2021/8/19, 39, 21, 5
2021/8/20, 40, 21, 5
2021/8/21, 48, 15, 4
2021/8/22, 43, 14, 5
2021/8/23, 37, 15, 4
2021/8/24, 33, 18, 4
2021/8/25, 36, 15, 4
2021/8/26, 36, 17, 5
2021/8/27, 37, 15, 5
2021/8/28, 37, 15, 5
2021/8/29, 46, 19, 5
2021/8/30, 47, 13, 4
2021/8/31, 30, 15, 3
2021/9/1, 43, 21, 5
2021/9/2, 51, 22, 4
2021/9/3, 57, 22, 5
2021/9/4, 62, 16, 3
2021/9/5, 35, 24, 4
2021/9/6, 49, 30, 5
2021/9/7, 65, 28, 5
2021/9/8, 67, 24, 4
2021/9/9, 51, 29, 4
2021/9/10, 52, 27, 5
2021/9/11, 60, 16, 4
2021/9/12, 50, 22, 5
2021/9/13, 54, 29, 5
2021/9/14, 57, 28, 5
2021/9/15, 66, 21, 5
2021/9/16, 54, 16, 4
2021/9/17, 36, 10, 3
2021/9/18, 30, 15, 4
2021/9/19, 42, 22, 5
2021/9/20, 52, 20, 5
2021/9/21, 57, 19, 4
2021/9/22, 43, 22, 5
2021/9/23, 45, 14, 4
2021/9/24, 35, 21, 5
2021/9/25, 50, 18, 5
2021/9/26, 50, 18, 6
2021/9/27, 88, 21, 6
2021/9/28, 93, 18, 6
2021/9/29, 84, 25, 6
2021/9/30, 45, 24, 6
2021/4/1, 108, 15, 3
2021/4/2, 51, 10, 2
2021/4/3, 39, 13, 2
2021/4/4, 46, 9, 2
2021/4/5, 44, 11, 2
2021/4/6, 32, 16, 3
2021/4/7, 37, 17, 3
2021/4/8, 39, 24, 3
2021/4/9, 65, 30, 5
2021/4/10, 81, 17, 4
2021/4/11, 67, 16, 3
2021/4/12, 45, 20, 3
2021/4/13, 42, 16, 3
2021/4/14, 41, 14, 3
2021/4/15, 34, 21, 4
2021/4/16, 53, 18, 4
2021/4/17, 62, 20, 5
2021/4/18, 90, 31, 6
2021/4/19, 88, 28, 5
2021/4/20, 67, 23, 4
2021/4/21, 64, 15, 3
2021/4/22, 43, 14, 3
2021/4/23, 43, 14, 3
2021/4/24, 42, 12, 3
2021/4/25, 36, 20, 3
2021/4/26, 40, 23, 3
2021/4/27, 59, 26, 3
2021/4/28, 70, 28, 4
2021/4/29, 73, 19, 3
2021/4/30, 53, 15, 3
2021/5/1, 68, 9, 3
2021/5/2, 49, 13, 3
2021/5/3, 41, 23, 3
2021/5/4, 42, 19, 3
2021/5/5, 27, 22, 3
2021/5/6, 36, 18, 3
2021/5/7, 35, 19, 3
2021/5/8, 51, 16, 3
2021/5/9, 44, 24, 4
2021/5/10, 45, 24, 4
2021/5/11, 46, 17, 4
2021/5/12, 60, 15, 4
2021/5/13, 53, 19, 4
2021/5/14, 35, 19, 4
2021/5/15, 40, 15, 3
2021/5/16, 29, 21, 3
2021/5/17, 31, 17, 3
2021/5/18, 25, 21, 3
2021/5/19, 37, 21, 4
2021/5/20, 46, 20, 3
2021/5/21, 27, 21, 3
2021/5/22, 28, 14, 3
2021/5/23, 31, 21, 4
2021/5/24, 32, 18, 3
2021/5/25, 29, 16, 3
2021/5/26, 24, 19, 3
2021/5/27, 29, 19, 3
2021/5/28, 51, 14, 3
2021/5/29, 40, 13, 3
2021/5/30, 32, 27, 4
2021/5/31, 50, 27, 4
2021/6/1, 52, 30, 5
2021/6/2, 53, 21, 12
2021/6/3, 49, 26, 15
2021/6/4, 47, 24, 20
2021/6/5, 44, 28, 18
2021/6/6, 44, 34, 20
2021/6/7, 55, 31, 21
2021/6/8, 50, 24, 20
2021/6/9, 33, 30, 18
2021/6/10, 52, 26, 6
2021/6/11, 55, 15, 3
2021/6/12, 55, 7, 2
2021/6/13, 37, 20, 3
2021/6/14, 53, 28, 4
2021/6/15, 62, 28, 5
2021/6/16, 76, 30, 4
2021/6/17, 73, 32, 4
2021/6/18, 70, 26, 5
2021/6/19, 70, 20, 4
2021/6/20, 62, 26, 5
2021/6/21, 61, 14, 4
2021/6/22, 56, 17, 4
2021/6/23, 48, 17, 4
2021/6/24, 42, 18, 4
2021/6/25, 45, 18, 4
2021/6/26, 52, 18, 4
2021/6/27, 52, 30, 5
2021/6/28, 61, 30, 4
2021/6/29, 64, 15, 3
2021/6/30, 30, 18, 3
2021/1/4, 152, 13, 7
2021/1/5, 68, 12, 8
2021/1/6, 79, 18, 7
2021/1/7, 63, 18, 7
2021/1/8, 72, 13, 7
2021/1/9, 67, 11, 7
2021/1/10, 67, 17, 8
2021/1/11, 93, 18, 5
2021/1/12, 55, 18, 4
2021/1/13, 37, 20, 4
2021/1/14, 58, 20, 5
2021/1/15, 84, , 
2021/1/18, 170, 28, 5
2021/1/19, 59, 29, 5
2021/1/20, 58, 27, 6
2021/1/21, 74, 27, 5
2021/1/22, 68, 18, 5
2021/1/23, 63, 17, 4
2021/1/24, 59, 22, 4
2021/1/25, 59, 18, 4
2021/1/26, 64, 26, 5
2021/1/27, 73, 28, 6
2021/1/28, 77, 25, 4
2021/1/29, 67, 20, 5
2021/1/30, 85, 24, 6
2021/1/31, 107, 30, 8
2021/2/1, 160, 29, 8
2021/2/2, 125, 23, 6
2021/2/3, 59, 19, 5
2021/2/4, 51, 19, 5
2021/2/5, 84, 14, 4
2021/2/6, 70, 8, 3
2021/2/7, 64, 20, 5
2021/2/8, 82, 27, 7
2021/2/9, 147, 28, 6
2021/2/10, 148, 27, 6
2021/2/11, 106, 25, 5
2021/2/12, 92, 18, 4
2021/2/13, 71, 15, 4
2021/2/14, 73, 31, 7
2021/2/15, 137, 30, 8
2021/2/16, 115, 26, 7
2021/2/17, 83, 31, 8
2021/2/18, 90, 29, 8
2021/2/19, 95, 27, 9
2021/2/20, 107, 20, 7
2021/2/21, 78, 33, 9
2021/2/22, 110, 37, 13
2021/2/23, 125, 37, 13
2021/2/24, 125, 37, 11
2021/2/25, 133, 30, 9
2021/2/26, 87, 12, 5
2021/2/27, 48, 10, 4
2021/2/28, 50, 22, 5
2021/3/1, 71, 31, 9
2021/3/2, 110, 31, 10
2021/3/3, 137, 19, 4
2021/3/4, 109, 22, 3
2021/3/5, 52, 16, 3
2021/3/6, 59, 11, 3
2021/3/7, 52, 28, 5
2021/3/8, 67, 31, 7
2021/3/9, 110, 32, 7
2021/3/10, 133, 19, 4
2021/3/11, 94, 21, 4
2021/3/12, 45, 14, 3
2021/3/13, 34, 10, 3
2021/3/14, 30, 27, 5
2021/3/15, 56, 19, 4
2021/3/16, 45, 22, 4
2021/3/17, 63, 22, 5
2021/3/18, 70, 25, 5
2021/3/19, 83, 18, 4
2021/3/20, 54, 12, 4
2021/3/21, 47, 25, 5
2021/3/22, 58, 22, 4
2021/3/23, 59, 24, 5
2021/3/24, 85, 31, 6
2021/3/25, 129, 37, 8
2021/3/26, 125, 20, 5
2021/3/27, 72, 17, 4
2021/3/28, 48, 28, 6
2021/3/29, 65, 30, 6
2021/3/30, 68, 45, 9
2021/3/31, 91, 35, 7
2020/10/1, 72, 16, 5
2020/10/2, 63, 17, 4
2020/10/3, 52, 13, 3
2020/10/4, 33, 19, 5
2020/10/5, 41, 14, 3
2020/10/6, 33, 20, 3
2020/10/7, 43, 18, 2
2020/10/8, 44, 19, 4
2020/10/9, 46, 14, 4
2020/10/10, 51, 16, 4
2020/10/11, 49, 23, 4
2020/10/12, 51, 14, 3
2020/10/13, 57, 14, 3
2020/10/14, 32, 16, 5
2020/10/15, 65, 17, 4
2020/10/16, 73, 13, 3
2020/10/17, 55, 7, 2
2020/10/18, 42, 19, 4
2020/10/19, 66, 15, 4
2020/10/20, 64, 19, 4
2020/10/21, 61, 27, 6
2020/10/22, 69, 21, 5
2020/10/23, 66, 17, 5
2020/10/24, 70, 12, 5
2020/10/25, 76, 19, 6
2020/10/26, 67, 20, 5
2020/10/27, 55, 20, 4
2020/10/28, 48, 19, 3
2020/10/29, 45, 15, 4
2020/10/30, 43, 14, 4
2020/10/31, 57, 11, 5
2020/11/1, 86, 15, 6
2020/11/2, 54, 22, 6
2020/11/3, 59, 20, 5
2020/11/4, 63, 19, 4
2020/11/5, 58, 17, 4
2020/11/6, 62, 14, 5
2020/11/7, 104, 16, 8
2020/11/8, 111, 15, 6
2020/11/9, 108, 18, 6
2020/11/10, 130, 12, 5
2020/11/11, 79, 15, 5
2020/11/12, 80, 19, 7
2020/11/13, 94, 15, 7
2020/11/14, 88, 11, 5
2020/11/15, 62, 21, 7
2020/11/16, 65, 21, 5
2020/11/17, 60, 18, 5
2020/11/18, 61, 15, 4
2020/11/19, 49, 18, 4
2020/11/20, 53, 19, 5
2020/11/21, 77, 12, 4
2020/11/22, 53, 15, 4
2020/11/23, 51, 22, 7
2020/11/24, 76, 23, 9
2020/11/25, 116, 21, 9
2020/11/26, 131, 17, 6
2020/11/27, 100, 17, 5
2020/11/28, 62, 10, 5
2020/11/29, 54, 16, 6
2020/11/30, 77, 17, 7
2020/12/1, 93, 20, 8
2020/12/2, 152, 22, 7
2020/12/3, 156, 17, 5
2020/12/4, 86, 13, 4
2020/12/5, 58, 9, 3
2020/12/6, 58, 16, 5
2020/12/7, 77, 18, 7
2020/12/8, 116, 15, 5
2020/12/9, 103, 14, 5
2020/12/10, 96, 16, 7
2020/12/11, 113, 17, 9
2020/12/12, 135, 14, 10
2020/12/13, 152, 16, 8
2020/12/14, 123, 20, 7
2020/12/15, 108, 17, 7
2020/12/16, 95, 15, 7
2020/12/17, 103, 20, 7
2020/12/18, 84, 16, 8
2020/12/19, 91, 15, 8
2020/12/20, 71, 18, 10
2020/12/21, 91, 15, 6
2020/12/22, 52, 18, 7
2020/12/23, 62, 13, 5
2020/12/24, 31, 6, 4
2020/12/25, 31, 9, 4
2020/12/26, 36, 8, 4
2020/12/27, 44, 11, 5
2020/12/28, 50, 19, 6
2020/12/29, 47, 29, 13
2020/12/30, 117, 20, 9
2020/12/31, 110, 10, 8
2021/1/1, 110, 15, 11
2021/1/2, 142, 12, 9
2021/1/3, 146, 16, 10
2020/7/1, 32, 16, 4
2020/7/2, 35, 15, 3
2020/7/3, 42, 16, 3
2020/7/4, 41, 11, 2
2020/7/5, 31, 13, 2
2020/7/6, 34, 13, 2
2020/7/7, 32, 18, 3
2020/7/8, 40, 14, 3
2020/7/9, 38, 16, 3
2020/7/10, 38, 12, 2
2020/7/11, 30, 14, 3
2020/7/12, 36, 17, 2
2020/7/13, 28, 19, 3
2020/7/14, 35, 18, 3
2020/7/15, 42, 15, 3
2020/7/16, 37, 18, 3
2020/7/17, 39, 19, 4
2020/7/18, 53, 18, 4
2020/7/19, 51, 21, 4
2020/7/20, 51, 16, 3
2020/7/21, 45, 20, 3
2020/7/22, 36, 24, 3
2020/7/23, 48, 25, 4
2020/7/24, 57, 20, 3
2020/7/25, 49, 14, 3
2020/7/26, 41, 22, 3
2020/7/27, 41, 22, 4
2020/7/28, 41, 20, 3
2020/7/29, 40, 22, 2
2020/7/30, 41, 21, 2
2020/7/31, 36, 17, 3
2020/8/1, 40, 13, 3
2020/8/2, 39, 18, 3
2020/8/3, 37, 14, 3
2020/8/4, 35, 20, 3
2020/8/5, 38, 24, 4
2020/8/6, 53, 29, 5
2020/8/7, 77, 28, 5
2020/8/8, 79, 23, 5
2020/8/9, 69, 29, 4
2020/8/10, 61, 26, 4
2020/8/11, 52, 25, 4
2020/8/12, 49, 31, 5
2020/8/13, 59, 25, 4
2020/8/14, 63, 16, 4
2020/8/15, 58, 16, 3
2020/8/16, 50, 23, 4
2020/8/17, 55, 17, 4
2020/8/18, 51, 21, 4
2020/8/19, 60, 25, 4
2020/8/20, 50, 23, 4
2020/8/21, 46, 17, 4
2020/8/22, 36, 12, 3
2020/8/23, 31, 18, 3
2020/8/24, 34, 18, 3
2020/8/25, 23, 15, 3
2020/8/28, 38, 14, 4
2020/8/29, 31, 14, 4
2020/8/30, 42, 17, 4
2020/8/31, 39, 14, 3
2020/9/1, 41, 16, 3
2020/9/2, 38, 19, 4
2020/9/3, 43, 23, 5
2020/9/4, 58, 16, 4
2020/9/5, 45, 14, 3
2020/9/6, 40, 22, 4
2020/9/7, 51, 20, 3
2020/9/8, 49, 27, 4
2020/9/9, 54, 19, 4
2020/9/10, 45, 21, 5
2020/9/11, 58, 21, 5
2020/9/12, 57, 20, 4
2020/9/13, 58, 28, 6
2020/9/14, 72, 27, 6
2020/9/15, 81, 24, 5
2020/9/16, 73, 15, 3
2020/9/17, 41, 23, 6
2020/9/18, 56, 22, 4
2020/9/19, 61, 17, 4
2020/9/20, 63, 25, 5
2020/9/21, 70, 23, 5
2020/9/22, 72, 25, 5
2020/9/23, 65, 25, 5
2020/9/24, 62, 22, 5
2020/9/25, 53, 12, 4
2020/9/26, 29, 10, 3
2020/9/27, 33, 19, 5
2020/9/28, 64, 16, 4
2020/9/29, 77, 13, 4
2020/9/30, 71, 17, 5
2020/4/1, 69, 24, 4
2020/4/2, 81, 14, 3
2020/4/3, 68, 16, 3
2020/4/4, 68, 12, 3
2020/4/5, 76, 18, 4
2020/4/6, 77, 23, 4
2020/4/7, 65, 24, 4
2020/4/8, 62, 19, 4
2020/4/9, 63, 19, 4
2020/4/10, 46, 17, 4
2020/4/11, 69, 9, 4
2020/4/12, 60, 5, 3
2020/4/13, 38, 10, 3
2020/4/14, 36, 11, 3
2020/4/15, 39, 21, 4
2020/4/16, 52, 23, 5
2020/4/17, 50, 12, 3
2020/4/18, 51, 7, 3
2020/4/19, 38, 13, 3
2020/4/20, 38, 15, 4
2020/4/21, 51, 19, 4
2020/4/22, 61, 27, 5
2020/4/23, 65, 20, 5
2020/4/24, 60, 9, 3
2020/4/25, 46, 13, 4
2020/4/26, 37, 22, 5
2020/4/27, 52, 22, 4
2020/4/28, 53, 19, 4
2020/4/29, 70, 20, 4
2020/4/30, 67, 12, 3
2020/5/1, 39, 11, 2
2020/5/2, 30, 9, 2
2020/5/3, 33, 16, 3
2020/5/4, 48, 11, 2
2020/5/5, 27, 13, 3
2020/5/6, 35, 16, 3
2020/5/7, 50, 26, 5
2020/5/8, 68, 23, 4
2020/5/9, 60, 18, 4
2020/5/10, 61, 16, 4
2020/5/11, 49, 14, 3
2020/5/12, 28, 18, 3
2020/5/13, 47, 22, 4
2020/5/14, 63, 20, 4
2020/5/15, 54, 16, 3
2020/5/16, 45, 13, 3
2020/5/17, 52, 19, 3
2020/5/18, 41, 18, 3
2020/5/19, 50, 20, 3
2020/5/20, 40, 22, 4
2020/5/21, 44, 21, 3
2020/5/22, 44, 15, 4
2020/5/23, 50, 6, 3
2020/5/24, 29, 12, 3
2020/5/25, 30, 16, 4
2020/5/26, 43, 22, 5
2020/5/27, 60, 18, 4
2020/5/28, 48, 15, 3
2020/5/29, 29, 11, 3
2020/5/30, 27, 10, 3
2020/5/31, 36, 18, 3
2020/6/1, 38, 16, 3
2020/6/2, 38, 22, 3
2020/6/3, 49, 23, 3
2020/6/4, 49, 18, 4
2020/6/5, 48, 13, 3
2020/6/6, 23, 12, 3
2020/6/7, 28, 20, 3
2020/6/8, 40, 21, 3
2020/6/9, 41, 22, 4
2020/6/10, 58, 12, 3
2020/6/11, 65, 20, 4
2020/6/12, 58, 18, 4
2020/6/13, 67, 11, 2
2020/6/14, 41, 20, 3
2020/6/15, 45, 25, 4
2020/6/16, 50, 24, 4
2020/6/17, 53, 17, 4
2020/6/18, 55, 16, 5
2020/6/19, 47, 9, 4
2020/6/20, 28, 6, 3
2020/6/21, 23, 13, 4
2020/6/22, 42, 16, 3
2020/6/23, 38, 17, 4
2020/6/24, 45, 20, 5
2020/6/25, 58, 20, 5
2020/6/26, 53, 15, 4
2020/6/27, 48, 12, 4
2020/6/28, 33, 17, 4
2020/6/29, 39, 19, 3
2020/6/30, 38, 17, 3
2020/1/1, 73, 27, 11
2020/1/2, 155, 23, 8
2020/1/3, 110, 8, 2
2020/1/4, 31, 12, 4
2020/1/5, 57, 19, 4
2020/1/6, 67, 20, 5
2020/1/7, 77, 21, 6
2020/1/8, 71, 17, 6
2020/1/9, 58, 22, 6
2020/1/10, 71, 14, 4
2020/1/11, 42, 18, 5
2020/1/12, 63, 20, 6
2020/1/13, 79, 19, 6
2020/1/14, 79, 20, 6
2020/1/15, 74, 29, 10
2020/1/16, 104, 21, 10
2020/1/17, 148, 22, 8
2020/1/18, 96, 16, 6
2020/1/19, 79, 24, 6
2020/1/20, 75, 25, 7
2020/1/21, 92, 17, 5
2020/1/22, 72, 23, 6
2020/1/23, 81, 26, 9
2020/1/24, 134, 22, 10
2020/1/25, 135, 16, 11
2020/1/26, 160, 21, 9
2020/1/27, 118, 18, 6
2020/1/28, 59, 14, 4
2020/1/29, 35, 21, 5
2020/1/30, 47, 18, 5
2020/1/31, 41, 14, 5
2020/2/1, 32, 11, 5
2020/2/2, 35, 17, 5
2020/2/3, 37, 18, 4
2020/2/4, 36, 16, 3
2020/2/5, 42, 15, 3
2020/2/6, 54, 22, 4
2020/2/7, 59, 21, 6
2020/2/8, 113, 15, 4
2020/2/9, 76, 12, 3
2020/2/10, 38, 8, 2
2020/2/11, 23, 9, 2
2020/2/12, 27, 19, 3
2020/2/13, 52, 20, 4
2020/2/14, 61, 15, 4
2020/2/15, 72, 8, 3
2020/2/16, 44, 22, 4
2020/2/17, 50, 16, 3
2020/2/18, 32, 15, 3
2020/2/19, 40, 16, 3
2020/2/20, 49, 15, 3
2020/2/21, 42, 14, 3
2020/2/22, 44, 9, 3
2020/2/23, 22, 14, 3
2020/2/24, 35, 20, 4
2020/2/25, 38, 18, 4
2020/2/26, 34, 19, 5
2020/2/27, 53, 20, 5
2020/2/28, 66, 13, 3
2020/2/29, 44, 14, 4
2020/3/1, 56, 24, 6
2020/3/2, 65, 15, 4
2020/3/3, 50, 23, 5
2020/3/4, 64, 22, 5
2020/3/5, 79, 17, 5
2020/3/6, 57, 11, 4
2020/3/7, 50, 16, 4
2020/3/8, 67, 19, 5
2020/3/9, 72, 18, 4
2020/3/10, 51, 16, 4
2020/3/11, 34, 14, 4
2020/3/12, 34, 14, 4
2020/3/13, 40, 15, 5
2020/3/14, 47, 11, 5
2020/3/15, 78, 19, 4
2020/3/16, 49, 28, 8
2020/3/17, 101, 22, 6
2020/3/18, 91, 27, 8
2020/3/19, 92, 17, 6
2020/3/20, 94, 10, 4
2020/3/21, 40, 8, 3
2020/3/22, 47, 15, 4
2020/3/23, 60, 18, 4
2020/3/24, 79, 15, 4
2020/3/25, 77, 19, 5
2020/3/26, 91, 22, 5
2020/3/27, 115, 23, 5
2020/3/28, 119, 6, 3
2020/3/29, 84, 13, 3
2020/3/30, 36, 17, 3
2020/3/31, 58, 19, 4
2019/10/1, 31, 17, 4
2019/10/2, 32, 18, 5
2019/10/3, 41, 19, 6
2019/10/4, 46, 17, 5
2019/10/5, 62, 17, 5
2019/10/6, 48, 27, 8
2019/10/7, 89, 19, 6
2019/10/8, 62, 19, 5
2019/10/9, 37, 19, 5
2019/10/10, 38, 20, 5
2019/10/11, 43, 18, 4
2019/10/12, 34, 16, 4
2019/10/13, 38, 30, 7
2019/10/14, 68, 30, 7
2019/10/15, 73, 22, 5
2019/10/16, 53, 25, 6
2019/10/17, 44, 22, 5
2019/10/18, 64, 20, 5
2019/10/19, 67, 18, 4
2019/10/20, 64, 30, 9
2019/10/21, 85, 28, 8
2019/10/22, 91, 18, 6
2019/10/23, 133, 28, 8
2019/10/24, 124, 29, 9
2019/10/25, 98, 24, 5
2019/10/26, 68, 14, 3
2019/10/27, 41, 20, 4
2019/10/28, 48, 20, 4
2019/10/29, 63, 26, 6
2019/10/30, 89, 21, 6
2019/10/31, 118, 13, 4
2019/11/1, 95, 10, 3
2019/11/2, 64, 15, 5
2019/11/3, 63, 19, 5
2019/11/4, 56, 24, 5
2019/11/5, 54, 23, 5
2019/11/6, 61, 23, 6
2019/11/7, 70, 22, 7
2019/11/8, 102, 16, 6
2019/11/9, 85, 18, 5
2019/11/10, 65, 16, 5
2019/11/11, 76, 19, 5
2019/11/12, 62, 24, 5
2019/11/13, 46, 21, 5
2019/11/14, 63, 20, 6
2019/11/15, 77, 20, 5
2019/11/16, 61, 17, 5
2019/11/17, 67, 26, 6
2019/11/18, 65, 28, 7
2019/11/19, 75, 27, 7
2019/11/20, 111, 20, 6
2019/11/21, 98, 21, 5
2019/11/22, 75, 17, 5
2019/11/23, 85, 18, 6
2019/11/24, 85, 20, 8
2019/11/25, 132, 20, 8
2019/11/26, 115, 20, 6
2019/11/27, 82, 20, 5
2019/11/28, 53, 12, 3
2019/11/29, 29, 16, 3
2019/11/30, 45, 20, 6
2019/12/1, 92, 19, 5
2019/12/2, 89, 23, 5
2019/12/3, 63, 25, 6
2019/12/4, 81, 25, 6
2019/12/5, 94, 25, 7
2019/12/6, 107, 13, 4
2019/12/7, 44, 12, 3
2019/12/8, 31, 23, 5
2019/12/9, 53, 21, 5
2019/12/10, 63, 24, 6
2019/12/11, 109, 25, 7
2019/12/12, 97, 18, 6
2019/12/13, 87, 15, 4
2019/12/14, 43, 18, 5
2019/12/15, 39, 27, 8
2019/12/16, 79, 29, 11
2019/12/17, 115, 30, 10
2019/12/18, 95, 22, 10
2019/12/19, 142, 21, 5
2019/12/20, 64, 24, 6
2019/12/21, 83, 21, 7
2019/12/22, 104, 18, 6
2019/12/23, 74, 15, 4
2019/12/24, 59, 9, 3
2019/12/25, 47, 8, 3
2019/12/26, 35, 12, 3
2019/12/27, 42, 10, 3
2019/12/28, 38, 14, 3
2019/12/29, 54, , 
2019/7/1, 54, 13, 3
2019/7/2, 38, 13, 2
2019/7/3, 28, 19, 3
2019/7/4, 38, 19, 3
2019/7/5, 39, 15, 3
2019/7/6, 43, 7, 2
2019/7/7, 36, 14, 3
2019/7/8, 30, 12, 3
2019/7/9, 26, 13, 3
2019/7/10, 30, 19, 4
2019/7/11, 39, 22, 5
2019/7/12, 51, 16, 4
2019/7/13, 53, 11, 3
2019/7/14, 40, 15, 4
2019/7/15, 50, 15, 3
2019/7/16, 42, 16, 4
2019/7/17, 39, 26, 5
2019/7/18, 45, 26, 5
2019/7/19, 57, 19, 4
2019/7/20, 50, 12, 4
2019/7/21, 30, 19, 4
2019/7/22, 50, 16, 4
2019/7/23, 41, 21, 5
2019/7/24, 37, 29, 6
2019/7/25, 53, 20, 4
2019/7/26, 39, 15, 4
2019/7/27, 39, 15, 5
2019/7/28, 46, 22, 5
2019/7/29, 54, 18, 5
2019/7/30, 56, 16, 5
2019/7/31, 55, 19, 4
2019/8/1, 40, 20, 4
2019/8/2, 36, 19, 4
2019/8/3, 41, 14, 3
2019/8/4, 35, 19, 4
2019/8/5, 37, 24, 5
2019/8/6, 41, 19, 4
2019/8/7, 30, 17, 4
2019/8/8, 32, 25, 5
2019/8/9, 39, 17, 4
2019/8/10, 31, 16, 4
2019/8/11, 30, 19, 5
2019/8/12, 43, 18, 4
2019/8/13, 31, 25, 4
2019/8/14, 43, 18, 4
2019/8/15, 28, 16, 4
2019/8/16, 36, 16, 4
2019/8/17, 27, 15, 4
2019/8/18, 22, 18, 5
2019/8/19, 28, 22, 5
2019/8/20, 40, 21, 5
2019/8/21, 42, 26, 6
2019/8/22, 55, 26, 5
2019/8/23, 53, 20, 5
2019/8/24, 52, 19, 5
2019/8/25, 52, 28, 6
2019/8/26, 63, 27, 6
2019/8/27, 60, 25, 6
2019/8/28, 65, 30, 6
2019/8/29, 66, 29, 6
2019/8/30, 62, 23, 5
2019/8/31, 58, 14, 5
2019/9/1, 56, 15, 4
2019/9/2, 35, 23, 4
2019/9/3, 38, 24, 4
2019/9/4, 41, 21, 4
2019/9/5, 41, 20, 4
2019/9/6, 31, 18, 5
2019/9/7, 45, 13, 4
2019/9/8, 38, 17, 5
2019/9/9, 45, 22, 5
2019/9/10, 37, 23, 6
2019/9/11, 47, 23, 5
2019/9/12, 49, 17, 4
2019/9/13, 40, 19, 5
2019/9/14, 44, 16, 4
2019/9/15, 44, 15, 4
2019/9/16, 38, 12, 4
2019/9/17, 33, 14, 4
2019/9/18, 28, 18, 5
2019/9/19, 34, 21, 5
2019/9/20, 40, 22, 6
2019/9/21, 50, 21, 6
2019/9/22, 51, 27, 6
2019/9/23, 62, 20, 6
2019/9/24, 112, 19, 7
2019/9/25, 105, 23, 8
2019/9/26, 51, 17, 6
2019/9/27, 46, 17, 5
2019/9/28, 32, 13, 4
2019/9/29, 23, 11, 4
2019/9/30, 21, 18, 4
2019/4/1, 42, 21, 3
2019/4/2, 72, 21, 4
2019/4/3, 90, 18, 3
2019/4/4, 70, 23, 4
2019/4/5, 87, 21, 4
2019/4/6, 90, 26, 6
2019/4/7, 99, 37, 7
2019/4/8, 123, 18, 4
2019/4/9, 86, 20, 3
2019/4/10, 59, 17, 3
2019/4/11, 61, 20, 3
2019/4/12, 70, 18, 3
2019/4/13, 76, 15, 3
2019/4/14, 71, 23, 3
2019/4/15, 60, 24, 4
2019/4/16, 69, 29, 4
2019/4/17, 66, 32, 5
2019/4/18, 75, 36, 5
2019/4/19, 82, 21, 4
2019/4/20, 68, 16, 3
2019/4/21, 62, 9, 3
2019/4/22, 54, 16, 3
2019/4/23, 58, 16, 4
2019/4/24, 66, 27, 4
2019/4/25, 72, 25, 4
2019/4/26, 60, 16, 3
2019/4/27, 51, 12, 2
2019/4/28, 38, 17, 4
2019/4/29, 51, 21, 3
2019/4/30, 70, 10, 2
2019/5/1, 74, 13, 3
2019/5/2, 59, 11, 2
2019/5/3, 45, 13, 2
2019/5/4, 44, 11, 2
2019/5/5, 40, 20, 3
2019/5/6, 50, 21, 3
2019/5/7, 58, 23, 4
2019/5/8, 70, 25, 4
2019/5/9, 60, 23, 5
2019/5/10, 56, 23, 4
2019/5/11, 53, 14, 3
2019/5/12, 45, 20, 3
2019/5/13, 35, 17, 3
2019/5/14, 45, 17, 3
2019/5/15, 51, 22, 4
2019/5/16, 51, 25, 6
2019/5/17, 74, 23, 5
2019/5/18, 56, 18, 4
2019/5/19, 51, 22, 5
2019/5/20, 56, 25, 5
2019/5/21, 45, 14, 3
2019/5/22, 34, 17, 3
2019/5/23, 36, 23, 5
2019/5/24, 50, 21, 4
2019/5/25, 62, 18, 4
2019/5/26, 42, 23, 4
2019/5/27, 46, 16, 4
2019/5/28, 35, 18, 3
2019/5/29, 41, 22, 4
2019/5/30, 44, 21, 4
2019/5/31, 52, 21, 5
2019/6/1, 56, 18, 4
2019/6/2, 46, 27, 5
2019/6/3, 58, 26, 4
2019/6/4, 60, 25, 4
2019/6/5, 62, 20, 4
2019/6/6, 49, 21, 4
2019/6/7, 60, 18, 4
2019/6/8, 45, 20, 3
2019/6/9, 42, 24, 5
2019/6/10, 60, 22, 5
2019/6/11, 53, 20, 4
2019/6/12, 53, 18, 4
2019/6/13, 44, 23, 4
2019/6/14, 61, 15, 4
2019/6/15, 60, 11, 3
2019/6/16, 42, 20, 3
2019/6/17, 40, 25, 4
2019/6/18, 47, 24, 4
2019/6/19, 55, 13, 3
2019/6/20, 40, 18, 4
2019/6/21, 43, 17, 3
2019/6/22, 39, 15, 3
2019/6/23, 32, 26, 4
2019/6/24, 43, 22, 4
2019/6/25, 53, 20, 4
2019/6/26, 57, 15, 3
2019/6/27, 40, 16, 3
2019/6/28, 37, 18, 3
2019/6/29, 41, 16, 3
2019/6/30, 33, 24, 4
2019/1/1, 49, 11, 3
2019/1/2, 34, 15, 3
2019/1/3, 40, 19, 4
2019/1/4, 51, 13, 4
2019/1/5, 38, 12, 3
2019/1/6, 43, 19, 6
2019/1/7, 90, 19, 5
2019/1/8, 47, 19, 5
2019/1/9, 51, 19, 6
2019/1/10, 98, 21, 5
2019/1/11, 59, 15, 4
2019/1/12, 45, 10, 4
2019/1/13, 29, 11, 3
2019/1/14, 32, 12, 4
2019/1/15, 37, 17, 5
2019/1/16, 49, 23, 5
2019/1/17, 59, 19, 5
2019/1/18, 44, 24, 7
2019/1/19, 87, 23, 10
2019/1/20, 165, 23, 9
2019/1/21, 161, 22, 9
2019/1/22, 171, 21, 7
2019/1/23, 128, 19, 5
2019/1/24, 92, 21, 6
2019/1/25, 122, 22, 8
2019/1/26, 110, 16, 6
2019/1/27, 76, 28, 10
2019/1/28, 112, 23, 8
2019/1/29, 80, 23, 8
2019/1/30, 135, 24, 9
2019/1/31, 151, 23, 6
2019/2/1, 120, 21, 6
2019/2/2, 99, 13, 6
2019/2/3, 81, 19, 5
2019/2/4, 72, 24, 6
2019/2/5, 106, 21, 5
2019/2/6, 89, 26, 6
2019/2/7, 122, 26, 6
2019/2/8, 87, 17, 4
2019/2/9, 61, 13, 4
2019/2/10, 62, 13, 3
2019/2/11, 38, 16, 3
2019/2/12, 41, 14, 4
2019/2/13, 62, 20, 5
2019/2/14, 75, 26, 7
2019/2/15, 97, 34, 12
2019/2/16, 123, 31, 14
2019/2/17, 135, 32, 11
2019/2/18, 148, 32, 9
2019/2/19, 107, 17, 4
2019/2/20, 61, 18, 5
2019/2/21, 72, 17, 4
2019/2/22, 56, 20, 4
2019/2/23, 76, 20, 5
2019/2/24, 96, 23, 5
2019/2/25, 75, 16, 5
2019/2/26, 102, 23, 6
2019/2/27, 108, 23, 5
2019/2/28, 90, 21, 5
2019/3/1, 128, 19, 5
2019/3/2, 105, 13, 3
2019/3/3, 62, 18, 3
2019/3/4, 42, 13, 3
2019/3/5, 35, 19, 4
2019/3/6, 59, 21, 4
2019/3/7, 55, 14, 3
2019/3/8, 37, 13, 3
2019/3/9, 39, 10, 2
2019/3/10, 32, 13, 2
2019/3/11, 37, 17, 3
2019/3/12, 51, 16, 3
2019/3/13, 40, 16, 3
2019/3/14, 38, 13, 3
2019/3/15, 33, 11, 3
2019/3/16, 34, 13, 3
2019/3/17, 33, 16, 3
2019/3/18, 37, 21, 4
2019/3/19, 57, 28, 6
2019/3/20, 83, 28, 8
2019/3/21, 94, 25, 8
2019/3/22, 126, 18, 5
2019/3/23, 96, 11, 3
2019/3/24, 63, 15, 3
2019/3/25, 54, 13, 3
2019/3/26, 47, 16, 4
2019/3/27, 52, 23, 5
2019/3/28, 67, 28, 8
2019/3/29, 91, 27, 7
2019/3/30, 117, 19, 4
2019/3/31, 79, 18, 2
2018/10/1, 53, 16, 3
2018/10/2, 39, 14, 3
2018/10/3, 36, 23, 5
2018/10/4, 50, 24, 5
2018/10/5, 67, 26, 6
2018/10/6, 77, 17, 5
2018/10/7, 68, 21, 5
2018/10/8, 55, 30, 8
2018/10/9, 103, 30, 7
2018/10/10, 118, 26, 6
2018/10/11, 100, 29, 7
2018/10/12, 109, 26, 
2018/10/13, 103, 19, 
2018/10/14, 84, 30, 3
2018/10/15, 72, 32, 4
2018/10/16, 89, 32, 5
2018/10/17, 102, 40, 9
2018/10/18, 142, 22, 5
2018/10/19, 136, 16, 3
2018/10/20, 64, 20, 4
2018/10/21, 80, 20, 4
2018/10/22, 82, 14, 1
2018/10/23, 35, 14, 1
2018/10/24, 29, 15, 1
2018/10/25, 35, 23, 4
2018/10/26, 58, 23, 4
2018/10/27, 69, 16, 3
2018/10/28, 48, 15, 5
2018/10/29, 63, 18, 4
2018/10/30, 50, 27, 5
2018/10/31, 50, 16, 3
2018/11/1, 60, 32, 6
2018/11/2, 70, 18, 5
2018/11/3, 83, 12, 4
2018/11/4, 89, 21, 5
2018/11/5, 92, 24, 4
2018/11/6, 76, 24, 4
2018/11/7, 83, 28, 7
2018/11/8, 106, 22, 9
2018/11/9, 137, 22, 7
2018/11/10, 126, 18, 6
2018/11/11, 116, 19, 6
2018/11/12, 90, 24, 6
2018/11/13, 79, 21, 4
2018/11/14, 54, 26, 7
2018/11/15, 109, 17, 5
2018/11/16, 71, 18, 5
2018/11/17, 100, 20, 8
2018/11/18, 151, 16, 5
2018/11/19, 92, 17, 4
2018/11/20, 84, 17, 5
2018/11/21, 94, 17, 5
2018/11/22, 95, 18, 8
2018/11/23, 147, 18, 8
2018/11/24, 118, 21, 10
2018/11/25, 112, 17, 6
2018/11/26, 104, 20, 5
2018/11/27, 88, 23, 6
2018/11/28, 103, 20, 6
2018/11/29, 130, 20, 5
2018/11/30, 75, 17, 8
2018/12/1, 123, 13, 6
2018/12/2, 83, 21, 8
2018/12/3, 68, 21, 5
2018/12/4, 54, 28, 9
2018/12/5, 87, 23, 6
2018/12/6, 101, 21, 6
2018/12/7, 57, 17, 4
2018/12/8, 39, 10, 3
2018/12/9, 24, 14, 3
2018/12/10, 37, 15, 4
2018/12/11, 39, 20, 6
2018/12/12, 86, 17, 6
2018/12/13, 108, 18, 5
2018/12/14, 87, 17, 6
2018/12/15, 92, 15, 6
2018/12/16, 92, 21, 9
2018/12/17, 131, 21, 10
2018/12/18, 138, 23, 8
2018/12/19, 126, 23, 6
2018/12/20, 97, 20, 6
2018/12/21, 64, 12, 4
2018/12/22, 37, 15, 5
2018/12/23, 47, 10, 4
2018/12/24, 38, 7, 3
2018/12/25, 35, 8, 4
2018/12/26, 46, 13, 4
2018/12/27, 43, 16, 5
2018/12/28, 53, 15, 5
2018/12/29, 53, 10, 4
2018/12/30, 33, , 
2018/7/1, 22, 18, 4
2018/7/2, 29, 20, 5
2018/7/3, 34, 29, 5
2018/7/4, 46, 30, 5
2018/7/5, 55, 12, 4
2018/7/6, 45, 11, 4
2018/7/7, 37, 12, 4
2018/7/8, 42, 16, 4
2018/7/9, 45, 21, 6
2018/7/10, 48, 18, 5
2018/7/11, 53, 17, 5
2018/7/12, 45, 15, 5
2018/7/13, 44, 14, 5
2018/7/14, 46, 12, 4
2018/7/15, 34, 16, 5
2018/7/16, 43, 13, 5
2018/7/17, 49, 10, 5
2018/7/18, 37, 12, 5
2018/7/19, 39, 21, 6
2018/7/20, 53, 24, 6
2018/7/21, 63, 14, 5
2018/7/22, 52, 21, 5
2018/7/23, 59, 20, 6
2018/7/24, 48, 18, 5
2018/7/25, 45, 23, 6
2018/7/26, 53, 24, 7
2018/7/27, 55, 18, 7
2018/7/28, 52, 14, 5
2018/7/29, 44, 24, 6
2018/7/30, 49, 28, 7
2018/7/31, 61, 26, 7
2018/8/1, 61, 25, 7
2018/8/2, 66, 27, 7
2018/8/3, 64, 21, 6
2018/8/4, 59, 9, 5
2018/8/5, 36, 18, 5
2018/8/6, 32, 23, 6
2018/8/7, 42, 23, 6
2018/8/8, 59, 29, 7
2018/8/9, 64, 18, 6
2018/8/10, 38, 15, 5
2018/8/11, 30, 13, 4
2018/8/12, 31, 22, 6
2018/8/13, 40, 17, 6
2018/8/14, 34, 10, 5
2018/8/15, 29, 22, 6
2018/8/16, 37, 28, 7
2018/8/17, 56, 23, 8
2018/8/18, 54, 22, 7
2018/8/19, 54, 18, 6
2018/8/20, 53, 18, 6
2018/8/21, 38, 22, 6
2018/8/22, 48, 32, 7
2018/8/23, 62, 24, 7
2018/8/24, 56, 13, 6
2018/8/25, 52, 13, 5
2018/8/26, 31, 18, 5
2018/8/27, 38, 21, 6
2018/8/28, 47, 26, 7
2018/8/29, 59, 18, 6
2018/8/30, 67, 16, 6
2018/8/31, 43, 16, 6
2018/9/1, 48, 13, 6
2018/9/2, 59, 23, 7
2018/9/3, 65, 26, 5
2018/9/4, 57, 28, 5
2018/9/5, 56, 30, 5
2018/9/6, 61, 26, 4
2018/9/7, 74, 22, 4
2018/9/8, 52, 25, 4
2018/9/9, 54, 35, 6
2018/9/10, 58, 34, 5
2018/9/11, 58, 39, 6
2018/9/12, 54, 19, 4
2018/9/13, 43, 18, 5
2018/9/14, 49, 19, 4
2018/9/15, 51, 19, 4
2018/9/16, 43, 32, 6
2018/9/17, 57, 23, 5
2018/9/18, 61, 38, 6
2018/9/19, 64, 35, 6
2018/9/20, 69, 22, 4
2018/9/21, 60, 14, 3
2018/9/22, 29, 13, 3
2018/9/23, 29, 14, 3
2018/9/24, 27, 20, 3
2018/9/25, 37, 25, 4
2018/9/26, 43, 19, 4
2018/9/27, 41, 21, 5
2018/9/28, 52, 21, 5
2018/9/29, 60, 18, 5
2018/9/30, 59, 22, 4
2018/4/1, 59, 12, 4
2018/4/2, 82, 27, 6
2018/4/3, 83, 23, 5
2018/4/4, 65, 21, 4
2018/4/5, 55, 21, 5
2018/4/6, 58, 19, 4
2018/4/7, 82, 16, 4
2018/4/8, 74, 33, 7
2018/4/9, 90, 20, 4
2018/4/10, 61, 23, 5
2018/4/11, 63, 23, 4
2018/4/12, 66, 19, 4
2018/4/13, 67, 21, 5
2018/4/14, 55, 16, 4
2018/4/15, 75, 19, 5
2018/4/16, 82, 19, 5
2018/4/17, 97, 28, 5
2018/4/18, 89, 28, 6
2018/4/19, 80, 25, 5
2018/4/20, 56, 21, 4
2018/4/21, 65, 22, 4
2018/4/22, 51, 22, 5
2018/4/23, 62, 18, 4
2018/4/24, 63, 18, 4
2018/4/25, 52, 18, 4
2018/4/26, 52, 24, 4
2018/4/27, 49, 23, 5
2018/4/28, 55, 21, 5
2018/4/29, 75, 19, 4
2018/4/30, 63, 17, 4
2018/5/1, 49, 18, 4
2018/5/2, 51, 8, 4
2018/5/3, 76, 14, 3
2018/5/4, 49, 14, 3
2018/5/5, 34, 15, 3
2018/5/6, 42, 23, 4
2018/5/7, 46, 26, 5
2018/5/8, 55, 27, 6
2018/5/9, 65, 21, 5
2018/5/10, 65, 20, 5
2018/5/11, 77, 19, 5
2018/5/12, 76, 16, 4
2018/5/13, 48, 21, 4
2018/5/14, 53, 22, 4
2018/5/15, 57, 15, 5
2018/5/16, 87, 18, 5
2018/5/17, 59, 13, 4
2018/5/18, 65, 17, 4
2018/5/19, 50, 13, 4
2018/5/20, 46, 22, 4
2018/5/21, 48, 23, 5
2018/5/22, 63, 23, 5
2018/5/23, 69, 23, 4
2018/5/24, 51, 24, 5
2018/5/25, 70, 28, 5
2018/5/26, 62, 18, 5
2018/5/27, 67, 23, 5
2018/5/28, 63, 25, 5
2018/5/29, 63, 25, 5
2018/5/30, 65, 16, 5
2018/5/31, 64, 18, 5
2018/6/1, 63, 13, 5
2018/6/2, 51, 11, 5
2018/6/3, 66, 20, 5
2018/6/4, 66, 18, 5
2018/6/5, 63, 16, 4
2018/6/6, 33, 22, 4
2018/6/7, 42, 30, 6
2018/6/8, 62, 24, 6
2018/6/9, 68, 13, 5
2018/6/10, 54, 16, 5
2018/6/11, 58, 20, 5
2018/6/12, 57, 15, 4
2018/6/13, 46, 16, 4
2018/6/14, 36, 23, 5
2018/6/15, 50, 22, 5
2018/6/16, 48, 16, 4
2018/6/17, 51, 17, 4
2018/6/18, 48, 18, 5
2018/6/19, 41, 19, 5
2018/6/20, 49, 17, 4
2018/6/21, 41, 11, 3
2018/6/22, 24, 8, 3
2018/6/23, 24, 5, 3
2018/6/24, 17, 13, 4
2018/6/25, 34, 16, 5
2018/6/26, 43, 18, 5
2018/6/27, 44, 20, 6
2018/6/28, 52, 18, 5
2018/6/29, 41, 9, 3
2018/6/30, 24, 11, 4
2018/1/1, 54, 19, 6
2018/1/2, 52, 19, 5
2018/1/3, 42, 21, 4
2018/1/4, 41, 24, 5
2018/1/5, 51, 27, 8
2018/1/6, 85, 14, 4
2018/1/7, 66, 18, 4
2018/1/8, 71, 22, 5
2018/1/9, 86, 22, 9
2018/1/10, 125, 18, 8
2018/1/11, 117, 14, 5
2018/1/12, 96, 12, 3
2018/1/13, 60, 11, 3
2018/1/14, 67, 15, 5
2018/1/15, 106, 15, 4
2018/1/16, 59, 22, 4
2018/1/17, 49, 16, 3
2018/1/18, 37, 23, 5
2018/1/19, 54, 26, 7
2018/1/20, 94, 18, 6
2018/1/21, 135, 21, 5
2018/1/22, 113, 21, 8
2018/1/23, 151, 22, 6
2018/1/24, 75, 20, 6
2018/1/25, 90, 28, 9
2018/1/26, 127, 21, 7
2018/1/27, 111, 9, 4
2018/1/28, 46, 12, 3
2018/1/29, 26, 14, 3
2018/1/30, 35, 20, 5
2018/1/31, 57, 25, 6
2018/2/1, 63, 29, 7
2018/2/2, 84, 20, 6
2018/2/3, 72, 13, 5
2018/2/4, 70, 26, 6
2018/2/5, 86, 27, 7
2018/2/6, 142, 29, 9
2018/2/7, 166, 28, 8
2018/2/8, 162, 33, 13
2018/2/9, 191, 24, 8
2018/2/10, 170, 16, 5
2018/2/11, 122, 29, 8
2018/2/12, 103, 29, 7
2018/2/13, 101, 25, 7
2018/2/14, 155, 21, 6
2018/2/15, 132, 24, 5
2018/2/16, 91, 24, 6
2018/2/17, 90, 16, 5
2018/2/18, 83, 23, 6
2018/2/19, 118, 26, 6
2018/2/20, 123, 25, 6
2018/2/21, 122, 21, 5
2018/2/22, 90, 23, 5
2018/2/23, 126, 17, 5
2018/2/24, 96, 13, 4
2018/2/25, 73, 19, 5
2018/2/26, 102, 20, 5
2018/2/27, 106, 21, 5
2018/2/28, 94, 20, 6
2018/3/1, 130, 22, 7
2018/3/2, 143, 22, 7
2018/3/3, 144, 24, 11
2018/3/4, 174, 30, 10
2018/3/5, 153, 32, 11
2018/3/6, 162, 30, 11
2018/3/7, 137, 32, 9
2018/3/8, 102, 27, 6
2018/3/9, 64, 26, 9
2018/3/10, 114, 24, 8
2018/3/11, 102, 21, 7
2018/3/12, 80, 28, 7
2018/3/13, 63, 21, 6
2018/3/14, 58, 18, 7
2018/3/15, 95, 19, 6
2018/3/16, 90, 11, 4
2018/3/17, 58, 9, 4
2018/3/18, 55, 25, 6
2018/3/19, 85, 31, 8
2018/3/20, 120, 21, 6
2018/3/21, 58, 25, 6
2018/3/22, 77, 26, 7
2018/3/23, 86, 27, 8
2018/3/24, 127, 18, 6
2018/3/25, 96, 29, 8
2018/3/26, 115, 21, 6
2018/3/27, 72, 24, 8
2018/3/28, 127, 23, 6
2018/3/29, 81, 24, 5
2018/3/30, 71, 12, 5
2018/3/31, 102, 4, 3
2017/10/1, 80, 19, 4
2017/10/2, 71, 23, 5
2017/10/3, 58, 23, 4
2017/10/4, 46, 17, 3
2017/10/5, 38, 17, 3
2017/10/6, 37, 15, 3
2017/10/7, 36, 14, 3
2017/10/8, 31, 17, 3
2017/10/9, 35, 22, 5
2017/10/10, 56, 24, 6
2017/10/11, 52, 20, 4
2017/10/12, 48, 22, 5
2017/10/13, 53, 21, 5
2017/10/14, 64, 24, 7
2017/10/15, 64, 32, 8
2017/10/16, 76, 35, 10
2017/10/17, 100, 35, 10
2017/10/18, 126, 24, 6
2017/10/19, 143, 21, 7
2017/10/20, 130, 22, 7
2017/10/21, 93, 18, 6
2017/10/22, 73, 20, 5
2017/10/23, 53, 16, 4
2017/10/24, 69, 16, 5
2017/10/25, 69, 19, 4
2017/10/26, 56, 17, 3
2017/10/27, 37, 10, 2
2017/10/28, 26, 8, 2
2017/10/29, 22, 16, 3
2017/10/30, 33, 20, 4
2017/10/31, 51, 16, 4
2017/11/1, 50, 23, 6
2017/11/2, 69, 23, 4
2017/11/3, 64, 18, 5
2017/11/4, 76, 20, 5
2017/11/5, 78, 24, 5
2017/11/6, 64, 19, 5
2017/11/7, 82, 20, 5
2017/11/8, 91, 20, 6
2017/11/9, 133, 22, 6
2017/11/10, 75, 13, 3
2017/11/11, 36, 15, 3
2017/11/12, 40, 20, 4
2017/11/13, 61, 20, 5
2017/11/14, 66, 22, 6
2017/11/15, 80, 22, 7
2017/11/16, 116, 24, 7
2017/11/17, 113, 22, 5
2017/11/18, 76, 11, 3
2017/11/19, 33, 19, 4
2017/11/20, 42, 20, 7
2017/11/21, 77, 23, 9
2017/11/22, 93, 23, 7
2017/11/23, 99, 25, 8
2017/11/24, 88, 18, 6
2017/11/25, 66, 17, 5
2017/11/26, 54, 22, 5
2017/11/27, 59, 21, 5
2017/11/28, 58, 21, 7
2017/11/29, 99, 20, 8
2017/11/30, 139, 22, 6
2017/12/1, 94, 18, 6
2017/12/2, 92, 18, 6
2017/12/3, 94, 20, 4
2017/12/4, 57, 17, 3
2017/12/5, 42, 12, 3
2017/12/6, 46, 22, 5
2017/12/7, 57, 24, 5
2017/12/8, 54, 18, 4
2017/12/9, 48, 13, 3
2017/12/10, 40, 22, 6
2017/12/11, 53, 19, 4
2017/12/12, 40, 23, 5
2017/12/13, 63, 19, 4
2017/12/14, 38, 24, 6
2017/12/15, 64, 27, 9
2017/12/16, 114, 17, 5
2017/12/17, 64, 21, 5
2017/12/18, 78, 24, 7
2017/12/19, 109, 22, 7
2017/12/20, 104, 21, 7
2017/12/21, 86, 18, 4
2017/12/22, 49, 9, 3
2017/12/23, 38, 5, 3
2017/12/24, 24, 12, 5
2017/12/25, 53, 13, 5
2017/12/26, 63, 23, 8
2017/12/27, 92, 22, 6
2017/12/28, 60, 18, 5
2017/12/29, 57, 14, 5
2017/12/30, 59, 7, 4
2017/12/31, 30, 18, 5
2017/7/1, 18, 8, 1
2017/7/2, 22, 17, 2
2017/7/3, 21, 20, 3
2017/7/4, 35, 26, 4
2017/7/5, 47, 26, 4
2017/7/6, 42, 24, 4
2017/7/7, 44, 20, 4
2017/7/8, 48, 18, 4
2017/7/9, 39, 24, 5
2017/7/10, 39, 22, 4
2017/7/11, 40, 22, 4
2017/7/12, 28, 14, 2
2017/7/13, 29, 23, 3
2017/7/14, 40, 19, 3
2017/7/15, 39, 15, 2
2017/7/16, 34, 21, 4
2017/7/17, 36, 23, 3
2017/7/18, 32, 30, 4
2017/7/19, 55, 33, 5
2017/7/20, 67, 27, 5
2017/7/21, 44, 25, 4
2017/7/22, 54, 14, 3
2017/7/23, 31, 22, 4
2017/7/24, 32, 19, 4
2017/7/25, 22, 22, 4
2017/7/26, 30, 17, 4
2017/7/27, 31, 22, 5
2017/7/28, 36, 22, 4
2017/7/29, 33, 20, 4
2017/7/30, 32, 32, 5
2017/7/31, 38, 30, 5
2017/8/1, 53, 25, 4
2017/8/2, 34, 25, 5
2017/8/3, 45, 27, 5
2017/8/4, 39, 21, 4
2017/8/5, 37, 12, 3
2017/8/6, 28, 25, 4
2017/8/7, 35, 27, 4
2017/8/8, 40, 27, 5
2017/8/9, 39, 24, 5
2017/8/10, 53, 20, 5
2017/8/11, 27, 14, 3
2017/8/12, 20, 12, 3
2017/8/13, 18, 19, 4
2017/8/14, 29, 19, 3
2017/8/15, 28, 23, 5
2017/8/16, 49, 26, 5
2017/8/17, 35, 26, 5
2017/8/18, 58, 16, 4
2017/8/22, 29, 21, 4
2017/8/23, 39, 27, 4
2017/8/24, 57, 32, 7
2017/8/25, 80, 30, 6
2017/8/26, 77, 14, 4
2017/8/27, 56, 24, 5
2017/8/28, 50, 28, 5
2017/8/29, 53, 29, 5
2017/8/30, 53, 26, 5
2017/8/31, 50, 18, 4
2017/9/1, 32, 16, 4
2017/9/2, 30, 11, 3
2017/9/3, 34, 20, 4
2017/9/4, 44, 20, 4
2017/9/5, 46, , 
2017/9/10, 27, 22, 6
2017/9/11, 46, 23, 6
2017/9/12, 51, 16, 4
2017/9/13, 31, 20, 4
2017/9/14, 32, 21, 4
2017/9/15, 40, 22, 6
2017/9/16, 60, 17, 5
2017/9/17, 69, 25, 5
2017/9/18, 52, 31, 8
2017/9/19, 76, 25, 5
2017/9/20, 73, 18, 4
2017/9/21, 53, 23, 6
2017/9/22, 59, 17, 5
2017/9/23, 53, 16, 6
2017/9/24, 58, 24, 6
2017/9/25, 64, 21, 8
2017/9/26, 85, 24, 7
2017/9/27, 86, 27, 6
2017/9/28, 80, 27, 7
2017/9/29, 94, 22, 7
2017/9/30, 90, 20, 6
2017/4/1, 60, 18, 4
2017/4/2, 59, 32, 6
2017/4/3, 71, 21, 5
2017/4/4, 98, 17, 4
2017/4/5, 101, 19, 3
2017/4/6, 33, 20, 4
2017/4/7, 32, 18, 4
2017/4/8, 48, 19, 5
2017/4/9, 73, 24, 4
2017/4/10, 58, 16, 3
2017/4/11, 29, 23, 4
2017/4/12, 45, 17, 3
2017/4/13, 35, 20, 3
2017/4/14, 36, 16, 4
2017/4/15, 44, 8, 3
2017/4/16, 43, 15, 3
2017/4/18, 63, 18, 3
2017/4/19, 54, 23, 4
2017/4/20, 65, 21, 4
2017/4/21, 70, 12, 3
2017/4/22, 40, 10, 3
2017/4/23, 28, 22, 4
2017/4/24, 48, 24, 4
2017/4/25, 56, 26, 4
2017/4/26, 56, 26, 5
2017/4/27, 74, 23, 4
2017/4/28, 65, 19, 4
2017/4/29, 74, 14, 4
2017/4/30, 65, 8, 3
2017/5/1, 49, 16, 5
2017/5/2, 75, 13, 5
2017/5/3, 85, 21, 5
2017/5/4, 68, 29, 6
2017/5/5, 92, 19, 4
2017/5/6, 81, 12, 3
2017/5/7, 60, 20, 3
2017/5/8, 35, 19, 3
2017/5/9, 40, 25, 3
2017/5/10, 57, 28, 3
2017/5/11, 56, 26, 4
2017/5/12, 79, 22, 3
2017/5/13, 64, 14, 3
2017/5/14, 62, 21, 3
2017/5/15, 59, 24, 3
2017/5/16, 56, 29, 4
2017/5/17, 62, 27, 4
2017/5/18, 68, 27, 3
2017/5/19, 59, 14, 2
2017/5/20, 45, 11, 1
2017/5/21, 27, 24, 3
2017/5/22, 39, 33, 4
2017/5/23, 66, 19, 2
2017/5/24, 50, 21, 3
2017/5/25, 50, 23, 3
2017/5/26, 48, 23, 3
2017/5/27, 44, 17, 3
2017/5/28, 43, 29, 4
2017/5/29, 49, 28, 5
2017/5/30, 65, 18, 3
2017/5/31, 43, 22, 2
2017/6/1, 45, 25, 2
2017/6/2, 43, 24, 3
2017/6/3, 50, 14, 3
2017/6/4, 52, 22, 3
2017/6/5, 46, 26, 4
2017/6/6, 53, 20, 3
2017/6/7, 30, 22, 3
2017/6/8, 42, 27, 4
2017/6/12, 52, 16, 2
2017/6/13, 43, 19, 3
2017/6/14, 43, 17, 3
2017/6/15, 36, 14, 3
2017/6/16, 41, 11, 3
2017/6/17, 37, 15, 3
2017/6/18, 43, 26, 4
2017/6/19, 44, 24, 4
2017/6/20, 38, 22, 3
2017/6/21, 25, 29, 4
2017/6/22, 45, 21, 4
2017/6/23, 41, 20, 3
2017/6/24, 40, 14, 3
2017/6/25, 29, 19, 3
2017/6/26, 28, 29, 4
2017/6/27, 40, 29, 5
2017/6/28, 59, 19, 3
2017/6/29, 29, 20, 3
2017/6/30, 32, 15, 2
2017/1/2, 85, 16, 5
2017/1/3, 41, 12, 4
2017/1/4, 26, 18, 5
2017/1/5, 37, 11, 4
2017/1/6, 46, 19, 7
2017/1/7, 103, 20, 9
2017/1/8, 146, 25, 14
2017/1/9, 194, 26, 10
2017/1/10, 166, 21, 7
2017/1/11, 96, 20, 6
2017/1/12, 56, 19, 6
2017/1/13, 49, 20, 7
2017/1/14, 67, 17, 6
2017/1/15, 52, 25, 8
2017/1/16, 88, 25, 8
2017/1/17, 124, 24, 8
2017/1/18, 151, 21, 8
2017/1/19, 149, 30, 10
2017/1/20, 141, 26, 8
2017/1/21, 108, 23, 8
2017/1/22, 164, 33, 9
2017/1/23, 151, 23, 7
2017/1/24, 132, 25, 8
2017/1/25, 135, 24, 9
2017/1/26, 157, 32, 9
2017/1/27, 161, 27, 10
2017/1/28, 163, 27, 11
2017/1/29, 173, 31, 12
2017/1/30, 170, 25, 8
2017/1/31, 124, 30, 15
2017/2/1, 160, 29, 11
2017/2/2, 164, 27, 11
2017/2/3, 158, 28, 12
2017/2/4, 156, 17, 10
2017/2/5, 129, 24, 7
2017/2/6, 145, 22, 7
2017/2/7, 143, 22, 6
2017/2/8, 112, 21, 6
2017/2/9, 132, 25, 7
2017/2/10, 152, 19, 6
2017/2/11, 132, 19, 7
2017/2/12, 151, 23, 8
2017/2/13, 161, 32, 15
2017/2/14, 193, 48, 25
2017/2/15, 249, 47, 19
2017/2/16, 192, 32, 10
2017/2/17, 127, 20, 7
2017/2/18, 70, 24, 7
2017/2/19, 77, 25, 7
2017/2/20, 75, 17, 5
2017/2/21, 27, 19, 6
2017/2/22, 33, 21, 6
2017/2/23, 33, 16, 5
2017/2/24, 32, 18, 6
2017/2/25, 55, 19, 6
2017/2/26, 45, 25, 7
2017/2/27, 67, 25, 7
2017/2/28, 64, 22, 6
2017/3/1, 39, 16, 5
2017/3/2, 26, 24, 7
2017/3/3, 51, 24, 7
2017/3/4, 74, 20, 6
2017/3/5, 42, 28, 9
2017/3/6, 75, 25, 8
2017/3/7, 86, 21, 7
2017/3/8, 85, 24, 8
2017/3/9, 83, 24, 8
2017/3/10, 85, 20, 6
2017/3/11, 54, 18, 7
2017/3/12, 76, 30, 8
2017/3/13, 96, 28, 11
2017/3/14, 132, 21, 6
2017/3/15, 65, 23, 7
2017/3/16, 57, 23, 7
2017/3/17, 81, 15, 6
2017/3/18, 34, 12, 5
2017/3/19, 24, 20, 7
2017/3/20, 48, 26, 7
2017/3/21, 52, 24, 6
2017/3/22, 39, 22, 6
2017/3/23, 98, 32, 7
2017/3/24, 92, 21, 5
2017/3/25, 80, 23, 6
2017/3/26, 54, 32, 7
2017/3/27, 97, 37, 8
2017/3/28, 111, 25, 5
2017/3/29, 66, 21, 5
2017/3/30, 76, 26, 6
2017/3/31, 70, 24, 4
2016/10/1, 63, 20, 3
2016/10/2, 46, 21, 3
2016/10/3, 44, 14, 1
2016/10/4, 26, 15, 2
2016/10/5, 34, 15, 3
2016/10/6, 43, 23, 5
2016/10/7, 95, 14, 3
2016/10/8, 68, 12, 2
2016/10/9, 48, 22, 3
2016/10/10, 59, 17, 4
2016/10/11, 77, 14, 3
2016/10/12, 53, 18, 3
2016/10/13, 72, 20, 4
2016/10/14, 89, 19, 4
2016/10/15, 81, 11, 3
2016/10/16, 82, 18, 4
2016/10/17, 92, 14, 5
2016/10/18, 99, 19, 6
2016/10/19, 84, 18, 5
2016/10/20, 84, 19, 5
2016/10/21, 106, 20, 6
2016/10/22, 117, 18, 5
2016/10/23, 101, 22, 6
2016/10/24, 113, 22, 7
2016/10/25, 104, 24, 5
2016/10/26, 97, 23, 6
2016/10/27, 108, 19, 4
2016/10/28, 73, 14, 1
2016/10/29, 26, 11, 1
2016/10/30, 30, 18, 3
2016/10/31, 56, 16, 3
2016/11/1, 50, 14, 1
2016/11/2, 20, 19, 3
2016/11/3, 44, 22, 4
2016/11/4, 82, 18, 4
2016/11/5, 92, 19, 4
2016/11/6, 77, 20, 4
2016/11/7, 60, 24, 6
2016/11/8, 95, 26, 8
2016/11/9, 129, 23, 8
2016/11/10, 161, 16, 4
2016/11/11, 141, 18, 3
2016/11/12, 94, 19, 6
2016/11/13, 141, 21, 5
2016/11/14, 106, 23, 5
2016/11/15, 103, 19, 5
2016/11/16, 53, 17, 5
2016/11/17, 53, 21, 4
2016/11/18, 68, 27, 6
2016/11/19, 77, 18, 5
2016/11/20, 77, 25, 7
2016/11/21, 90, 26, 9
2016/11/22, 97, 31, 14
2016/11/23, 143, 21, 11
2016/11/24, 137, 21, 6
2016/11/25, 100, 19, 7
2016/11/26, 110, 13, 3
2016/11/27, 41, 19, 3
2016/11/28, 36, 19, 4
2016/11/29, 59, 21, 4
2016/11/30, 53, 15, 4
2016/12/1, 27, 17, 4
2016/12/2, 29, 19, 5
2016/12/3, 63, 22, 6
2016/12/4, 104, 28, 10
2016/12/5, 145, 23, 6
2016/12/6, 96, 24, 7
2016/12/7, 103, 28, 6
2016/12/8, 76, 20, 5
2016/12/9, 57, 17, 4
2016/12/10, 43, 13, 4
2016/12/11, 42, 25, 6
2016/12/12, 60, 27, 10
2016/12/13, 131, 23, 6
2016/12/14, 75, 24, 6
2016/12/15, 71, 22, 10
2016/12/16, 138, 25, 12
2016/12/17, 157, 20, 8
2016/12/18, 111, 18, 7
2016/12/19, 102, 20, 8
2016/12/20, 116, 31, 11
2016/12/21, 129, 23, 12
2016/12/22, 142, 22, 10
2016/12/23, 112, 16, 7
2016/12/24, 69, 8, 4
2016/12/25, 26, 6, 4
2016/12/26, 17, 10, 3
2016/12/27, 31, 22, 5
2016/12/28, 50, 31, 11
2016/12/29, 123, 31, 13
2016/12/30, 141, 31, 15
2016/12/31, 154, 28, 12
2017/1/1, 141, 19, 7
2016/7/1, 61, 15, 3
2016/7/2, 49, 10, 2
2016/7/3, 43, 21, 3
2016/7/4, 53, 25, 4
2016/7/5, 57, 13, 2
2016/7/6, 44, 17, 3
2016/7/7, 52, 24, 3
2016/7/8, 56, 12, 2
2016/7/9, 46, 16, 3
2016/7/10, 50, 29, 4
2016/7/11, 59, 25, 5
2016/7/12, 67, 23, 4
2016/7/13, 65, 15, 3
2016/7/14, 50, 14, 3
2016/7/15, 49, 13, 3
2016/7/16, 45, 11, 3
2016/7/17, 51, 18, 4
2016/7/18, 58, 18, 3
2016/7/19, 54, 21, 4
2016/7/20, 57, 29, 5
2016/7/21, 70, 30, 4
2016/7/22, 66, 19, 3
2016/7/23, 63, 17, 4
2016/7/24, 76, 27, 5
2016/7/25, 82, 26, 5
2016/7/26, 77, 23, 4
2016/7/27, 75, 24, 4
2016/7/28, 72, 27, 5
2016/7/29, 73, 19, 4
2016/7/30, 50, 18, 3
2016/7/31, 51, 17, 3
2016/8/1, 49, 23, 3
2016/8/2, 56, 21, 4
2016/8/3, 54, 25, 4
2016/8/4, 53, 19, 4
2016/8/5, 63, 8, 2
2016/8/6, 53, 15, 3
2016/8/7, 48, 29, 4
2016/8/8, 59, 19, 3
2016/8/9, 59, 18, 3
2016/8/10, 56, 20, 3
2016/8/11, 49, 23, 4
2016/8/12, 62, 16, 4
2016/8/16, 47, 22, 4
2016/8/17, 50, 24, 3
2016/8/18, 51, 37, 4
2016/8/19, 65, 24, 3
2016/8/20, 53, 16, 3
2016/8/21, 38, 22, 3
2016/8/22, 39, 27, 4
2016/8/23, 55, 26, 4
2016/8/24, 56, 26, 3
2016/8/25, 57, 25, 3
2016/8/26, 52, 28, 3
2016/8/27, 50, 22, 3
2016/8/28, 70, 25, 3
2016/8/29, 57, 21, 2
2016/8/30, 33, 29, 3
2016/8/31, 48, 30, 3
2016/9/1, 57, 30, 3
2016/9/2, 63, 28, 4
2016/9/3, 64, 18, 2
2016/9/4, 43, 17, 2
2016/9/5, 37, 20, 2
2016/9/6, 45, 29, 4
2016/9/7, 68, 27, 4
2016/9/8, 74, 39, 5
2016/9/9, 77, 28, 3
2016/9/10, 78, 32, 4
2016/9/11, 82, 41, 5
2016/9/12, 97, 39, 4
2016/9/13, 92, 30, 3
2016/9/14, 58, 31, 3
2016/9/15, 58, 33, 5
2016/9/16, 93, 22, 4
2016/9/17, 86, 12, 2
2016/9/18, 62, 19, 3
2016/9/19, 67, 24, 3
2016/9/20, 55, 25, 3
2016/9/21, 66, 29, 5
2016/9/22, 70, 32, 5
2016/9/23, 81, 28, 5
2016/9/24, 86, 21, 4
2016/9/25, 88, 25, 3
2016/9/26, 70, 31, 7
2016/9/27, 109, 25, 4
2016/9/28, 88, 27, 3
2016/9/29, 47, 30, 4
2016/9/30, 51, 26, 4
2016/4/1, 81, 21, 5
2016/4/2, 107, 21, 5
2016/4/3, 108, 37, 8
2016/4/4, 117, 40, 10
2016/4/5, 137, 25, 6
2016/4/6, 99, 25, 5
2016/4/7, 75, 29, 5
2016/4/8, 75, 25, 5
2016/4/9, 88, 19, 5
2016/4/10, 84, 26, 6
2016/4/11, 91, 34, 9
2016/4/12, 148, 31, 8
2016/4/13, 127, 26, 6
2016/4/14, 91, 26, 6
2016/4/15, 89, 27, 7
2016/4/16, 83, 19, 6
2016/4/17, 74, 24, 5
2016/4/18, 74, 22, 4
2016/4/19, 74, 18, 4
2016/4/20, 62, 28, 5
2016/4/21, 81, 26, 5
2016/4/22, 81, 22, 6
2016/4/23, 97, 12, 3
2016/4/24, 56, 22, 4
2016/4/25, 80, 22, 5
2016/4/26, 79, 27, 5
2016/4/27, 80, 26, 4
2016/4/28, 78, 28, 5
2016/4/29, 84, 20, 4
2016/4/30, 88, 14, 3
2016/5/1, 78, 20, 4
2016/5/2, 82, 16, 4
2016/5/3, 85, 21, 4
2016/5/4, 72, 28, 5
2016/5/5, 74, 38, 6
2016/5/6, 99, 26, 4
2016/5/7, 74, 17, 3
2016/5/8, 71, 24, 4
2016/5/9, 73, 28, 5
2016/5/10, 76, 30, 5
2016/5/11, 77, 29, 4
2016/5/12, 75, 24, 4
2016/5/13, 72, 13, 3
2016/5/14, 62, 9, 2
2016/5/15, 54, 15, 3
2016/5/16, 60, 19, 3
2016/5/17, 60, 23, 4
2016/5/18, 81, 32, 5
2016/5/19, 105, 33, 5
2016/5/20, 100, 26, 5
2016/5/21, 81, 22, 4
2016/5/22, 76, 32, 5
2016/5/23, 78, 25, 4
2016/5/24, 83, 14, 4
2016/5/25, 81, 13, 3
2016/5/26, 88, 25, 5
2016/5/27, 90, 19, 4
2016/5/28, 85, 15, 4
2016/5/29, 59, 24, 5
2016/5/30, 70, 31, 5
2016/5/31, 78, 23, 4
2016/6/1, 61, 24, 4
2016/6/2, 65, 25, 5
2016/6/3, 80, 27, 5
2016/6/4, 79, 23, 4
2016/6/5, 76, 22, 3
2016/6/6, 60, 30, 4
2016/6/7, 67, 29, 4
2016/6/8, 66, 20, 4
2016/6/9, 64, 20, 3
2016/6/10, 72, 18, 3
2016/6/11, 57, 20, 3
2016/6/12, 73, 26, 5
2016/6/13, 71, 26, 5
2016/6/14, 70, 25, 5
2016/6/15, 73, 23, 4
2016/6/16, 54, 20, 4
2016/6/17, 58, 20, 5
2016/6/18, 59, 18, 4
2016/6/19, 59, 22, 5
2016/6/20, 70, 22, 5
2016/6/21, 68, 30, 6
2016/6/22, 71, 33, 5
2016/6/23, 82, 35, 6
2016/6/24, 111, 20, 5
2016/6/25, 79, 13, 3
2016/6/26, 54, 25, 4
2016/6/27, 67, 22, 4
2016/6/28, 56, 24, 5
2016/6/29, 59, 27, 5
2016/6/30, 59, 25, 5
2016/1/4, 170, 19, 8
2016/1/5, 174, 17, 11
2016/1/6, 198, 17, 12
2016/1/7, 212, 24, 8
2016/1/8, 133, 25, 9
2016/1/9, 145, 18, 12
2016/1/10, 182, 20, 11
2016/1/11, 150, 20, 10
2016/1/12, 121, 19, 5
2016/1/13, 78, 18, 7
2016/1/14, 108, 22, 8
2016/1/15, 155, 16, 5
2016/1/16, 118, 19, 6
2016/1/17, 136, 24, 8
2016/1/18, 157, 25, 12
2016/1/19, 184, 25, 8
2016/1/20, 155, 25, 5
2016/1/21, 100, 27, 7
2016/1/22, 148, 24, 7
2016/1/23, 154, 20, 7
2016/1/24, 115, 24, 8
2016/1/25, 116, 25, 9
2016/1/26, 114, 25, 6
2016/1/27, 87, 22, 5
2016/1/28, 75, 26, 7
2016/1/29, 106, 17, 4
2016/1/30, 62, 10, 3
2016/1/31, 58, 21, 6
2016/2/1, 82, 17, 4
2016/2/2, 60, 15, 3
2016/2/3, 63, 13, 3
2016/2/4, 63, 21, 5
2016/2/5, 94, 16, 6
2016/2/6, 94, 14, 5
2016/2/7, 83, 17, 4
2016/2/8, 71, 18, 4
2016/2/9, 65, 21, 5
2016/2/10, 73, 16, 4
2016/2/11, 65, 24, 6
2016/2/12, 107, 20, 7
2016/2/13, 157, 19, 8
2016/2/14, 132, 24, 8
2016/2/15, 125, 22, 5
2016/2/16, 90, 18, 5
2016/2/17, 123, 25, 9
2016/2/18, 145, 24, 6
2016/2/19, 123, 18, 4
2016/2/20, 88, 14, 4
2016/2/21, 57, 18, 4
2016/2/22, 58, 23, 4
2016/2/23, 70, 22, 5
2016/2/24, 81, 29, 7
2016/2/25, 119, 29, 6
2016/2/26, 107, 21, 6
2016/2/27, 146, 21, 5
2016/2/29, 130, 22, 5
2016/3/1, 105, 25, 6
2016/3/2, 125, 32, 8
2016/3/3, 113, 27, 7
2016/3/4, 139, 23, 8
2016/3/5, 151, 22, 7
2016/3/6, 109, 28, 7
2016/3/7, 91, 24, 6
2016/3/8, 111, 29, 6
2016/3/9, 114, 22, 6
2016/3/10, 129, 20, 6
2016/3/11, 123, 17, 5
2016/3/12, 105, 15, 4
2016/3/13, 114, 23, 5
2016/3/14, 127, 22, 5
2016/3/15, 91, 26, 6
2016/3/16, 120, 34, 10
2016/3/17, 159, 23, 5
2016/3/18, 128, 19, 4
2016/3/19, 84, 12, 3
2016/3/20, 79, 17, 4
2016/3/21, 75, 20, 4
2016/3/22, 79, 26, 5
2016/3/23, 99, 28, 7
2016/3/24, 122, 27, 7
2016/3/25, 145, 19, 5
2016/3/26, 93, 17, 6
2016/3/27, 112, 13, 4
2016/3/28, 78, 20, 4
2016/3/29, 66, 27, 6
2016/3/30, 81, 26, 6
2016/3/31, 92, 24, 5
2015/10/1, 102, 38, 7
2015/10/2, 124, 30, 4
2015/10/3, 105, 22, 2
2015/10/4, 88, 39, 5
2015/10/5, 104, 32, 4
2015/10/6, 147, 20, 3
2015/10/7, 113, 24, 4
2015/10/8, 85, 27, 4
2015/10/9, 93, 21, 3
2015/10/10, 77, 18, 3
2015/10/11, 81, 24, 4
2015/10/12, 99, 23, 5
2015/10/13, 90, 21, 6
2015/10/14, 146, 20, 5
2015/10/15, 124, 22, 7
2015/10/16, 109, 18, 6
2015/10/17, 86, 19, 7
2015/10/18, 103, 27, 8
2015/10/19, 121, 23, 7
2015/10/20, 117, 22, 5
2015/10/21, 95, 28, 5
2015/10/22, 98, 23, 3
2015/10/23, 70, 25, 5
2015/10/24, 95, 21, 5
2015/10/25, 94, 23, 5
2015/10/26, 137, 24, 7
2015/10/27, 140, 29, 8
2015/10/28, 147, 30, 9
2015/10/29, 162, 27, 9
2015/10/30, 165, 21, 10
2015/10/31, 186, 19, 5
2015/11/1, 106, 38, 11
2015/11/2, 137, 42, 15
2015/11/3, 175, 51, 24
2015/11/4, 212, 32, 16
2015/11/5, 229, 25, 15
2015/11/6, 206, 22, 12
2015/11/7, 139, 16, 5
2015/11/8, 81, 22, 7
2015/11/9, 85, 12, 3
2015/11/10, 57, 10, 3
2015/11/11, 58, 21, 5
2015/11/12, 80, 25, 6
2015/11/13, 99, 11, 2
2015/11/14, 57, 11, 3
2015/11/15, 47, 23, 6
2015/11/16, 84, 22, 6
2015/11/17, 82, 16, 4
2015/11/18, 59, 17, 3
2015/11/19, 57, 22, 5
2015/11/20, 66, 23, 6
2015/11/21, 90, 22, 7
2015/11/22, 110, 28, 8
2015/11/23, 123, 23, 6
2015/11/24, 104, 22, 6
2015/11/25, 123, 25, 8
2015/11/26, 152, 23, 9
2015/11/27, 164, 18, 6
2015/11/28, 137, 16, 3
2015/11/29, 63, 17, 3
2015/11/30, 60, 17, 3
2015/12/1, 56, 24, 5
2015/12/2, 78, 36, 10
2015/12/3, 114, 24, 5
2015/12/4, 91, 25, 6
2015/12/5, 95, 16, 4
2015/12/6, 68, 25, 7
2015/12/7, 108, 18, 7
2015/12/8, 128, 24, 6
2015/12/9, 90, 27, 8
2015/12/10, 110, 28, 7
2015/12/11, 107, 16, 3
2015/12/12, 65, 11, 3
2015/12/13, 61, 27, 7
2015/12/14, 106, 24, 10
2015/12/15, 152, 20, 8
2015/12/16, 156, 23, 8
2015/12/17, 99, 24, 8
2015/12/18, 90, 26, 8
2015/12/19, 107, 16, 7
2015/12/20, 109, 21, 7
2015/12/21, 83, 22, 4
2015/12/22, 66, 25, 5
2015/12/23, 79, 21, 7
2015/12/24, 113, 13, 4
2015/12/25, 77, 11, 3
2015/12/26, 62, 20, 5
2015/12/27, 75, 21, 5
2015/12/28, 101, 16, 4
2015/12/29, 86, 18, 4
2015/12/30, 113, , 
2016/1/2, 114, 13, 5
2016/1/3, 143, 21, 8
2015/7/1, 68, 30, 3
2015/7/2, 72, 31, 3
2015/7/3, 72, 29, 4
2015/7/4, 78, 34, 4
2015/7/5, 85, 24, 3
2015/7/6, 74, 29, 3
2015/7/7, 71, 22, 2
2015/7/8, 59, 17, 1
2015/7/9, 56, 18, 1
2015/7/10, 51, 17, 1
2015/7/11, 57, 17, 1
2015/7/12, 66, 19, 2
2015/7/13, 57, 20, 3
2015/7/14, 55, 19, 2
2015/7/15, 60, 31, 5
2015/7/16, 72, 39, 6
2015/7/17, 84, 29, 4
2015/7/18, 75, 19, 3
2015/7/19, 63, 23, 3
2015/7/20, 58, 27, 4
2015/7/21, 62, 32, 5
2015/7/22, 71, 26, 4
2015/7/23, 66, 37, 5
2015/7/24, 74, 22, 4
2015/7/25, 70, 14, 1
2015/7/26, 38, 18, 2
2015/7/27, 59, 34, 4
2015/7/28, 60, 28, 3
2015/7/29, 56, 22, 2
2015/7/30, 54, 23, 2
2015/7/31, 56, 25, 2
2015/8/1, 65, 24, 3
2015/8/2, 71, 43, 5
2015/8/3, 86, 41, 5
2015/8/4, 100, 27, 3
2015/8/5, 66, 38, 4
2015/8/6, 76, 43, 4
2015/8/7, 97, 27, 3
2015/8/8, 85, 18, 3
2015/8/9, 77, 35, 4
2015/8/10, 95, 37, 4
2015/8/11, 94, 35, 4
2015/8/12, 100, 30, 3
2015/8/13, 81, 32, 3
2015/8/14, 80, 19, 3
2015/8/15, 84, 19, 3
2015/8/16, 79, 28, 4
2015/8/17, 92, 23, 3
2015/8/18, 75, 25, 2
2015/8/19, 70, 24, 2
2015/8/20, 64, 28, 2
2015/8/21, 70, 26, 3
2015/8/22, 77, 22, 2
2015/8/23, 73, 24, 2
2015/8/24, 73, 27, 3
2015/8/25, 58, 30, 3
2015/8/26, 51, 30, 3
2015/8/27, 59, 28, 3
2015/8/28, 81, 21, 2
2015/8/29, 59, 31, 4
2015/8/30, 79, 38, 4
2015/8/31, 83, 43, 4
2015/9/1, 88, 24, 2
2015/9/2, 58, 31, 2
2015/9/3, 61, 28, 2
2015/9/4, 65, 23, 2
2015/9/5, 56, 9, 
2015/9/6, 46, 18, 1
2015/9/7, 55, 20, 1
2015/9/8, 53, 27, 3
2015/9/9, 68, 29, 2
2015/9/10, 74, 28, 4
2015/9/11, 90, 24, 3
2015/9/12, 79, 17, 1
2015/9/13, 65, 22, 2
2015/9/14, 68, 31, 4
2015/9/15, 70, 34, 5
2015/9/16, 88, 29, 3
2015/9/17, 70, 25, 2
2015/9/18, 60, 25, 2
2015/9/19, 69, 16, 1
2015/9/20, 55, 26, 2
2015/9/21, 59, 28, 2
2015/9/22, 69, 28, 2
2015/9/23, 70, 30, 3
2015/9/24, 63, 30, 2
2015/9/25, 73, 21, 1
2015/9/26, 64, 21, 1
2015/9/27, 54, 25, 2
2015/9/28, 67, 24, 2
2015/9/29, 65, 31, 3
2015/9/30, 75, 35, 5
2015/5/5, 61, 24, 5
2015/5/6, 60, 27, 4
2015/5/7, 57, 31, 4
2015/5/8, 58, 22, 3
2015/5/9, 71, 11, 2
2015/5/10, 44, 25, 3
2015/5/11, 52, 25, 3
2015/5/12, 54, 23, 3
2015/5/13, 50, 28, 4
2015/5/14, 58, 30, 5
2015/5/15, 57, 20, 3
2015/5/16, 59, 14, 2
2015/5/17, 53, 28, 4
2015/5/18, 63, 30, 5
2015/5/19, 69, 27, 4
2015/5/20, 66, 27, 4
2015/5/21, 73, 29, 4
2015/5/22, 71, 25, 4
2015/5/23, 67, 21, 4
2015/5/24, 79, 29, 5
2015/5/25, 91, 20, 3
2015/5/26, 62, 18, 2
2015/5/27, 48, 23, 3
2015/5/28, 55, 27, 4
2015/5/29, 64, 19, 3
2015/5/30, 48, 17, 2
2015/5/31, 39, 26, 4
2015/6/1, 56, 23, 4
2015/6/2, 45, 28, 4
2015/6/3, 52, 14, 2
2015/6/4, 38, 27, 3
2015/6/5, 45, 24, 3
2015/6/11, 78, 39, 5
2015/6/12, 97, 24, 4
2015/6/13, 76, 17, 3
2015/6/14, 62, 23, 3
2015/6/15, 66, 24, 2
2015/6/16, 59, 25, 2
2015/6/17, 62, 28, 3
2015/6/18, 68, 19, 2
2015/6/19, 54, 16, 2
2015/6/20, 52, 11, 2
2015/6/21, 50, 22, 3
2015/6/22, 57, 19, 3
2015/6/23, 49, 19, 2
2015/6/24, 58, 28, 3
2015/6/25, 64, 32, 4
2015/6/26, 80, 22, 3
2015/6/27, 74, 14, 2
2015/6/28, 62, 27, 4
2015/6/29, 72, 28, 4
2015/6/30, 74, 30, 3
2022/3/26, , 17, 
2021/12/25, , 21, 9
2021/1/17, , 32, 9
2020/8/26, , 12, 3
2020/8/27, , 19, 4
2019/12/31, , 14, 4
2018/12/31, , 7, 3
2017/8/19, , 15, 3
2017/8/20, , 16, 3
2017/8/21, , 15, 3
2017/9/9, , 9, 3
2017/4/17, , 21, 4
2017/6/9, , 20, 4
2017/6/10, , 19, 3
2017/6/11, , 21, 3
2016/8/13, , 13, 3
2016/8/14, , 13, 3
2016/8/15, , 22, 4
2016/2/28, , 24, 5
2016/1/1, , 9, 3
2015/6/6, , 15, 2
2015/6/7, , 30, 4
2015/6/8, , 22, 3
2015/6/9, , 26, 3
2015/6/10, , 39, 4