date,city,tempmax,tempmin,temp,feelslikemax,feelslikemin,feelslike,dew,humidity,precip,precipprob,precipcover,snow,snowdepth,windgust,windspeed,winddir,cloudcover,visibility,solarradiation,solarenergy,uvindex,conditions,city_id,lon,lat,area,density,no_people
2023-01-13,biała podlaska,0.27781748437058,-0.19463362218750765,0.14035328234502564,0.4428786720752101,0.4428786720752101,0.09496892934957593,0.5490177470726582,0.7967588266257949,-0.2903679867064822,1.3836422786515576,0.07827239560672856,-0.25558061523008474,-0.3219809097811529,-1.638465210757396,-0.5680905120952755,-0.17855976374980703,0.6074588440678712,-1.5108436648847423,-0.6545790722411547,-0.57879930545499,-0.35369489685893296,4,biala_podlaska,52.033333, 23.116667,49.4,1152.06,56942
2023-01-14,biała podlaska,0.4963256181451937,0.2534763451744278,0.28412981547895455,0.7227828396521556,0.7227828396521556,0.7723473138471826,0.7508046994573584,0.6484879870889289,-0.4243505184002598,1.3836422786515576,-0.5717756743671325,-0.25558061523008474,-0.3219809097811529,-0.23307090190830673,-0.7211595955197061,0.5181109957138369,0.0478058559002204,0.9365279622364087,-0.7471776963083384,-0.7104611858686805,-1.4430751791844465,3,biala_podlaska,52.033333, 23.116667,49.4,1152.06,56942
2023-01-15,biała podlaska,-0.11549715642372474,-0.045263633066862465,0.04450226025573992,0.22517543062647466,0.22517543062647466,0.7107674607110366,0.22615862325713787,-0.07938704336478135,0.5135272034561832,0.5600274932366603,-0.5717756743671325,-0.25558061523008474,-0.3219809097811529,1.1212181593462702,0.9347695797082274,0.048027327920406926,0.8073349112706034,0.7426767442466143,-1.0018239124930934,-1.0396158869029066,-0.35369489685893296,2,biala_podlaska,52.033333, 23.116667,49.4,1152.06,56942
2023-01-16,biała podlaska,-0.15919878317864733,0.2534763451744278,-0.003423250788903054,0.0074721891777393985,0.0074721891777393985,-0.24372026289922744,0.10508645182631787,0.2845504718620738,0.17857087422173923,1.0548884777506533,0.7275410314439301,-0.25558061523008474,-0.3219809097811529,-0.3523164796288354,-0.470682913552456,-0.8312658636356488,0.6874092709489633,-0.27504215019980455,1.4751892813040692,1.3302979605435217,1.8250656677920942,2,biala_podlaska,52.033333, 23.116667,49.4,1152.06,56942
2023-01-17,biała podlaska,0.015607723841043778,0.5522163234157182,0.28412981547895455,-0.5212356829120465,-0.5212356829120465,-0.24372026289922744,0.26651601373407796,0.1362796323252078,-0.12288982208926023,1.0548884777506533,0.7275410314439301,-0.25558061523008474,-0.3219809097811529,0.13318337251903148,0.2250856474676842,-1.9270004561901184,0.6007963084944462,0.5003627217593718,-0.26103491995562417,-0.18381366421391854,-0.35369489685893296,2,biala_podlaska,52.033333, 23.116667,49.4,1152.06,56942
2023-01-18,biała podlaska,1.6762695405281074,0.2036863488008796,0.6196083927914551,0.5672805243316303,0.5672805243316303,-0.05898070349078926,-0.015985719604502235,-0.874657909971611,0.14507524129829483,-1.0872020775931348,0.40251699645699945,-0.25558061523008474,-0.3219809097811529,1.3597093147873283,0.6842928977409768,-0.875230523213451,0.1943816385155576,0.6699825375004415,-0.16843629588844064,-0.18381366421391854,-0.35369489685893296,1,biala_podlaska,52.033333, 23.116667,49.4,1152.06,56942
2023-01-19,biała podlaska,-0.5525134239729521,-0.7423235822965399,-0.77023142750319,-1.2365463333864626,-1.2365463333864626,-0.9826785005329801,-1.4688517767743432,-1.4003454319659574,-0.6253243159409261,-1.2533092612062235,-1.2210443102043342,-0.25558061523008474,-0.3219809097811529,-0.5397023874753809,-0.41502142867084446,0.25770493513762077,-0.11875753343538983,0.8880651577389594,1.573575319375452,1.593621721370903,0.7356853854665806,1,biala_podlaska,52.033333, 23.116667,49.4,1152.06,56942
2023-01-13,białystok,-0.2029004099335699,0.10410635605378273,0.09242777130038267,0.34957728288289497,0.34957728288289497,0.002599149645356824,0.7508046994573584,1.1741755090832755,-0.25687235378303774,1.3836422786515576,0.40251699645699945,-0.25558061523008474,-0.3219809097811529,-1.2125881474697933,-0.22020623158520541,-0.29692615492081453,0.9006104092985446,-0.9777528154128088,-1.2391078866652516,-1.3029396477302875,-1.4430751791844465,2,bialystok,53.135278,23.145556,102.13,2872.9,293413
2023-01-14,białystok,0.059309350595966356,0.5024263270421697,0.3320553265235973,0.5050795982034202,0.5050795982034202,0.7415573872791096,0.8718768708881783,0.8237171610870437,-0.45784615132370415,1.0548884777506533,-0.24675163938020203,-0.25558061523008474,-0.3219809097811529,-0.17344811304804209,-0.9716362774869567,0.3523980480744262,0.5008582748930801,0.9365279622364087,-0.7529651103125373,-0.7104611858686805,-0.35369489685893296,2,bialystok,53.135278,23.145556,102.13,2872.9,293413
2023-01-15,białystok,-0.37770691695326103,0.054316359680234294,-0.051348761833546024,0.19407496756236972,0.19407496756236972,0.6183976810068174,0.38758818516489807,0.5541338164745587,0.5135272034561832,1.2175350950384694,-0.24675163938020203,-0.25558061523008474,-0.3219809097811529,1.2063935720037915,0.7260390114021853,-0.08724854770360164,0.9672357650327887,0.16112309027723154,-1.3201316827240372,-1.3687705879371328,-1.4430751791844465,2,bialystok,53.135278,23.145556,102.13,2872.9,293413
2023-01-16,białystok,-0.5962150507278747,-0.34400361130815277,-0.4347528501906893,-0.02362827388636568,-0.02362827388636568,-0.42845982230766566,-0.5002744053277826,-0.18722038120977497,-0.45784615132370415,0.7261346768497488,-0.8960202752174037,-0.25558061523008474,-0.3219809097811529,-0.5397023874753809,-1.0272977623685682,-0.21237873265580917,-0.02548203540744772,0.5972883307542685,1.2784172051613039,1.2644670203366766,0.7356853854665806,3,bialystok,53.135278,23.145556,102.13,2872.9,293413
2023-01-17,białystok,-0.4214085437081836,0.00452636330668597,-0.19512529496747472,-0.7700393874248869,-0.7700393874248869,-0.5516195285799578,0.26651601373407796,0.9854671678545351,0.17857087422173923,0.7261346768497488,1.0525650664308608,-0.04622202615863231,-0.22806981109498328,0.2864991153025689,-0.665498110638095,-2.282099629703141,0.9405856227390916,-0.3961991614434259,-0.5677678621781701,-0.4471374250412996,-0.35369489685893296,4,bialystok,53.135278,23.145556,102.13,2872.9,293413
2023-01-18,białystok,0.8022370054296529,0.2534763451744278,0.37998083756824047,-0.11692966307868077,-0.11692966307868077,-0.12056055662693531,0.14544384230325785,-0.26809538459351967,-0.32386361962992655,-0.42969447579132586,-0.24675163938020203,-0.25558061523008474,-0.3219809097811529,0.9934550403599893,-0.025391034499565875,-1.3013495314290788,0.8206599824174515,0.7426767442466143,-1.0133987405014915,-0.9737849466960614,-1.4430751791844465,2,bialystok,53.135278,23.145556,102.13,2872.9,293413
2023-01-19,białystok,-0.9895296915221793,-0.9912735641642818,-1.0577844937710474,-1.5786514270916183,-1.5786514270916183,-1.2289979130775646,-1.9934978529745635,-1.899074619499055,-0.6253243159409261,-0.7584482766922304,-1.2210443102043342,-0.25558061523008474,-0.3219809097811529,-0.020132370264505314,-0.526344398434067,0.21035837866921758,-2.3107317370920204,0.7669081464953381,1.5620004913670538,1.593621721370903,0.7356853854665806,1,bialystok,53.135278,23.145556,102.13,2872.9,293413
2023-01-13,bielsko-biała,1.7636727940379533,1.0501162871512022,1.1947145253271698,0.9404860811008907,0.9404860811008907,0.8955070201194748,0.5893751375495981,-0.605074565359126,-0.25687235378303774,1.3836422786515576,0.7275410314439301,-0.25558061523008474,1.462329965256069,-0.17344811304804209,-0.470682913552456,0.16977561598201443,-0.6450978437359185,-2.2620171345951947,-0.5330433781529762,-0.6446302456618352,-0.35369489685893296,3,bielsko_biala,49.8225,19.044444,124.51,1351.9,168319
2023-01-14,bielsko-biała,0.1467126041058119,-0.14484362581395924,0.04450226025573992,0.2562758936905799,0.2562758936905799,0.5568178278706714,-0.015985719604502235,0.20367546847832904,-0.5583330500940373,-0.2635872921782374,-0.5717756743671325,-0.25558061523008474,0.5232189783943735,0.47388502314911374,0.08593193526365617,0.16639371909141443,-0.1120949978619658,-0.12965373670745947,0.24825751241388597,0.2770029172339981,0.7356853854665806,3,bielsko_biala,49.8225,19.044444,124.51,1351.9,168319
2023-01-15,bielsko-biała,0.1904142308607345,0.2036863488008796,0.475831859657526,0.6916823765880504,0.6916823765880504,0.9878767998236938,-0.2177726719892024,-0.1467828795179026,-0.357359252553371,1.2175350950384694,-0.5717756743671325,0.05845726837709388,0.3353967810220342,1.5470952226338737,-0.12279863304238589,0.05817301859220795,0.9805608361796377,-0.29927355244852916,-0.46359441010258845,-0.3813064848344543,-0.35369489685893296,4,bielsko_biala,49.8225,19.044444,124.51,1351.9,168319
2023-01-16,bielsko-biała,-1.2517394520517158,-1.2900135424055723,-1.2015610269049761,-0.3346329045274162,-0.3346329045274162,-0.45924974887573866,-0.4599170148508426,1.1472171746220265,-0.32386361962992655,-0.10094067489042137,0.07827239560672856,0.2678158574485463,0.4293078797082039,-2.958684106948965,-2.4744963692904594,-1.3723693661316831,0.7007343420958123,-1.0504470221589812,-0.02375094578346619,-0.1179827240070734,-0.35369489685893296,4,bielsko_biala,49.8225,19.044444,124.51,1351.9,168319
2023-01-17,bielsko-biała,-1.208037825296793,-1.389593535152669,-1.2494865379496192,-0.3035324414633111,-0.3035324414633111,-0.5208296020118847,-0.25813006246614245,1.726821365538869,0.8484835326906272,-0.7584482766922304,1.701833702268062,1.7333259809487132,1.2745077678837302,-2.2857983469545524,-2.224019687323209,-0.7974468947296466,0.33429488555746983,-2.74664517956968,-0.5041063081319813,-0.5129683652481447,-0.35369489685893296,0,bielsko_biala,49.8225,19.044444,124.51,1351.9,168319
2023-01-18,bielsko-biała,-1.2954410788066384,-1.8377035025146045,-1.3453375600389048,-0.9877426288736223,-0.9877426288736223,-0.9826785005329801,-0.41955962437390254,1.524633857079505,1.4849005582360704,-0.2635872921782374,2.0268577372549927,1.0005709191986296,2.401440952117765,-0.19900073684529862,-0.526344398434067,-0.053429578797599506,0.9272605515922426,-1.5593064693821908,-0.619854588215961,-0.7762921260755258,-0.35369489685893296,4,bielsko_biala,49.8225,19.044444,124.51,1351.9,168319
2023-01-19,bielsko-biała,-1.2517394520517158,-2.733923437238476,-2.1600712477978345,-0.7700393874248869,-0.7700393874248869,-1.1982079865094915,-2.033855243451504,-0.30853288628539205,-0.22337672085959343,-0.42969447579132586,-0.5717756743671325,0.6865330355914512,2.5892631494901046,-2.686122786444899,-2.1266120887803894,-0.7128994724646412,-1.1647756184630222,-0.20234794345363244,1.8860956756021967,1.7911145419914385,1.8250656677920942,5,bielsko_biala,49.8225,19.044444,124.51,1351.9,168319
2023-01-13,bydgoszcz,1.5888662870182622,1.5978062472602343,1.8177461689075283,1.0648879333573111,1.0648879333573111,1.326565992072497,2.122955975673319,1.039383836777033,0.011092709604517293,1.3836422786515576,1.701833702268062,-0.25558061523008474,-0.3219809097811529,-0.6589479651959096,-0.22020623158520541,0.5722213459634401,-0.3852589563723662,-1.5593064693821908,-0.7298154542957415,-0.7762921260755258,-0.35369489685893296,3,bydgoszcz,53.125,18.011111,175.98,1941.7,337666
2023-01-14,bydgoszcz,0.40892236463534815,1.0999062835247506,0.7154594148807406,0.8160842288444707,0.8160842288444707,0.9878767998236938,0.7508046994573584,-0.16026204674852607,-0.5248374171705928,-1.419416444819312,-0.5717756743671325,-0.25558061523008474,-0.3219809097811529,0.8401392975764526,0.8791080948266163,0.5282566863856379,0.26100699424980167,0.9365279622364087,-0.4809566521151854,-0.57879930545499,-0.35369489685893296,1,bydgoszcz,53.125,18.011111,175.98,1941.7,337666
2023-01-15,bydgoszcz,0.32151911112550263,1.0003262907776538,0.7154594148807406,0.7849837657803655,0.7849837657803655,1.1110365060959861,0.5490177470726582,-0.6455120670509983,-0.22337672085959343,1.2175350950384694,-0.5717756743671325,-0.25558061523008474,-0.3219809097811529,1.3937794798503356,1.2826538602182975,0.8529187878832583,0.0478058559002204,0.3792057105157504,-1.100209950564476,-1.171277767316597,-0.35369489685893296,3,bydgoszcz,53.125,18.011111,175.98,1941.7,337666
2023-01-16,bydgoszcz,-0.46511017046310654,-0.3937936076817012,-0.4826783612353323,0.1629745044982645,0.1629745044982645,-0.736359087988396,-0.7424187481894228,-0.5646370636672535,-0.6253243159409261,-1.2533092612062235,-1.2210443102043342,-0.25558061523008474,-0.3219809097811529,-0.07975515912476995,0.43381621577372625,-0.4322020305448231,-3.3434247509728037,0.9365279622364087,1.3941654852452836,1.2644670203366766,0.7356853854665806,1,bydgoszcz,53.125,18.011111,175.98,1941.7,337666
2023-01-17,bydgoszcz,-0.4214085437081836,-0.34400361130815277,-0.3868273391460466,-0.7078384612966767,-0.7078384612966767,-0.33609004260344655,0.10508645182631787,0.9315504989320373,-0.357359252553371,-0.5923410930791418,0.7275410314439301,-0.25558061523008474,-0.3219809097811529,-1.4851494679738593,-1.3751820428786383,-1.4433892008342872,0.18771910294213262,-0.32350495469725377,-0.012176117775068069,0.07951009661346249,0.7356853854665806,1,bydgoszcz,53.125,18.011111,175.98,1941.7,337666
2023-01-18,bydgoszcz,-1.5139492125812521,-1.0410635605378302,-1.441188582128191,-1.6408523532198283,-1.6408523532198283,-1.4753173256221488,-0.41955962437390254,1.6729046966163712,4.968446382274287,-0.42969447579132586,0.40251699645699945,5.187742700627679,1.462329965256069,0.26094649150531235,0.33640861723090676,2.753544840400579,0.8806228025782715,-1.9712403076105034,-1.2043834026400577,-1.3687705879371328,-1.4430751791844465,4,bydgoszcz,53.125,18.011111,175.98,1941.7,337666
2023-01-19,bydgoszcz,-2.3005784941698617,-2.484973455370734,-2.4476243140656924,-2.231761151437824,-2.231761151437824,-2.4913849023685586,-1.8724256815437434,0.3789046424764439,-0.6253243159409261,-0.9245554603053191,-1.2210443102043342,-0.25558061523008474,4.185751827154988,0.2353938677080564,-0.24803697402601094,0.40312650143342943,-3.996353237168396,0.7911395487440628,1.6198746314090435,1.7911145419914385,0.7356853854665806,1,bydgoszcz,53.125,18.011111,175.98,1941.7,337666
2023-01-13,gdańsk,1.5888662870182622,1.4982262545131375,1.6739696357735991,1.0648879333573111,1.0648879333573111,1.203406285800205,1.9615264137655593,0.9989463350851586,-0.32386361962992655,1.3836422786515576,1.0525650664308608,-0.25558061523008474,-0.3219809097811529,-1.331833725190322,-0.37327531500963596,0.24755924446581976,-0.6917355927498886,-1.4866122626360183,-0.619854588215961,-0.57879930545499,-0.35369489685893296,3,gdansk,54.3475,18.645278,263.44,1845.0,486022
2023-01-14,gdańsk,0.7148337519198074,1.2990662690189443,0.8113104369700266,1.0648879333573111,1.0648879333573111,1.04945665295984,0.7508046994573584,-0.32201205351601747,-0.5248374171705928,-0.42969447579132586,-0.24675163938020203,-0.25558061523008474,-0.3219809097811529,0.9934550403599893,1.2826538602182975,0.23064976001281867,0.18771910294213262,0.9365279622364087,-0.4751692381109863,-0.4471374250412996,0.7356853854665806,3,gdansk,54.3475,18.645278,263.44,1845.0,486022
2023-01-15,gdańsk,0.27781748437058,0.8011663052834601,0.6196083927914551,0.7538833027162606,0.7538833027162606,1.04945665295984,0.5086603565957182,-0.605074565359126,-0.4243505184002598,1.2175350950384694,-0.24675163938020203,-0.25558061523008474,-0.3219809097811529,1.2404637370667988,1.3800614587611175,0.6364773868848443,0.14774388950158654,0.5245941240080955,-1.0712728805434812,-1.105446827109752,-0.35369489685893296,3,gdansk,54.3475,18.645278,263.44,1845.0,486022
2023-01-16,gdańsk,-0.29030366344341546,-0.7423235822965399,-0.4347528501906893,0.2562758936905799,0.2562758936905799,-0.7055691614203229,-0.7424187481894228,-0.5915953981285025,-0.6253243159409261,-1.2533092612062235,-1.2210443102043342,-0.25558061523008474,-0.3219809097811529,0.7208937198559239,1.0321771782510474,0.10890147195121117,-3.2101740395043157,0.9365279622364087,0.213533028388692,0.2770029172339981,0.7356853854665806,1,gdansk,54.3475,18.645278,263.44,1845.0,486022
2023-01-17,gdańsk,-0.6836183042377202,-0.5431635968023464,-0.3868273391460466,-0.863340776617202,-0.863340776617202,-0.5824094551480308,0.427945575641838,1.6729046966163712,0.11157960837485055,-0.9245554603053191,2.676126373092194,-0.25558061523008474,-0.3219809097811529,-0.7867110841821905,-0.9716362774869567,-1.6733581893951024,0.7007343420958123,-1.8985461008643305,-1.2159582306484555,-1.2371087075234424,-1.4430751791844465,0,gdansk,54.3475,18.645278,263.44,1845.0,486022
2023-01-18,gdańsk,-0.9021264380123339,-0.5929535931758947,-0.8181569385478329,-0.5523361459761515,-0.5523361459761515,-0.6439893082841768,0.22615862325713787,1.9559672084594815,3.3271603690255125,-0.2635872921782374,0.40251699645699945,-0.04622202615863231,-0.3219809097811529,1.1212181593462702,1.3800614587611175,2.1786223689985427,0.7940098401237544,-1.825851894118158,-1.146509262598068,-1.171277767316597,-1.4430751791844465,4,gdansk,54.3475,18.645278,263.44,1845.0,486022
2023-01-19,gdańsk,-1.557650839336175,-1.1904335496584755,-1.441188582128191,-2.4183639298224544,-2.4183639298224544,-1.967956150711317,-1.3477796053435231,-0.2546162173628962,-0.5918286830174817,-1.0872020775931348,-0.8960202752174037,-0.25558061523008474,-0.22806981109498328,0.9167971689682209,0.9486849509286304,0.5553118615104391,-0.01881949983402369,0.8638337554902357,0.5665652826448297,0.540326678061379,0.7356853854665806,1,gdansk,54.3475,18.645278,263.44,1845.0,486022
2023-01-13,gorzów wielkopolski,2.0258825545674894,2.1454962073692667,2.1532247462200282,1.2203902486778364,1.2203902486778364,1.6036753311851544,2.1633133661502595,0.6754463215501778,-0.189881087936149,1.3836422786515576,0.07827239560672856,-0.25558061523008474,-0.3219809097811529,-0.8463338730424551,0.37815473089211527,0.4335635734488315,-0.7983361619246798,-0.9777528154128088,0.2540449264180848,0.2111719770271528,0.7356853854665806,3,gorzow,52.730833,15.238333,85.72,1369.3,117379
2023-01-14,gorzów wielkopolski,0.8459386321845755,1.7969662327544282,1.1947145253271698,1.0337874702932062,1.0337874702932062,1.2649861389363513,0.8718768708881783,-0.5646370636672535,-0.39085488547681535,1.0548884777506533,0.07827239560672856,-0.25558061523008474,-0.3219809097811529,0.814586673779196,0.5312238143165463,0.6128041086506433,0.33429488555746983,0.6699825375004415,-0.0006012897666701525,0.013679156406617198,0.7356853854665806,2,gorzow,52.730833,15.238333,85.72,1369.3,117379
2023-01-15,gorzów wielkopolski,0.5837288716550393,1.2990662690189443,1.0509379921932411,0.971586544164996,0.971586544164996,1.2957760655044241,0.306873404211018,-1.359907930274085,0.2790577729920725,1.3836422786515576,0.07827239560672856,-0.25558061523008474,-0.3219809097811529,0.9338322514997253,0.47556232943493476,1.231691239630482,0.23435685195610367,0.06419748128233481,-0.23788526393882836,-0.315475544627609,-0.35369489685893296,3,gorzow,52.730833,15.238333,85.72,1369.3,117379
2023-01-16,gorzów wielkopolski,-0.02809390291387919,-0.14484362581395924,-0.24305080601211768,0.1629745044982645,0.1629745044982645,-0.45924974887573866,-0.6213465767586026,-0.7398662376653684,-0.6253243159409261,-1.7481702457202164,-1.2210443102043342,-0.25558061523008474,-0.3219809097811529,-0.10530778292202589,-0.22020623158520541,-0.8786124201040519,-2.2507689169312006,0.9365279622364087,1.4983389373208653,1.593621721370903,0.7356853854665806,1,gorzow,52.730833,15.238333,85.72,1369.3,117379
2023-01-17,gorzów wielkopolski,-0.7273199309926428,-0.7423235822965399,-0.9140079606371188,-0.863340776617202,-0.863340776617202,-0.6747792348522499,-0.5406317958047226,0.5541338164745587,-0.6253243159409261,-1.582063062107128,-1.2210443102043342,-0.25558061523008474,-0.3219809097811529,-1.0252022396232479,-1.3751820428786383,-1.4433892008342872,-0.5451598101345524,0.5730569285055447,0.32928130847267156,0.3428338574408434,-0.35369489685893296,1,gorzow,52.730833,15.238333,85.72,1369.3,117379
2023-01-18,gorzów wielkopolski,-1.6450540928460202,-0.9414835677907335,-1.3453375600389048,-0.863340776617202,-0.863340776617202,-1.0134684271010532,-1.065277872004943,0.1362796323252078,-0.08939418916581582,-0.7584482766922304,-0.24675163938020203,0.2678158574485463,-0.1341587124088137,-0.38638664469184353,-0.9438055350461512,1.9215982053129257,0.494195739319656,0.015734676784886457,-0.7761147663293333,-0.7762921260755258,-1.4430751791844465,0,gorzow,52.730833,15.238333,85.72,1369.3,117379
2023-01-19,gorzów wielkopolski,-1.1206345717869477,-1.0410635605378302,-1.441188582128191,-1.6719528162839334,-1.6719528162839334,-1.4753173256221488,-1.226707433912703,0.001487960018965303,-0.49134178424714847,-0.9245554603053191,-0.24675163938020203,-0.15090132069435852,0.14757458364969506,-0.38638664469184353,-0.7211595955197061,0.9476119008200637,-1.0515125137148071,-0.3477363569459775,1.1858185810941202,1.1986360801298315,0.7356853854665806,1,gorzow,52.730833,15.238333,85.72,1369.3,117379
2023-01-13,kalisz,0.9333418856944211,1.5978062472602343,1.338491058461099,1.2203902486778364,1.2203902486778364,1.1110365060959861,1.557952508996159,0.6350088198583054,0.6140141022265164,1.3836422786515576,3.0011504080791247,-0.25558061523008474,-0.3219809097811529,-1.36590389025333,-0.37327531500963596,0.2543230382470198,0.4075827768651389,0.5488255262568201,-0.3941454420522007,-0.4471374250412996,0.7356853854665806,2,kalisz,51.7625,18.089722,69.42,1427.6,99106
2023-01-14,kalisz,0.6274304984099619,0.8509563016570086,0.6196083927914551,0.9093856180367859,0.9093856180367859,0.8955070201194748,0.5086603565957182,-0.6455120670509983,-0.5918286830174817,-1.419416444819312,-0.8960202752174037,-0.25558061523008474,-0.3219809097811529,1.1467707831435268,0.6842928977409768,0.5722213459634401,-0.31197106506469807,0.9365279622364087,0.07463509228791661,0.013679156406617198,0.7356853854665806,1,kalisz,51.7625,18.089722,69.42,1427.6,99106
2023-01-15,kalisz,0.45262399139027115,0.8011663052834601,0.8113104369700266,0.8782851549726809,0.8782851549726809,1.172616359232132,0.5893751375495981,-0.578116230897877,-0.22337672085959343,1.2175350950384694,-0.5717756743671325,-0.25558061523008474,-0.3219809097811529,1.8196565431379386,2.3402220729689107,0.8292455096490562,-0.1520702113025119,0.3307429060183021,-1.1754463326190627,-1.2371087075234424,-1.4430751791844465,3,kalisz,51.7625,18.089722,69.42,1427.6,99106
2023-01-16,kalisz,-0.5088117972180292,-0.4933736004287979,-0.3868273391460466,0.06967311530594941,0.06967311530594941,-0.5824094551480308,-0.6213465767586026,-0.4972412275141323,-0.5248374171705928,-1.2533092612062235,-0.8960202752174037,-0.25558061523008474,-0.3219809097811529,0.20132370264504829,-0.37327531500963596,-1.108581408664866,0.24768192310295267,0.694213939749166,0.6070771806742223,0.6719885584750696,0.7356853854665806,1,kalisz,51.7625,18.089722,69.42,1427.6,99106
2023-01-17,kalisz,-0.02809390291387919,-0.5431635968023464,-0.19512529496747472,-0.4279342937197313,-0.4279342937197313,-0.24372026289922744,-0.0563431100814423,0.32498797355394615,-0.49134178424714847,-0.2635872921782374,0.07827239560672856,-0.25558061523008474,-0.3219809097811529,-1.331833725190322,-1.2777744443358183,-0.8515572449792499,0.25434445867637673,0.06419748128233481,0.28876941044327875,0.2770029172339981,0.7356853854665806,5,kalisz,51.7625,18.089722,69.42,1427.6,99106
2023-01-18,kalisz,-1.7761589731107887,-1.8377035025146045,-1.5849651152621198,-1.7030532793480384,-1.7030532793480384,-1.7216367381667328,-0.5406317958047226,1.69986303107762,3.1931778373317345,-0.2635872921782374,1.3768096672811314,2.466081042698797,0.9927744718252212,0.35463944542858505,0.43381621577372625,1.9418895866565278,0.9738983006062136,-2.9647277998081982,-1.0423358105224863,-0.9737849466960614,-1.4430751791844465,4,kalisz,51.7625,18.089722,69.42,1427.6,99106
2023-01-19,kalisz,-1.9946671068854023,-2.036863488008798,-2.2559222698871206,-2.57386624514298,-2.57386624514298,-2.2450654898239746,-2.1952848053592637,-0.5915953981285025,-0.6253243159409261,-0.7584482766922304,-1.2210443102043342,-0.25558061523008474,1.8379743600007474,0.20132370264504829,0.2807471323492957,0.36592563563682723,-2.0975305987424395,0.9365279622364087,2.0886551657491608,2.1202692430256644,1.8250656677920942,1,kalisz,51.7625,18.089722,69.42,1427.6,99106
2023-01-13,katowice,1.6325679137731848,1.4484362581395893,1.4822675915950276,0.8782851549726809,0.8782851549726809,0.9878767998236938,0.8718768708881783,-0.6724704015122471,0.44653593760929444,1.3836422786515576,3.0011504080791247,-0.25558061523008474,-0.3219809097811529,-0.17344811304804209,0.30857787479010124,0.45385495479243265,-0.3852589563723662,-1.850083296366882,-0.09898732783805274,-0.18381366421391854,-0.35369489685893296,3,katowice,50.264167,19.023611,164.64,1742.9,286960
2023-01-14,katowice,0.9333418856944211,0.30326634154797627,0.6196083927914551,0.9404860811008907,0.9404860811008907,0.9878767998236938,0.38758818516489807,-0.6455120670509983,-0.5918286830174817,-0.9245554603053191,-0.8960202752174037,-0.25558061523008474,-0.3219809097811529,0.20132370264504829,-0.8742286789441371,0.6364773868848443,-0.48519698997373234,0.9365279622364087,0.7459751167749982,0.7378194986819149,1.8250656677920942,1,katowice,50.264167,19.023611,164.64,1742.9,286960
2023-01-15,katowice,0.8459386321845755,0.6020063197892667,1.0030124811485985,1.1581893225496263,1.1581893225496263,1.3573559186405701,0.10508645182631787,-1.3329495958128361,-0.4243505184002598,1.2175350950384694,-0.24675163938020203,-0.25558061523008474,-0.3219809097811529,0.7208937198559239,0.2250856474676842,0.7480799842746518,0.9805608361796377,0.7426767442466143,-0.839776320375522,-0.8421230662823709,-0.35369489685893296,2,katowice,50.264167,19.023611,164.64,1742.9,286960
2023-01-16,katowice,-0.37770691695326103,-0.14484362581395924,-0.29097631705676064,-0.24133151533510108,-0.24133151533510108,-0.08977063005886228,-0.2177726719892024,0.014967127249588787,-0.5583330500940373,-0.42969447579132586,-0.8960202752174037,-0.25558061523008474,-0.3219809097811529,-1.6725353758204042,-1.7787278082703193,-1.9506737344243195,0.9339230871656666,0.9365279622364087,0.28876941044327875,0.2770029172339981,0.7356853854665806,2,katowice,50.264167,19.023611,164.64,1742.9,286960
2023-01-17,katowice,-0.7710215577475656,-0.7423235822965399,-0.7223059164585469,-0.11692966307868077,-0.11692966307868077,-0.24372026289922744,-0.2177726719892024,0.8506754955482927,0.44653593760929444,-0.5923410930791418,0.7275410314439301,0.4771744465199987,-0.1341587124088137,-1.36590389025333,-1.8204739219315278,-0.4288201336542231,0.5275084171867781,-0.29927355244852916,-0.2841845759724202,-0.315475544627609,-0.35369489685893296,0,katowice,50.264167,19.023611,164.64,1742.9,286960
2023-01-18,katowice,-0.8584248112574111,-0.6925335859229915,-0.6264548943692613,-0.5834366090402566,-0.5834366090402566,-0.6747792348522499,-0.09670050055838232,0.9854671678545351,1.886848153317403,-0.5923410930791418,2.0268577372549927,0.1631365629128201,0.0536634849635255,-0.07975515912476995,-0.12279863304238589,0.1630118222008144,0.9805608361796377,-1.365455251392397,-0.4346573400815935,-0.3813064848344543,-0.35369489685893296,0,katowice,50.264167,19.023611,164.64,1742.9,286960
2023-01-19,katowice,-0.7710215577475656,-1.1904335496584755,-1.2015610269049761,-0.49013521984794145,-0.49013521984794145,-0.828728867692615,-2.558501319651724,-2.6943454861058846,-0.5248374171705928,-0.7584482766922304,-0.5717756743671325,-0.15090132069435852,0.0536634849635255,-0.5056322224123728,-0.9159747926053456,0.21374027555981762,-0.6584229148827666,0.08842888353105942,2.2159782738415386,2.18610018323251,1.8250656677920942,1,katowice,50.264167,19.023611,164.64,1742.9,286960
2023-01-13,koszalin,1.414059779998571,1.1496962798982988,1.5301931026396705,1.2514907117419412,1.2514907117419412,1.234196212368278,1.5175951185192187,0.21715463570895252,0.3460490388389612,1.3836422786515576,1.0525650664308608,-0.25558061523008474,-0.3219809097811529,-0.5056322224123728,0.8373619811654074,0.33887046051202513,-0.958237015686865,0.3307429060183021,-0.19158595190523647,-0.1179827240070734,-0.35369489685893296,3,koszalin,54.190278,16.181667,98.34,1075.9,105801
2023-01-14,koszalin,0.45262399139027115,1.2990662690189443,0.9071614590593126,0.8782851549726809,0.8782851549726809,1.0186667263917668,0.9122342613651184,-0.07938704336478135,-0.4243505184002598,1.2175350950384694,0.40251699645699945,-0.25558061523008474,-0.3219809097811529,1.1808409482065343,1.6305381407283677,0.4470911610112326,0.6474340575084172,0.7669081464953381,-0.8339889063713231,-0.7104611858686805,-0.35369489685893296,2,koszalin,54.190278,16.181667,98.34,1075.9,105801
2023-01-15,koszalin,0.40892236463534815,1.0003262907776538,0.6196083927914551,0.8471846919085757,0.8471846919085757,1.0186667263917668,0.427945575641838,-0.6185537325897513,1.3844136594657372,1.3836422786515576,0.07827239560672856,-0.25558061523008474,-0.3219809097811529,1.734481130480418,2.0340839061200486,0.9036472412422615,0.014493178033098356,-0.4204305636921505,-0.26103491995562417,-0.18381366421391854,-0.35369489685893296,3,koszalin,54.190278,16.181667,98.34,1075.9,105801
2023-01-16,koszalin,-0.11549715642372474,0.2036863488008796,0.04450226025573992,0.13187404143415957,0.13187404143415957,-0.4900396754438117,-0.5809891862816626,-1.1577204218147212,-0.6253243159409261,-1.419416444819312,-1.2210443102043342,-0.25558061523008474,-0.3219809097811529,1.2063935720037915,1.5331305421855477,-0.2698709797960134,-1.5512026817216378,0.9365279622364087,0.8212114988295848,0.8694813790956052,0.7356853854665806,1,koszalin,54.190278,16.181667,98.34,1075.9,105801
2023-01-17,koszalin,-0.5962150507278747,-0.44358360405524955,-0.4347528501906893,-0.9566421658095172,-0.9566421658095172,-0.6747792348522499,-0.13705789103532234,0.5676129837051842,-0.39085488547681535,-1.419416444819312,0.07827239560672856,-0.25558061523008474,-0.3219809097811529,-0.17344811304804209,-0.470682913552456,-1.4839719635214896,-0.5917975591485225,0.3307429060183021,-0.1742237098926395,-0.1179827240070734,-0.35369489685893296,1,koszalin,54.190278,16.181667,98.34,1075.9,105801
2023-01-18,koszalin,-0.9895296915221793,-0.5431635968023464,-0.8660824495924757,-0.9877426288736223,-0.9877426288736223,-0.8903087208287611,-0.3792022338969625,0.8237171610870437,1.886848153317403,-0.5923410930791418,-0.24675163938020203,0.6865330355914512,-0.1341587124088137,-0.020132370264505314,0.8791080948266163,2.5709224083081663,0.9805608361796377,-1.1231412289051543,-0.5156811361403792,-0.5129683652481447,-0.35369489685893296,0,koszalin,54.190278,16.181667,98.34,1075.9,105801
2023-01-19,koszalin,-1.4265459590714067,-1.0908535569113786,-1.393263071083548,-2.231761151437824,-2.231761151437824,-1.814006517870952,-0.7020613577124827,0.9854671678545351,-0.4243505184002598,-0.7584482766922304,0.40251699645699945,-0.15090132069435852,0.4293078797082039,0.16725353758204017,0.2807471323492957,0.6804420464626475,0.24101938752952864,-0.8808272064179111,-0.5041063081319813,-0.4471374250412996,-0.35369489685893296,1,koszalin,54.190278,16.181667,98.34,1075.9,105801
2023-01-13,kraków,1.9821809278125668,-0.8916935714171851,1.0509379921932411,1.4069930270624664,1.4069930270624664,1.172616359232132,0.427945575641838,-0.6994287359734961,-0.39085488547681535,1.3836422786515576,-0.24675163938020203,-0.25558061523008474,-0.3219809097811529,-0.17344811304804209,-0.7768210804013176,0.7649894687276529,-0.971562086833714,-1.7046948828745367,3.153539342521773,3.1077333461283434,2.9144459501176074,3,krakow,50.061389,19.938333,326.85,2455.5,802583
2023-01-14,kraków,1.1955516462239573,0.10410635605378273,0.8592359480146697,1.095988396421416,1.095988396421416,1.203406285800205,0.306873404211018,-0.7398662376653684,-0.6253243159409261,-0.7584482766922304,-1.2210443102043342,-0.25558061523008474,-0.3219809097811529,-1.4595968441766027,-1.1247053609113877,0.9577575914918647,-0.01215696426059966,0.9365279622364087,-0.3709957860354049,-0.315475544627609,-0.35369489685893296,1,krakow,50.061389,19.938333,326.85,2455.5,802583
2023-01-15,kraków,1.501463033508417,0.2036863488008796,1.4343420805503846,1.624696268511202,1.624696268511202,1.6344652577532273,-0.0563431100814423,-1.359907930274085,-0.4243505184002598,0.5600274932366603,-0.5717756743671325,-0.25558061523008474,-0.3219809097811529,0.26094649150531235,-0.6237519969768865,1.0862696733346733,0.9805608361796377,0.7911395487440628,-0.596704932199165,-0.57879930545499,-0.35369489685893296,2,krakow,50.061389,19.938333,326.85,2455.5,802583
2023-01-16,kraków,-0.24660203668849287,0.00452636330668597,-0.09927427287818899,0.13187404143415957,0.13187404143415957,0.2489185621899411,-0.0563431100814423,0.1362796323252078,-0.5583330500940373,0.5600274932366603,-0.8960202752174037,-0.25558061523008474,-0.3219809097811529,-0.9996496158259919,-1.2777744443358183,-2.6676358752315648,0.5874712373475972,0.9365279622364087,0.14987147434250317,0.1453410368203075,-0.35369489685893296,2,krakow,50.061389,19.938333,326.85,2455.5,802583
2023-01-17,kraków,0.3652207378804256,-0.244423618561056,-0.4347528501906893,-0.05472873695047076,-0.05472873695047076,0.03338907621342985,-0.09670050055838232,0.5945713181664312,-0.39085488547681535,-1.419416444819312,0.07827239560672856,-0.25558061523008474,-0.3219809097811529,-0.9655794507629838,-0.9716362774869567,-1.122108996227267,0.5474960239070511,0.3065115037695775,0.13250923232990638,0.07951009661346249,0.7356853854665806,0,krakow,50.061389,19.938333,326.85,2455.5,802583
2023-01-18,kraków,0.6274304984099619,-0.3937936076817012,0.09242777130038267,0.6916823765880504,0.6916823765880504,-0.15135048319500835,-0.0563431100814423,-0.07938704336478135,-0.5248374171705928,-0.7584482766922304,-0.5717756743671325,-0.25558061523008474,-0.3219809097811529,-0.7867110841821905,-0.37327531500963596,1.2012541676150799,0.13441881835473754,0.20958589477468076,1.3941654852452836,1.4619598409572123,0.7356853854665806,1,krakow,50.061389,19.938333,326.85,2455.5,802583
2023-01-19,kraków,-0.07179552966880177,-0.9912735641642818,-0.8660824495924757,0.5050795982034202,0.5050795982034202,-0.24372026289922744,-1.9127830720206833,-1.899074619499055,0.04458834252796171,-0.10094067489042137,-0.8960202752174037,0.6865330355914512,-0.22806981109498328,-1.399974055316339,-1.8761354068131388,0.305051491606023,-0.5185096678408544,0.16112309027723154,1.9266075736315897,1.7911145419914385,1.8250656677920942,5,krakow,50.061389,19.938333,326.85,2455.5,802583
2023-01-13,lublin,0.7148337519198074,0.10410635605378273,0.5237573707021692,0.38067774594699993,0.38067774594699993,0.2797084887580141,0.7104473089804183,0.5810921509358077,-0.5248374171705928,0.5600274932366603,-0.5717756743671325,-0.25558061523008474,-0.3219809097811529,-1.4595968441766027,1.4357229436427286,0.03788163724860686,0.1277562827813135,-1.4866122626360183,0.08620992029631452,-0.0521517838002281,0.7356853854665806,3,lublin,51.25,22.566667,147.45,2269.8,334681
2023-01-14,lublin,0.40892236463534815,0.2534763451744278,0.28412981547895455,0.7538833027162606,0.7538833027162606,0.7107674607110366,0.6700899185034782,0.5945713181664312,-0.5918286830174817,0.5600274932366603,-0.8960202752174037,-0.25558061523008474,-0.3219809097811529,0.3801920692258416,-0.025391034499565875,0.48767392369843476,0.1277562827813135,0.9365279622364087,-0.33627130201021094,-0.24964460442076383,-0.35369489685893296,3,lublin,51.25,22.566667,147.45,2269.8,334681
2023-01-15,lublin,-0.11549715642372474,-0.045263633066862465,0.14035328234502564,0.3184768198187898,0.3184768198187898,0.7415573872791096,0.14544384230325785,-0.3894078896691387,0.04458834252796171,0.8887812941375648,-0.24675163938020203,-0.25558061523008474,-0.3219809097811529,1.3000865259270635,1.1852462616754775,0.12919285329481225,0.8473101247111495,0.7911395487440628,-0.5041063081319813,-0.5129683652481447,-0.35369489685893296,2,lublin,51.25,22.566667,147.45,2269.8,334681
2023-01-16,lublin,-0.2029004099335699,0.054316359680234294,-0.14719978392283195,0.038572652241844474,0.038572652241844474,-0.36687996917151955,0.347230794687958,0.9719880006239117,0.6475097351499607,0.8887812941375648,1.3768096672811314,-0.25558061523008474,-0.3219809097811529,0.16725353758204017,0.12767804892486467,-1.0578529553058627,0.9805608361796377,-0.20234794345363244,0.9658968489345592,0.9353123193024505,1.8250656677920942,2,lublin,51.25,22.566667,147.45,2269.8,334681
2023-01-17,lublin,0.4963256181451937,0.5024263270421697,0.6196083927914551,-0.210231052270996,-0.210231052270996,-0.05898070349078926,0.4683029661187781,-0.02547037444228358,-0.4243505184002598,-0.42969447579132586,0.40251699645699945,-0.25558061523008474,-0.3219809097811529,0.16725353758204017,-0.025391034499565875,-1.2201840060546734,0.034480784753371393,0.9365279622364087,-0.09898732783805274,-0.0521517838002281,-0.35369489685893296,3,lublin,51.25,22.566667,147.45,2269.8,334681
2023-01-18,lublin,1.501463033508417,-0.045263633066862465,0.7633849259253838,0.38067774594699993,0.38067774594699993,0.002599149645356824,0.14544384230325785,-0.7398662376653684,0.5805184693030719,-1.0872020775931348,1.0525650664308608,-0.25558061523008474,-0.3219809097811529,1.6663408003544018,0.7817004962837963,-0.7230451631364413,0.2943196721169237,0.3792057105157504,-0.23209784993462929,-0.18381366421391854,-0.35369489685893296,1,lublin,51.25,22.566667,147.45,2269.8,334681
2023-01-19,lublin,-0.24660203668849287,-0.6925335859229915,-0.77023142750319,-0.832240313553097,-0.832240313553097,-0.9210986473968342,-1.024920481528003,-0.6724704015122471,-0.5918286830174817,-0.7584482766922304,-0.8960202752174037,-0.25558061523008474,-0.3219809097811529,-0.4800795986151163,-0.31761383012802497,-0.056811475688199525,0.10110614048761549,0.8396023532415111,2.059718095728166,1.988607362611974,1.8250656677920942,1,lublin,51.25,22.566667,147.45,2269.8,334681
2023-01-13,poznań,1.5888662870182622,1.8965462255015246,1.9615227020414572,1.3758925639983615,1.3758925639983615,1.4805156249128621,2.0825985851963793,0.8371963283176692,0.3125534059155168,1.3836422786515576,1.3768096672811314,-0.25558061523008474,-0.3219809097811529,-0.9059566619027192,0.08593193526365617,0.48767392369843476,-0.4385592409597613,-1.5593064693821908,-0.44623216808999144,-0.4471374250412996,-0.35369489685893296,3,poznan,52.408333,16.934167,261.91,2031.4,546859
2023-01-14,poznań,0.5837288716550393,1.1994862762718475,0.9071614590593126,0.9093856180367859,0.9093856180367859,1.1110365060959861,0.6700899185034782,-0.55115789643663,-0.4243505184002598,-0.7584482766922304,-0.24675163938020203,-0.25558061523008474,-0.3219809097811529,0.7464463436531799,0.8791080948266163,0.551929964619839,0.07445599819391842,0.9122965599876841,0.02833578025432474,0.07951009661346249,-0.35369489685893296,1,poznan,52.408333,16.934167,261.91,2031.4,546859
2023-01-15,poznań,0.4963256181451937,1.0501162871512022,0.8113104369700266,0.9093856180367859,0.9093856180367859,1.203406285800205,0.5086603565957182,-0.9150954116634833,-0.05589855624237147,1.2175350950384694,0.07827239560672856,-0.25558061523008474,-0.3219809097811529,1.053077829220254,1.0878386631326584,0.9408481070388637,0.06779346262049345,0.3307429060183021,-1.0307609825140884,-1.105446827109752,-0.35369489685893296,3,poznan,52.408333,16.934167,261.91,2031.4,546859
2023-01-16,poznań,-0.29030366344341546,-0.244423618561056,-0.29097631705676064,0.06967311530594941,0.06967311530594941,-0.6131993817161038,-0.7020613577124827,-0.7533454048959938,-0.39085488547681535,-1.2533092612062235,-0.5717756743671325,-0.25558061523008474,-0.3219809097811529,-0.139377947985034,0.12767804892486467,-0.7805374102766456,-3.170198826063769,0.47613131951064713,1.504126351325064,1.5277907811640579,1.8250656677920942,1,poznan,52.408333,16.934167,261.91,2031.4,546859
2023-01-17,poznań,-0.46511017046310654,-0.44358360405524955,-0.4826783612353323,-0.801139850488992,-0.801139850488992,-0.42845982230766566,-0.09670050055838232,0.7158838232420501,-0.4243505184002598,-0.5923410930791418,-0.24675163938020203,-0.25558061523008474,-0.3219809097811529,-1.5192196330368675,-1.5282511263030687,-1.1965107278204714,0.18771910294213262,-0.5173561726870471,-0.05847542980865993,0.013679156406617198,-0.35369489685893296,1,poznan,52.408333,16.934167,261.91,2031.4,546859
2023-01-18,poznań,-1.7761589731107887,-1.2900135424055723,-1.441188582128191,-1.3920486487069879,-1.3920486487069879,-1.4445273990540757,-0.5406317958047226,1.430279686465135,3.8630904958006225,-0.42969447579132586,0.07827239560672856,5.606459878770583,2.1197076560592563,0.013937794798502793,-0.12279863304238589,2.5472491300739653,0.9006104092985446,-1.9712403076105034,-1.0307609825140884,-0.9079540064892162,-1.4430751791844465,4,poznan,52.408333,16.934167,261.91,2031.4,546859
2023-01-19,poznań,-1.9509654801304794,-1.7879135061410563,-2.016294714663906,-1.8896560577326689,-1.8896560577326689,-2.0603259304155364,-1.5899239482051635,0.20367546847832904,-0.6253243159409261,-0.42969447579132586,-1.2210443102043342,-0.25558061523008474,4.655307320585836,0.0480079598615109,-0.665498110638095,0.41665408899583045,-2.7171464070709095,0.9365279622364087,1.805071879543411,1.7911145419914385,1.8250656677920942,5,poznan,52.408333,16.934167,261.91,2031.4,546859
2023-01-13,radom,1.1518500194690349,0.9007462980305571,0.9550869701039553,0.7849837657803655,0.7849837657803655,0.7723473138471826,0.9929490423189984,0.23063380293957794,-0.357359252553371,-0.10094067489042137,-0.24675163938020203,-0.25558061523008474,-0.3219809097811529,-1.8258511186039414,-0.37327531500963596,0.21035837866921758,0.6607591286552662,-0.3719677591947021,-1.082847708551879,-1.0396158869029066,-1.4430751791844465,2,radom,51.403611,21.156667,111.8,1872.1,209296
2023-01-14,radom,0.6711321251648849,0.30326634154797627,0.5237573707021692,0.8471846919085757,0.8471846919085757,0.8955070201194748,0.6297325280265381,-0.011991207211660096,-0.5918286830174817,-0.10094067489042137,-0.8960202752174037,-0.25558061523008474,-0.3219809097811529,0.13318337251903148,-0.5680905120952755,0.5823670366352411,-0.23868317375702902,0.9365279622364087,-0.7298154542957415,-0.7762921260755258,-0.35369489685893296,3,radom,51.403611,21.156667,111.8,1872.1,209296
2023-01-15,radom,0.1904142308607345,0.054316359680234294,0.5237573707021692,0.5983809873957353,0.5983809873957353,1.04945665295984,0.18580123278019792,-1.022928749508479,-0.4243505184002598,0.23127369233575584,-0.24675163938020203,-0.25558061523008474,-0.3219809097811529,0.8997620864367166,0.6842928977409768,0.4132721921052304,0.7873473045503294,0.8880651577389594,-1.2043834026400577,-1.171277767316597,-1.4430751791844465,2,radom,51.403611,21.156667,111.8,1872.1,209296
2023-01-16,radom,-0.11549715642372474,-0.09505362944041079,-0.003423250788903054,0.19407496756236972,0.19407496756236972,-0.2129303363311544,-0.17741528151226235,-0.18722038120977497,0.8484835326906272,-0.10094067489042137,1.0525650664308608,-0.25558061523008474,-0.3219809097811529,-0.2586235257055627,-0.470682913552456,-1.128872790008467,-0.05213217770114574,-0.5173561726870471,1.313141689186498,1.3302979605435217,0.7356853854665806,3,radom,51.403611,21.156667,111.8,1872.1,209296
2023-01-17,radom,0.5400272449001163,0.4526363306686216,0.6675339038360979,-0.14803012614278585,-0.14803012614278585,0.06417900278150288,0.6297325280265381,0.21715463570895252,-0.49134178424714847,-0.7584482766922304,-0.24675163938020203,-0.25558061523008474,-0.3219809097811529,-0.139377947985034,0.37815473089211527,-1.105199511774266,-0.17205781802278491,0.9365279622364087,0.14987147434250317,0.1453410368203075,0.7356853854665806,1,radom,51.403611,21.156667,111.8,1872.1,209296
2023-01-18,radom,1.6762695405281074,0.00452636330668597,0.5237573707021692,0.473979135139315,0.473979135139315,-0.2129303363311544,0.14544384230325785,-0.3894078896691387,0.5470228363796276,-1.0872020775931348,0.40251699645699945,-0.25558061523008474,-0.3219809097811529,1.1212181593462702,1.1852462616754775,-0.5336589372628295,0.2876571365434988,0.5730569285055447,-0.017963531779267128,0.013679156406617198,-0.35369489685893296,1,radom,51.403611,21.156667,111.8,1872.1,209296
2023-01-19,radom,-0.24660203668849287,-0.44358360405524955,-0.7223059164585469,-0.832240313553097,-0.832240313553097,-0.8595187942606881,-1.9934978529745635,-2.316928803648406,-0.6253243159409261,-0.9245554603053191,-1.2210443102043342,-0.25558061523008474,-0.3219809097811529,-0.5652550112726369,-0.582005883315678,0.25094114135641976,-0.951574480113441,0.9365279622364087,1.9844817136735795,1.988607362611974,1.8250656677920942,1,radom,51.403611,21.156667,111.8,1872.1,209296
2023-01-13,rzeszów,0.27781748437058,0.6020063197892667,0.5716828817468119,0.34957728288289497,0.34957728288289497,0.06417900278150288,0.347230794687958,-0.1467828795179026,-0.4243505184002598,1.3836422786515576,-0.5717756743671325,-0.25558061523008474,-0.3219809097811529,0.13318337251903148,1.9366763075772297,0.048027327920406926,0.3942577057182899,-1.4866122626360183,-1.3201316827240372,-1.3687705879371328,-1.4430751791844465,2,rzeszow,50.033611,22.004722,129.01,1539.0,198609
2023-01-14,rzeszów,0.4963256181451937,0.4028463342950731,0.3320553265235973,0.9093856180367859,0.9093856180367859,0.7107674607110366,0.38758818516489807,0.5810921509358077,-0.5583330500940373,0.7261346768497488,-0.5717756743671325,-0.25558061523008474,-0.3219809097811529,0.47388502314911374,0.2807471323492957,0.08522819371700908,-0.7516984129107087,0.7911395487440628,-0.31312164599341513,-0.315475544627609,-0.35369489685893296,3,rzeszow,50.033611,22.004722,129.01,1539.0,198609
2023-01-15,rzeszów,0.1467126041058119,0.15389635242733116,0.1882787933896686,0.2873763567546848,0.2873763567546848,0.7723473138471826,0.024371670872437783,-0.578116230897877,-0.49134178424714847,1.0548884777506533,-0.5717756743671325,-0.25558061523008474,-0.3219809097811529,2.4329195142720867,3.035990633989051,0.07170060615460899,0.9738983006062136,-0.0327281277125619,0.09778474830471244,0.1453410368203075,0.7356853854665806,2,rzeszow,50.033611,22.004722,129.01,1539.0,198609
2023-01-16,rzeszów,-0.4214085437081836,0.00452636330668597,-0.19512529496747472,-0.5523361459761515,-0.5523361459761515,-0.2129303363311544,0.427945575641838,1.2954880141588925,-0.45784615132370415,1.0548884777506533,-0.5717756743671325,-0.25558061523008474,-0.3219809097811529,-0.2586235257055627,-0.665498110638095,-1.2438572842888744,0.9805608361796377,-0.7596701951742898,-0.7703273523251343,-0.7762921260755258,-0.35369489685893296,4,rzeszow,50.033611,22.004722,129.01,1539.0,198609
2023-01-17,rzeszów,0.1467126041058119,0.8509563016570086,0.5716828817468119,-0.4590347567838364,-0.4590347567838364,-0.08977063005886228,0.427945575641838,0.028446294480214185,-0.357359252553371,-1.419416444819312,0.40251699645699945,-0.25558061523008474,-0.3219809097811529,0.3801920692258416,1.1295847767938665,-0.8109744822920477,0.5541585594804751,0.7426767442466143,-1.0018239124930934,-0.9737849466960614,-1.4430751791844465,0,rzeszow,50.033611,22.004722,129.01,1539.0,198609
2023-01-18,rzeszów,1.6762695405281074,0.15389635242733116,1.3864165695057418,0.4117782090111051,0.4117782090111051,0.5260279013025984,0.5490177470726582,-0.9690120805859811,-0.2903679867064822,-0.9245554603053191,0.07827239560672856,-0.25558061523008474,-0.3219809097811529,2.1603581937680207,2.3402220729689107,-0.4389658243260241,0.054468391473644434,0.4276685150131988,0.3813680345104623,0.3428338574408434,-0.35369489685893296,1,rzeszow,50.033611,22.004722,129.01,1539.0,198609
2023-01-19,rzeszów,-0.5088117972180292,-0.7921135786700884,-0.674380405413904,-1.1121444811300425,-1.1121444811300425,-0.6131993817161038,-0.29848745294308243,0.62152965262768,0.7145010009968494,-0.5923410930791418,0.07827239560672856,0.37249515198427247,0.0536634849635255,-1.1785179824067853,-0.8185671940625261,-0.9056675952288531,0.8339850535643005,-0.5173561726870471,1.7529851535056202,1.593621721370903,1.8250656677920942,0,rzeszow,50.033611,22.004722,129.01,1539.0,198609
2023-01-13,suwałki,-0.24660203668849287,0.8011663052834601,0.3320553265235973,0.34957728288289497,0.34957728288289497,0.34128834189416013,1.1543786042267585,1.5650713587713776,-0.189881087936149,1.3836422786515576,0.40251699645699945,-0.25558061523008474,-0.3219809097811529,-0.9059566619027192,-0.9716362774869567,-0.05004768190699948,0.8206599824174515,0.4276685150131988,-1.3201316827240372,-1.3687705879371328,-1.4430751791844465,2,suwalki,54.101111,22.9325,65.5,1062.1,69575
2023-01-14,suwałki,-0.2029004099335699,0.5522163234157182,0.14035328234502564,0.4117782090111051,0.4117782090111051,0.5876077544387445,0.8315194804112384,0.9180713317014139,-0.5583330500940373,0.8887812941375648,-0.5717756743671325,-0.25558061523008474,-0.3219809097811529,0.07356058365876743,-0.8185671940625261,0.34225235740262616,0.0478058559002204,0.9365279622364087,-0.6024923462033639,-0.57879930545499,-0.35369489685893296,3,suwalki,54.101111,22.9325,65.5,1062.1,69575
2023-01-15,suwałki,-0.5525134239729521,0.30326634154797627,-0.003423250788903054,0.1629745044982645,0.1629745044982645,0.6183976810068174,0.427945575641838,0.5810921509358077,0.3460490388389612,1.2175350950384694,-0.24675163938020203,-0.15090132069435852,-0.3219809097811529,1.0275252054229975,0.43381621577372625,-0.009464919219796334,0.9472481583125156,-0.05695952996128651,-1.3027694407114403,-1.3687705879371328,-1.4430751791844465,2,suwalki,54.101111,22.9325,65.5,1062.1,69575
2023-01-16,suwałki,-0.6399166774827975,-0.5431635968023464,-0.8181569385478329,0.038572652241844474,0.038572652241844474,-0.767149014556469,-0.6617039672355427,0.05540462894146115,-0.5918286830174817,0.23127369233575584,-0.8960202752174037,-0.25558061523008474,-0.3219809097811529,-0.5652550112726369,-0.7211595955197061,0.031117843467405853,-0.6784105216030406,0.9365279622364087,1.0816451290185387,1.1328051399229861,0.7356853854665806,5,suwalki,54.101111,22.9325,65.5,1062.1,69575
2023-01-17,suwałki,-0.6399166774827975,-0.14484362581395924,-0.4826783612353323,-0.9255417027454121,-0.9255417027454121,-0.736359087988396,0.306873404211018,1.551592191540754,0.2790577729920725,0.23127369233575584,2.676126373092194,0.1631365629128201,-0.1341587124088137,0.07356058365876743,-0.5680905120952755,-2.288863423484341,0.9539106938859397,-1.753157687371985,-1.0886351225560782,-1.0396158869029066,-1.4430751791844465,4,suwalki,54.101111,22.9325,65.5,1062.1,69575
2023-01-18,suwałki,0.5400272449001163,0.054316359680234294,0.23620430443431137,-0.272431978399206,-0.272431978399206,-0.2129303363311544,0.18580123278019792,0.09584213063333544,-0.22337672085959343,-0.10094067489042137,-0.24675163938020203,-0.25558061523008474,-0.22806981109498328,0.5675779770723866,0.37815473089211527,-1.4839719635214896,0.9205980160188176,0.9365279622364087,-1.111784778572874,-1.171277767316597,-1.4430751791844465,2,suwalki,54.101111,22.9325,65.5,1062.1,69575
2023-01-19,suwałki,-1.2954410788066384,-1.2402235460320237,-1.2974120489942622,-1.9518569838608788,-1.9518569838608788,-1.5368971787582948,-2.154927414882324,-1.899074619499055,-0.5583330500940373,-0.7584482766922304,-0.5717756743671325,-0.25558061523008474,-0.3219809097811529,0.0480079598615109,-0.19237548914439992,0.27799631648122186,-2.0375677785816197,0.9365279622364087,1.2784172051613039,1.2644670203366766,0.7356853854665806,1,suwalki,54.101111,22.9325,65.5,1062.1,69575
2023-01-13,szczecin,1.9384793010576444,2.1454962073692667,2.201150257264671,1.624696268511202,1.624696268511202,1.6036753311851544,1.9615264137655593,0.24411297017020142,-0.15638545501270465,1.3836422786515576,1.3768096672811314,-0.25558061523008474,-0.3219809097811529,-0.2586235257055627,0.37815473089211527,0.24417734757521972,-0.7117231994701626,-1.6562320783770879,-0.4346573400815935,-0.3813064848344543,-0.35369489685893296,3,szczecin,53.438056,14.542222,300.55,1319.2,396472
2023-01-14,szczecin,0.7148337519198074,1.7969662327544282,1.1947145253271698,0.9093856180367859,0.9093856180367859,1.234196212368278,1.0333064327959385,-0.16026204674852607,0.9489704314609603,1.3836422786515576,1.701833702268062,-0.25558061523008474,-0.3219809097811529,0.8401392975764526,0.7260390114021853,0.4809101299172347,0.7940098401237544,0.4034371127644742,-0.46359441010258845,-0.4471374250412996,-0.35369489685893296,2,szczecin,53.438056,14.542222,300.55,1319.2,396472
2023-01-15,szczecin,0.40892236463534815,1.2990662690189443,0.9071614590593126,0.8471846919085757,0.8471846919085757,1.203406285800205,0.306873404211018,-0.9959704150472299,0.2790577729920725,1.3836422786515576,0.07827239560672856,-0.25558061523008474,-0.3219809097811529,1.3000865259270635,0.9765156933694354,1.0659782919910712,-0.11875753343538983,0.18535449252595615,-0.09898732783805274,-0.0521517838002281,-0.35369489685893296,3,szczecin,53.438056,14.542222,300.55,1319.2,396472
2023-01-16,szczecin,-0.15919878317864733,0.054316359680234294,-0.051348761833546024,0.3184768198187898,0.3184768198187898,-0.42845982230766566,-0.5002744053277826,-0.8207412410491151,-0.6253243159409261,-1.582063062107128,-1.2210443102043342,-0.25558061523008474,-0.3219809097811529,0.41426223428884973,0.12767804892486467,-0.7264270600270423,-0.6450978437359185,0.9365279622364087,1.24369272113611,1.1328051399229861,0.7356853854665806,1,szczecin,53.438056,14.542222,300.55,1319.2,396472
2023-01-17,szczecin,-0.9021264380123339,-0.9414835677907335,-1.0098589827264046,-1.1121444811300425,-1.1121444811300425,-0.8595187942606881,-0.5002744053277826,0.742842157703299,-0.5918286830174817,-1.582063062107128,-0.8960202752174037,-0.25558061523008474,-0.3219809097811529,-0.7185707540561742,-1.0690438760297762,-1.5211728293180926,-1.1181378694490511,0.8880651577389594,0.2424700984096869,0.2111719770271528,-0.35369489685893296,1,szczecin,53.438056,14.542222,300.55,1319.2,396472
2023-01-18,szczecin,-1.3828443323164838,-1.1904335496584755,-1.3453375600389048,-0.7078384612966767,-0.7078384612966767,-0.736359087988396,-1.065277872004943,0.23063380293957794,-0.4243505184002598,-0.9245554603053191,-0.5717756743671325,-0.04622202615863231,-0.22806981109498328,-1.0677899459520082,-1.723066323388708,1.2384550334116828,0.9805608361796377,0.1368916880285078,-0.573555276182369,-0.4471374250412996,-0.35369489685893296,0,szczecin,53.438056,14.542222,300.55,1319.2,396472
2023-01-19,szczecin,-1.4702475858263293,-1.1904335496584755,-1.3453375600389048,-1.9829574469249835,-1.9829574469249835,-1.4137374724860026,-0.8231335291433028,0.6889254887808013,-0.4243505184002598,-1.2533092612062235,-0.24675163938020203,0.2678158574485463,0.14757458364969506,-0.5056322224123728,-0.8742286789441371,0.7345523967122508,0.6740841998021153,-0.3961991614434259,0.016760952245926823,0.013679156406617198,-0.35369489685893296,0,szczecin,53.438056,14.542222,300.55,1319.2,396472
2023-01-13,szczecinek,1.1081483927141123,1.2492762726453956,1.242640036371813,1.1581893225496263,1.1581893225496263,1.04945665295984,1.5175951185192187,0.7832796593951714,-0.08939418916581582,1.3836422786515576,0.40251699645699945,-0.25558061523008474,-0.3219809097811529,-1.042237322154752,-0.22020623158520541,0.4775282330266347,-0.14540767572908786,0.039966079033610206,-0.585130104190767,-0.5129683652481447,-0.35369489685893296,3,szczecinek,53.720833,16.686111,48.48,819.0,39705
2023-01-14,szczecinek,0.10301097735088895,0.8509563016570086,0.475831859657526,0.6294814504598403,0.6294814504598403,0.8031372404152556,0.7508046994573584,0.3384671407845715,-0.4243505184002598,0.8887812941375648,0.07827239560672856,-0.25558061523008474,-0.3219809097811529,0.6612709309956593,0.2250856474676842,0.5012015112608358,0.6940718065223883,0.9122965599876841,-0.2841845759724202,-0.18381366421391854,0.7356853854665806,2,szczecinek,53.720833,16.686111,48.48,819.0,39705
2023-01-15,szczecinek,0.10301097735088895,0.5024263270421697,0.23620430443431137,0.6294814504598403,0.6294814504598403,0.8031372404152556,0.347230794687958,-0.2411370501322708,0.11157960837485055,1.3836422786515576,0.07827239560672856,-0.25558061523008474,-0.3219809097811529,0.7805165087161879,0.37815473089211527,0.9780489728354659,0.5474960239070511,-0.10542233445873486,-0.6024923462033639,-0.5129683652481447,-0.35369489685893296,2,szczecinek,53.720833,16.686111,48.48,819.0,39705
2023-01-16,szczecinek,-0.7710215577475656,-0.6427435895494431,-0.5306038722799753,-0.08582920001457583,-0.08582920001457583,-0.767149014556469,-0.8634909196202428,-0.7533454048959938,-0.6253243159409261,-1.7481702457202164,-1.2210443102043342,-0.25558061523008474,-0.3219809097811529,0.2268763264423042,-0.025391034499565875,-0.3138356393738156,-0.998212229127412,0.9365279622364087,0.8617233968589777,0.8694813790956052,0.7356853854665806,1,szczecinek,53.720833,16.686111,48.48,819.0,39705
2023-01-17,szczecinek,-1.0769329450320249,-1.0410635605378302,-1.0098589827264046,-1.2054458703223576,-1.2054458703223576,-0.8595187942606881,-0.2177726719892024,1.3763630175426391,-0.4243505184002598,-1.2533092612062235,0.07827239560672856,-0.15090132069435852,-0.3219809097811529,-0.7526409191191823,-1.4169281565398462,-1.7139409520823046,-0.09210739114169181,-0.5658189771844964,-0.23788526393882836,-0.18381366421391854,-0.35369489685893296,1,szczecinek,53.720833,16.686111,48.48,819.0,39705
2023-01-18,szczecinek,-1.8635622266206338,-1.1904335496584755,-1.5849651152621198,-1.5475509640275131,-1.5475509640275131,-1.2905777662137106,-0.6617039672355427,1.3898421847732627,2.3557870142456245,-0.5923410930791418,0.07827239560672856,3.722232577127511,0.8988633731390518,-0.2586235257055627,-0.470682913552456,2.523575851839764,0.9205980160188176,-1.365455251392397,-0.6835161422621496,-0.6446302456618352,-0.35369489685893296,0,szczecinek,53.720833,16.686111,48.48,819.0,39705
2023-01-19,szczecinek,-2.038368733640325,-1.6883335133939594,-1.9683692036192633,-2.51166531901477,-2.51166531901477,-1.9987460772793904,-1.186350043435763,0.9315504989320373,-0.25687235378303774,-0.5923410930791418,0.40251699645699945,0.4771744465199987,3.4344630376656307,-0.2926936907685714,-0.7768210804013176,0.6939696340250476,0.2809946009700747,-1.2685296423974997,0.213533028388692,0.2111719770271528,-0.35369489685893296,1,szczecinek,53.720833,16.686111,48.48,819.0,39705
2023-01-13,warszawa,1.5451646602633395,2.0957062109957185,1.5301931026396705,1.095988396421416,1.095988396421416,1.234196212368278,1.436880337565339,0.2845504718620738,-0.08939418916581582,1.3836422786515576,0.7275410314439301,-0.25558061523008474,-0.3219809097811529,-1.5532897980998757,-1.1664514745725962,-0.13459510417200485,0.22103178080925467,-1.6562320783770879,-0.6835161422621496,-0.7104611858686805,-0.35369489685893296,3,warszawa,52.232222,21.008333,512.24,3597.0,1860281
2023-01-14,warszawa,0.5837288716550393,0.6517963161628151,0.6196083927914551,0.8471846919085757,0.8471846919085757,0.9878767998236938,0.5893751375495981,-0.5107203947447558,-0.5918286830174817,0.39392030962357183,-0.8960202752174037,-0.25558061523008474,-0.3219809097811529,0.2864991153025689,-0.665498110638095,0.5722213459634401,-0.245345709330454,0.9365279622364087,-0.48674406611938437,-0.57879930545499,-0.35369489685893296,3,warszawa,52.232222,21.008333,512.24,3597.0,1860281
2023-01-15,warszawa,0.8459386321845755,0.5024263270421697,0.9550869701039553,1.1581893225496263,1.1581893225496263,1.3573559186405701,0.38758818516489807,-0.9285745788941087,-0.189881087936149,0.8887812941375648,-0.24675163938020203,-0.25558061523008474,-0.3219809097811529,1.1212181593462702,0.47556232943493476,0.4910558205890348,0.7673596978300564,0.08842888353105942,-1.3027694407114403,-1.3687705879371328,-1.4430751791844465,2,warszawa,52.232222,21.008333,512.24,3597.0,1860281
2023-01-16,warszawa,-0.15919878317864733,0.30326634154797627,0.14035328234502564,0.38067774594699993,0.38067774594699993,-0.05898070349078926,-0.6617039672355427,-1.2925120941209638,-0.022402923318927053,-0.2635872921782374,0.07827239560672856,-0.25558061523008474,-0.3219809097811529,-0.5652550112726369,-0.7211595955197061,-0.6655529159962381,-0.06545724884799474,0.06419748128233481,1.2263304791235132,1.066974199716141,0.7356853854665806,3,warszawa,52.232222,21.008333,512.24,3597.0,1860281
2023-01-17,warszawa,0.4963256181451937,0.8011663052834601,0.7633849259253838,0.13187404143415957,0.13187404143415957,0.40286819503030624,0.6700899185034782,0.1632379667864567,-0.22337672085959343,-0.2635872921782374,1.0525650664308608,-0.25558061523008474,-0.3219809097811529,-0.7185707540561742,-1.2777744443358183,-1.5110271386462917,0.8939478737251206,0.3792057105157504,0.2251078563970899,0.2770029172339981,0.7356853854665806,2,warszawa,52.232222,21.008333,512.24,3597.0,1860281
2023-01-18,warszawa,1.9384793010576444,0.15389635242733116,0.6196083927914551,0.8471846919085757,0.8471846919085757,0.03338907621342985,0.14544384230325785,-0.5915953981285025,0.7479966339202937,-0.5923410930791418,0.7275410314439301,-0.25558061523008474,-0.3219809097811529,0.41426223428884973,0.47556232943493476,-0.5539503186064306,0.6807467353755393,0.5488255262568201,-0.5504056201655732,-0.6446302456618352,-0.35369489685893296,0,warszawa,52.232222,21.008333,512.24,3597.0,1860281
2023-01-19,warszawa,-0.3340052901983384,-0.3937936076817012,-0.5785293833246182,-1.0499435550018323,-1.0499435550018323,-0.767149014556469,-2.9620752244211244,-3.867033035170195,-0.5918286830174817,-1.0872020775931348,-0.8960202752174037,-0.25558061523008474,-0.3219809097811529,-0.4800795986151163,-0.6237519969768865,0.4606187485736336,-2.2574314525046253,0.9365279622364087,1.7182606694804263,1.593621721370903,1.8250656677920942,1,warszawa,52.232222,21.008333,512.24,3597.0,1860281
2023-01-13,wrocław,2.462898822116717,1.8965462255015246,2.4407778124878856,2.308906455921513,2.308906455921513,2.0039443765701037,1.436880337565339,-1.0364079167391023,1.2504311277719595,1.3836422786515576,2.676126373092194,-0.25558061523008474,-0.3219809097811529,-1.5532897980998757,-0.41502142867084446,0.8224817158678561,-0.265333316050727,-1.6077692738796396,-0.7934770083419302,-0.7762921260755258,-0.35369489685893296,3,wroclaw,51.11,17.022222,292.82,2298.0,672929
2023-01-14,wrocław,1.3266565264887258,0.9007462980305571,0.9550869701039553,1.2203902486778364,1.2203902486778364,1.172616359232132,0.427945575641838,-1.1172829201228471,-0.5583330500940373,-1.9108168630080324,-0.8960202752174037,-0.25558061523008474,-0.3219809097811529,1.087147994283262,0.9347695797082274,0.4065083983240294,-0.1853828891696339,0.9365279622364087,1.2784172051613039,1.1986360801298315,1.8250656677920942,1,wroclaw,51.11,17.022222,292.82,2298.0,672929
2023-01-15,wrocław,1.1955516462239573,0.9505362944041055,1.242640036371813,1.4069930270624664,1.4069930270624664,1.5113055514809355,0.4683029661187781,-1.1711995890453448,-0.4243505184002598,0.23127369233575584,-0.8960202752174037,-0.25558061523008474,-0.3219809097811529,1.9729722859214764,2.381968186630119,0.8123360251960552,0.3143072788371968,0.4518999172619234,-0.7298154542957415,-0.7762921260755258,-0.35369489685893296,3,wroclaw,51.11,17.022222,292.82,2298.0,672929
2023-01-16,wrocław,-0.46511017046310654,-0.09505362944041079,-0.3389018281014036,0.0074721891777393985,0.0074721891777393985,-0.42845982230766566,-0.7020613577124827,-0.7129079032041196,-0.5248374171705928,-1.2533092612062235,-0.5717756743671325,-0.25558061523008474,-0.3219809097811529,0.13318337251903148,-0.31761383012802497,-1.2675305625230766,0.480870668172807,0.20958589477468076,0.6938883907372071,0.6719885584750696,0.7356853854665806,0,wroclaw,51.11,17.022222,292.82,2298.0,672929
2023-01-17,wrocław,-0.4214085437081836,-0.34400361130815277,-0.3868273391460466,-0.7389389243607819,-0.7389389243607819,-0.33609004260344655,-0.2177726719892024,0.2980296390926992,-0.45784615132370415,-0.42969447579132586,0.07827239560672856,-0.25558061523008474,-0.3219809097811529,-1.8854739074642057,-1.5282511263030687,-1.2201840060546734,0.3143072788371968,-0.3961991614434259,0.35821837849366645,0.4086647976476887,0.7356853854665806,5,wroclaw,51.11,17.022222,292.82,2298.0,672929
2023-01-18,wrocław,-2.0820703603952477,-2.0866534843823463,-1.8245926704853344,-1.6408523532198283,-1.6408523532198283,-1.6600568850305868,-0.7424187481894228,1.7672588672307412,6.207784800441729,-0.2635872921782374,2.676126373092194,7.804725064020833,4.843129517958175,-0.44600943355210815,-0.526344398434067,2.435646532684158,0.7273844843895103,-3.3766616380365106,-0.6835161422621496,-0.57879930545499,-1.4430751791844465,4,wroclaw,51.11,17.022222,292.82,2298.0,672929
2023-01-19,wrocław,-1.8198605998657111,-3.032663415479766,-2.5914008471996213,-2.107359299181404,-2.107359299181404,-2.1834856366878284,-2.316356976790084,-0.22765788290164732,-0.6253243159409261,-1.2533092612062235,-1.2210443102043342,-0.25558061523008474,6.157884899564549,0.8401392975764526,0.2250856474676842,0.1427204408572133,-1.2847012587846616,0.9365279622364087,2.383813279963309,2.3835930038530457,1.8250656677920942,1,wroclaw,51.11,17.022222,292.82,2298.0,672929
2023-01-13,łomża,0.10301097735088895,1.0999062835247506,0.6196083927914551,0.5983809873957353,0.5983809873957353,0.4952379747345253,1.1947359947036986,1.2415713452363966,-0.08939418916581582,1.3836422786515576,0.7275410314439301,-0.25558061523008474,-0.3219809097811529,-1.331833725190322,-0.41502142867084446,-0.056811475688199525,0.7407095555363593,0.4518999172619234,-1.2796197846946444,-1.3687705879371328,-1.4430751791844465,2,lomza,53.176389,22.073056,32.67,1915.3,62573
2023-01-14,łomża,0.059309350595966356,0.6020063197892667,0.3320553265235973,0.5983809873957353,0.5983809873957353,0.7107674607110366,0.7911620899342983,0.7293629904726736,-0.45784615132370415,0.39392030962357183,-0.5717756743671325,-0.25558061523008474,-0.3219809097811529,0.7208937198559239,0.08593193526365617,0.43694547033943154,-0.265333316050727,0.9365279622364087,-0.579342690186568,-0.57879930545499,-0.35369489685893296,3,lomza,53.176389,22.073056,32.67,1915.3,62573
2023-01-15,łomża,-0.2029004099335699,0.3530563379215247,0.28412981547895455,0.4117782090111051,0.4117782090111051,0.8339271669833287,0.5490177470726582,0.23063380293957794,-0.05589855624237147,1.3836422786515576,-0.24675163938020203,-0.25558061523008474,-0.3219809097811529,1.3597093147873283,1.5887920270671596,0.16977561598201443,0.7007343420958123,-0.15388513895618322,-1.3201316827240372,-1.3687705879371328,-1.4430751791844465,2,lomza,53.176389,22.073056,32.67,1915.3,62573
2023-01-16,łomża,-0.6836183042377202,-0.5431635968023464,-0.5785293833246182,0.038572652241844474,0.038572652241844474,-0.736359087988396,-0.6213465767586026,-0.2815745518241451,-0.5583330500940373,0.39392030962357183,-0.8960202752174037,-0.25558061523008474,-0.3219809097811529,-0.10530778292202589,-0.16454474670359392,-0.24957959845241134,-0.5917975591485225,0.694213939749166,1.2610549631487071,1.2644670203366766,0.7356853854665806,3,lomza,53.176389,22.073056,32.67,1915.3,62573
2023-01-17,łomża,-0.11549715642372474,0.10410635605378273,-0.003423250788903054,-0.7389389243607819,-0.7389389243607819,-0.5208296020118847,0.427945575641838,0.9585088333932863,0.21206650714518366,0.39392030962357183,1.701833702268062,-0.15090132069435852,-0.3219809097811529,0.2268763264423042,0.1833395338064762,-2.1434418571885314,0.8806228025782715,-0.5415875749357718,-0.6835161422621496,-0.6446302456618352,-0.35369489685893296,4,lomza,53.176389,22.073056,32.67,1915.3,62573
2023-01-18,łomża,1.501463033508417,0.10410635605378273,0.42790634861288324,0.38067774594699993,0.38067774594699993,-0.2745101894673005,0.38758818516489807,0.1362796323252078,0.04458834252796171,-0.42969447579132586,0.07827239560672856,-0.25558061523008474,-0.3219809097811529,0.814586673779196,1.2269923753366865,-1.0172701926186605,0.9205980160188176,0.3792057105157504,-0.8282014923671241,-0.7762921260755258,-0.35369489685893296,4,lomza,53.176389,22.073056,32.67,1915.3,62573
2023-01-19,łomża,-1.1206345717869477,-1.0410635605378302,-1.2015610269049761,-1.9518569838608788,-1.9518569838608788,-1.598477031894441,-2.397071757743964,-2.397803807032152,-0.5918286830174817,-0.7584482766922304,-0.8960202752174037,-0.15090132069435852,-0.3219809097811529,0.0480079598615109,0.6703775265205744,0.3490161511838262,-3.016960507875008,0.9365279622364087,1.5620004913670538,1.7252836017845934,0.7356853854665806,1,lomza,53.176389,22.073056,32.67,1915.3,62573
2023-01-13,piotrków trybunalski,1.5888662870182622,1.8965462255015246,1.4822675915950276,1.1270888594855213,1.1270888594855213,1.234196212368278,1.4772377280422788,0.4463004786295652,-0.25687235378303774,1.3836422786515576,0.40251699645699945,-0.25558061523008474,-0.3219809097811529,-1.5788424218971318,0.33640861723090676,0.29828769782482295,0.44089545473226094,-1.4866122626360183,-0.9323749444427057,-0.9079540064892162,-1.4430751791844465,2,piotrkow_trybunalski,51.406667,19.695556,67.3,1074.5,72250
2023-01-14,piotrków trybunalski,0.40892236463534815,0.6020063197892667,0.5237573707021692,0.7849837657803655,0.7849837657803655,0.8955070201194748,0.5490177470726582,-0.18722038120977497,-0.6253243159409261,-0.7584482766922304,-1.2210443102043342,-0.25558061523008474,-0.3219809097811529,0.7805165087161879,0.47556232943493476,0.5958946241976422,0.06779346262049345,0.9365279622364087,0.1614463023509013,0.2111719770271528,0.7356853854665806,1,piotrkow_trybunalski,51.406667,19.695556,67.3,1074.5,72250
2023-01-15,piotrków trybunalski,0.6274304984099619,0.4028463342950731,0.9071614590593126,1.002687007229101,1.002687007229101,1.2957760655044241,0.38758818516489807,-0.6455120670509983,-0.4243505184002598,1.0548884777506533,-0.5717756743671325,-0.25558061523008474,-0.3219809097811529,2.0411126160474926,2.2845605880872997,0.8901196536798605,0.7540346266832074,0.694213939749166,-1.2159582306484555,-1.2371087075234424,-1.4430751791844465,2,piotrkow_trybunalski,51.406667,19.695556,67.3,1074.5,72250
2023-01-16,piotrków trybunalski,-0.37770691695326103,-0.5431635968023464,-0.3868273391460466,0.10077357837005449,0.10077357837005449,-0.5516195285799578,-0.4599170148508426,-0.16026204674852607,-0.5918286830174817,-0.5923410930791418,-0.8960202752174037,-0.25558061523008474,-0.3219809097811529,-0.44600943355210815,-0.526344398434067,-1.0578529553058627,0.9605732294593646,-0.0327281277125619,0.722825460758202,0.8036504388887599,0.7356853854665806,0,piotrkow_trybunalski,51.406667,19.695556,67.3,1074.5,72250
2023-01-17,piotrków trybunalski,-0.46511017046310654,-0.09505362944041079,-0.3868273391460466,0.1629745044982645,0.1629745044982645,-0.24372026289922744,0.024371670872437783,0.7563213249339226,0.44653593760929444,-0.42969447579132586,0.7275410314439301,-0.25558061523008474,-0.3219809097811529,-0.6930181302589177,-1.1664514745725962,-0.635115843980836,0.8872853381516956,-0.4931247704383234,0.213533028388692,0.1453410368203075,0.7356853854665806,4,piotrkow_trybunalski,51.406667,19.695556,67.3,1074.5,72250
2023-01-18,piotrków trybunalski,0.32151911112550263,-0.6925335859229915,-0.6264548943692613,-0.6456375351684667,-0.6456375351684667,-1.1366281333733452,-0.09670050055838232,0.9854671678545351,1.9538394191642918,-0.42969447579132586,1.701833702268062,0.581853741055725,-0.04024761372264413,0.8742094626394606,1.5331305421855477,-0.1244494135002038,0.3143072788371968,-0.6869759884281177,-0.6661539002495527,-0.57879930545499,-1.4430751791844465,5,piotrkow_trybunalski,51.406667,19.695556,67.3,1074.5,72250
2023-01-19,piotrków trybunalski,-0.8147231845024884,-1.140643553284927,-1.3453375600389048,-1.454249574835198,-1.454249574835198,-1.4137374724860026,-2.5988587101286638,-2.5460746465690187,-0.6253243159409261,-0.42969447579132586,-1.2210443102043342,-0.25558061523008474,-0.1341587124088137,0.2864991153025689,-0.31761383012802497,0.7041153246968487,-0.7716860196309817,0.8396023532415111,2.0712929237365643,2.18610018323251,1.8250656677920942,5,piotrkow_trybunalski,51.406667,19.695556,67.3,1074.5,72250
2023-01-13,mława,0.8459386321845755,1.4982262545131375,1.242640036371813,0.7538833027162606,0.7538833027162606,0.8339271669833287,2.0825985851963793,2.0503213790738517,0.5470228363796276,1.3836422786515576,1.3768096672811314,-0.25558061523008474,-0.3219809097811529,-1.36590389025333,-0.526344398434067,-0.15826838240620594,0.7473720911097834,-2.2620171345951947,-1.2622575426820475,-1.3029396477302875,-1.4430751791844465,2,mlawa,53.127222,20.3575,34.8,968.0,33700
2023-01-14,mława,0.10301097735088895,0.7513763089099117,0.28412981547895455,0.6294814504598403,0.6294814504598403,0.6799775341429635,0.7508046994573584,0.45977964586018866,-0.5583330500940373,-0.7584482766922304,-0.5717756743671325,-0.25558061523008474,-0.3219809097811529,0.6612709309956593,0.43381621577372625,0.524874789495037,-0.10543246228854082,0.9365279622364087,0.010973538241727763,0.013679156406617198,0.7356853854665806,1,mlawa,53.127222,20.3575,34.8,968.0,33700
2023-01-15,mława,0.10301097735088895,0.5522163234157182,0.5237573707021692,0.6294814504598403,0.6294814504598403,0.9570868732556208,0.6297325280265381,-0.02547037444228358,-0.45784615132370415,1.3836422786515576,-0.5717756743671325,-0.25558061523008474,-0.3219809097811529,1.5811653876968812,1.6305381407283677,0.6330954899942444,0.8672977314314225,0.2580486992721291,-1.3027694407114403,-1.3687705879371328,-1.4430751791844465,2,mlawa,53.127222,20.3575,34.8,968.0,33700
2023-01-16,mława,-0.8584248112574111,-0.7921135786700884,-0.674380405413904,-0.08582920001457583,-0.08582920001457583,-0.8903087208287611,-0.7424187481894228,-0.22765788290164732,-0.39085488547681535,-0.2635872921782374,-0.8960202752174037,-0.25558061523008474,-0.3219809097811529,0.3801920692258416,0.43381621577372625,-0.30368994870201554,-0.49852206112058134,0.694213939749166,0.9658968489345592,1.066974199716141,0.7356853854665806,5,mlawa,53.127222,20.3575,34.8,968.0,33700
2023-01-17,mława,0.059309350595966356,0.10410635605378273,0.23620430443431137,-0.36573336759152125,-0.36573336759152125,-0.18214040976308138,0.6297325280265381,1.0259046695464076,0.5135272034561832,-0.2635872921782374,2.676126373092194,-0.15090132069435852,-0.3219809097811529,-0.41193926848910006,-0.31761383012802497,-1.7714331992225076,0.9805608361796377,-0.5658189771844964,0.2251078563970899,0.2770029172339981,0.7356853854665806,4,mlawa,53.127222,20.3575,34.8,968.0,33700
2023-01-18,mława,0.5400272449001163,-0.4933736004287979,-0.14719978392283195,-0.272431978399206,-0.272431978399206,-0.6439893082841768,0.427945575641838,1.2146130107751478,1.1499442290016264,-0.2635872921782374,1.3768096672811314,-0.15090132069435852,-0.3219809097811529,0.47388502314911374,1.1852462616754775,-0.6148244626372349,0.8139974468440275,-0.6627445861793931,-1.129147020585471,-1.171277767316597,-1.4430751791844465,4,mlawa,53.127222,20.3575,34.8,968.0,33700
2023-01-19,mława,-1.3828443323164838,-1.2402235460320237,-1.5370396042174768,-2.1695602253096142,-2.1695602253096142,-1.814006517870952,-2.437429148220904,-2.0743037934971698,-0.5918286830174817,-0.7584482766922304,-0.8960202752174037,-0.25558061523008474,-0.3219809097811529,0.13318337251903148,0.39207010211251825,0.4504730579018326,-2.1041931343158637,0.8638337554902357,1.538850835350258,1.4619598409572123,0.7356853854665806,1,mlawa,53.127222,20.3575,34.8,968.0,33700
